Iteration,Timestep,FromStratumID,FromSecondaryStratumID,FromTertiaryStratumID,FromStateClassID,FromAgeMin,FromStockTypeID,ToStratumID,ToStateClassID,ToAgeMin,ToStockTypeID,TransitionGroupID,StateAttributeTypeID,FlowTypeID,TargetType,Multiplier,TransferToStratumID,TransferToSecondaryStratumID,TransferToTertiaryStratumID,TransferToStateClassID,TransferToAgeMin
,,,,,Agriculture:All,,Atmosphere,,,,Biomass: Coarse Root,,NPP,Net Growth Wetland Forested: Atmosphere -> Coarse Roots,,1,,,,,
,,,,,Agriculture:All,,Atmosphere,,,,Biomass: Fine Root,,NPP,Net Growth Wetland Forested: Atmosphere -> Fine Roots,,1,,,,,
,,,,,Agriculture:All,,Atmosphere,,,,Biomass: Foliage,,NPP,Net Growth Wetland Forested: Atmosphere -> Foliage,,1,,,,,
,,,,,Agriculture:All,,Atmosphere,,,,Biomass: Merchantable,,NPP,Net Growth Wetland Forested: Atmosphere -> Merchantable,,1,,,,,
,,,,,Agriculture:All,,Atmosphere,,,,Biomass: Other Wood,,NPP,Net Growth Wetland Forested: Atmosphere -> Other Wood,,1,,,,,
,,,,,Agriculture:All,,Biomass: Coarse Root,,,,DOM: Aboveground Fast,,,Biomass Turnover: Coarse Roots -> AG Fast,,1,,,,,
,,,,,Agriculture:All,,Biomass: Coarse Root,,,,DOM: Belowground Fast,,,Biomass Turnover: Coarse Roots -> BG Fast,,1,,,,,
,,,,,Agriculture:All,,Biomass: Fine Root,,,,DOM: Aboveground Very Fast,,,Biomass Turnover: Fine Roots -> AG Very Fast,,1,,,,,
,,,,,Agriculture:All,,Biomass: Fine Root,,,,DOM: Belowground Very Fast,,,Biomass Turnover: Fine Roots -> BG Very Fast,,1,,,,,
,,,,,Agriculture:All,,Biomass: Foliage,,,,DOM: Aboveground Very Fast,,,Biomass Turnover: Foliage -> AG Very Fast,,1,,,,,
,,,,,Agriculture:All,,Biomass: Merchantable,,,,DOM: Snag Stem,,,Biomass Turnover: Merchantable -> Snag Stems,,1,,,,,
,,,,,Agriculture:All,,Biomass: Other Wood,,,,DOM: Aboveground Fast,,,Biomass Turnover: Other Wood -> AG Fast,,1,,,,,
,,,,,Agriculture:All,,Biomass: Other Wood,,,,DOM: Snag Branch,,,Biomass Turnover: Other Wood -> Snag Branches,,1,,,,,
,,,,,Agriculture:All,,DOM: Aboveground Fast,,,,Atmosphere,,,Emission: AG Fast -> Atmosphere,,1,,,,,
,,,,,Agriculture:All,,DOM: Aboveground Fast,,,,DOM: Aboveground Slow,,,Decay: AG Fast -> AG Slow,,1,,,,,
,,,,,Agriculture:All,,DOM: Aboveground Medium,,,,Atmosphere,,,Emission: AG Medium -> Atmosphere,,1,,,,,
,,,,,Agriculture:All,,DOM: Aboveground Medium,,,,DOM: Aboveground Slow,,,Decay: AG Medium -> AG Slow,,1,,,,,
,,,,,Agriculture:All,,DOM: Aboveground Slow,,,,Atmosphere,,,Emission: AG Slow -> Atmosphere,,1,,,,,
,,,,,Agriculture:All,,DOM: Aboveground Slow,,,,DOM: Belowground Slow,,,Transfer: AG Slow -> BG Slow,,1,,,,,
,,,,,Agriculture:All,,DOM: Aboveground Very Fast,,,,Atmosphere,,,Emission: AG Very Fast -> Atmosphere,,1,,,,,
,,,,,Agriculture:All,,DOM: Aboveground Very Fast,,,,DOM: Aboveground Slow,,,Decay: AG Very Fast -> AG Slow,,1,,,,,
,,,,,Agriculture:All,,DOM: Belowground Fast,,,,Atmosphere,,,Emission: BG Fast -> Atmosphere,,1,,,,,
,,,,,Agriculture:All,,DOM: Belowground Fast,,,,DOM: Belowground Slow,,,Decay: BG Fast -> BG Slow,,1,,,,,
,,,,,Agriculture:All,,DOM: Belowground Slow,,,,Atmosphere,,,Emission: BG Slow -> Atmosphere,,1,,,,,
,,,,,Agriculture:All,,DOM: Belowground Very Fast,,,,Atmosphere,,,Emission: BG Very Fast -> Atmosphere,,1,,,,,
,,,,,Agriculture:All,,DOM: Belowground Very Fast,,,,DOM: Belowground Slow,,,Decay: BG Very Fast -> BG Slow,,1,,,,,
,,,,,Agriculture:All,,DOM: Snag Branch,,,,Atmosphere,,,Emission: Snag Branch -> Atmosphere,,1,,,,,
,,,,,Agriculture:All,,DOM: Snag Branch,,,,DOM: Aboveground Fast,,,Transfer: Snag Branch -> AG Fast,,1,,,,,
,,,,,Agriculture:All,,DOM: Snag Branch,,,,DOM: Aboveground Slow,,,Decay: Snag Branch -> AG Slow,,1,,,,,
,,,,,Agriculture:All,,DOM: Snag Stem,,,,Atmosphere,,,Emission: Snag Stem -> Atmosphere,,1,,,,,
,,,,,Agriculture:All,,DOM: Snag Stem,,,,DOM: Aboveground Medium,,,Transfer: Snag Stem -> AG Medium,,1,,,,,
,,,,,Agriculture:All,,DOM: Snag Stem,,,,DOM: Aboveground Slow,,,Decay: Snag Stem -> AG Slow,,1,,,,,
,,,,,Barren:All,,Biomass: Coarse Root,,,,DOM: Aboveground Fast,,,Biomass Turnover: Coarse Roots -> AG Fast,,1,,,,,
,,,,,Barren:All,,Biomass: Coarse Root,,,,DOM: Belowground Fast,,,Biomass Turnover: Coarse Roots -> BG Fast,,1,,,,,
,,,,,Barren:All,,Biomass: Fine Root,,,,DOM: Aboveground Very Fast,,,Biomass Turnover: Fine Roots -> AG Very Fast,,1,,,,,
,,,,,Barren:All,,Biomass: Fine Root,,,,DOM: Belowground Very Fast,,,Biomass Turnover: Fine Roots -> BG Very Fast,,1,,,,,
,,,,,Barren:All,,Biomass: Foliage,,,,DOM: Aboveground Very Fast,,,Biomass Turnover: Foliage -> AG Very Fast,,1,,,,,
,,,,,Barren:All,,Biomass: Merchantable,,,,DOM: Snag Stem,,,Biomass Turnover: Merchantable -> Snag Stems,,1,,,,,
,,,,,Barren:All,,Biomass: Other Wood,,,,DOM: Aboveground Fast,,,Biomass Turnover: Other Wood -> AG Fast,,1,,,,,
,,,,,Barren:All,,Biomass: Other Wood,,,,DOM: Snag Branch,,,Biomass Turnover: Other Wood -> Snag Branches,,1,,,,,
,,,,,Barren:All,,DOM: Aboveground Fast,,,,Atmosphere,,,Emission: AG Fast -> Atmosphere,,1,,,,,
,,,,,Barren:All,,DOM: Aboveground Fast,,,,DOM: Aboveground Slow,,,Decay: AG Fast -> AG Slow,,1,,,,,
,,,,,Barren:All,,DOM: Aboveground Medium,,,,Atmosphere,,,Emission: AG Medium -> Atmosphere,,1,,,,,
,,,,,Barren:All,,DOM: Aboveground Medium,,,,DOM: Aboveground Slow,,,Decay: AG Medium -> AG Slow,,1,,,,,
,,,,,Barren:All,,DOM: Aboveground Slow,,,,Atmosphere,,,Emission: AG Slow -> Atmosphere,,1,,,,,
,,,,,Barren:All,,DOM: Aboveground Slow,,,,DOM: Belowground Slow,,,Transfer: AG Slow -> BG Slow,,1,,,,,
,,,,,Barren:All,,DOM: Aboveground Very Fast,,,,Atmosphere,,,Emission: AG Very Fast -> Atmosphere,,1,,,,,
,,,,,Barren:All,,DOM: Aboveground Very Fast,,,,DOM: Aboveground Slow,,,Decay: AG Very Fast -> AG Slow,,1,,,,,
,,,,,Barren:All,,DOM: Belowground Fast,,,,Atmosphere,,,Emission: BG Fast -> Atmosphere,,1,,,,,
,,,,,Barren:All,,DOM: Belowground Fast,,,,DOM: Belowground Slow,,,Decay: BG Fast -> BG Slow,,1,,,,,
,,,,,Barren:All,,DOM: Belowground Very Fast,,,,Atmosphere,,,Emission: BG Very Fast -> Atmosphere,,1,,,,,
,,,,,Barren:All,,DOM: Belowground Very Fast,,,,DOM: Belowground Slow,,,Decay: BG Very Fast -> BG Slow,,1,,,,,
,,,,,Barren:All,,DOM: Snag Branch,,,,Atmosphere,,,Emission: Snag Branch -> Atmosphere,,1,,,,,
,,,,,Barren:All,,DOM: Snag Branch,,,,DOM: Aboveground Fast,,,Transfer: Snag Branch -> AG Fast,,1,,,,,
,,,,,Barren:All,,DOM: Snag Branch,,,,DOM: Aboveground Slow,,,Decay: Snag Branch -> AG Slow,,1,,,,,
,,,,,Barren:All,,DOM: Snag Stem,,,,Atmosphere,,,Emission: Snag Stem -> Atmosphere,,1,,,,,
,,,,,Barren:All,,DOM: Snag Stem,,,,DOM: Aboveground Medium,,,Transfer: Snag Stem -> AG Medium,,1,,,,,
,,,,,Barren:All,,DOM: Snag Stem,,,,DOM: Aboveground Slow,,,Decay: Snag Stem -> AG Slow,,1,,,,,
,,,,,Developed:All,,Biomass: Coarse Root,,,,DOM: Aboveground Fast,,,Biomass Turnover: Coarse Roots -> AG Fast,,1,,,,,
,,,,,Developed:All,,Biomass: Coarse Root,,,,DOM: Belowground Fast,,,Biomass Turnover: Coarse Roots -> BG Fast,,1,,,,,
,,,,,Developed:All,,Biomass: Fine Root,,,,DOM: Aboveground Very Fast,,,Biomass Turnover: Fine Roots -> AG Very Fast,,1,,,,,
,,,,,Developed:All,,Biomass: Fine Root,,,,DOM: Belowground Very Fast,,,Biomass Turnover: Fine Roots -> BG Very Fast,,1,,,,,
,,,,,Developed:All,,Biomass: Foliage,,,,DOM: Aboveground Very Fast,,,Biomass Turnover: Foliage -> AG Very Fast,,1,,,,,
,,,,,Developed:All,,Biomass: Merchantable,,,,DOM: Snag Stem,,,Biomass Turnover: Merchantable -> Snag Stems,,1,,,,,
,,,,,Developed:All,,Biomass: Other Wood,,,,DOM: Aboveground Fast,,,Biomass Turnover: Other Wood -> AG Fast,,1,,,,,
,,,,,Developed:All,,Biomass: Other Wood,,,,DOM: Snag Branch,,,Biomass Turnover: Other Wood -> Snag Branches,,1,,,,,
,,,,,Developed:All,,DOM: Aboveground Fast,,,,Atmosphere,,,Emission: AG Fast -> Atmosphere,,1,,,,,
,,,,,Developed:All,,DOM: Aboveground Fast,,,,DOM: Aboveground Slow,,,Decay: AG Fast -> AG Slow,,1,,,,,
,,,,,Developed:All,,DOM: Aboveground Medium,,,,Atmosphere,,,Emission: AG Medium -> Atmosphere,,1,,,,,
,,,,,Developed:All,,DOM: Aboveground Medium,,,,DOM: Aboveground Slow,,,Decay: AG Medium -> AG Slow,,1,,,,,
,,,,,Developed:All,,DOM: Aboveground Slow,,,,Atmosphere,,,Emission: AG Slow -> Atmosphere,,1,,,,,
,,,,,Developed:All,,DOM: Aboveground Slow,,,,DOM: Belowground Slow,,,Transfer: AG Slow -> BG Slow,,1,,,,,
,,,,,Developed:All,,DOM: Aboveground Very Fast,,,,Atmosphere,,,Emission: AG Very Fast -> Atmosphere,,1,,,,,
,,,,,Developed:All,,DOM: Aboveground Very Fast,,,,DOM: Aboveground Slow,,,Decay: AG Very Fast -> AG Slow,,1,,,,,
,,,,,Developed:All,,DOM: Belowground Fast,,,,Atmosphere,,,Emission: BG Fast -> Atmosphere,,1,,,,,
,,,,,Developed:All,,DOM: Belowground Fast,,,,DOM: Belowground Slow,,,Decay: BG Fast -> BG Slow,,1,,,,,
,,,,,Developed:All,,DOM: Belowground Very Fast,,,,Atmosphere,,,Emission: BG Very Fast -> Atmosphere,,1,,,,,
,,,,,Developed:All,,DOM: Belowground Very Fast,,,,DOM: Belowground Slow,,,Decay: BG Very Fast -> BG Slow,,1,,,,,
,,,,,Developed:All,,DOM: Snag Branch,,,,Atmosphere,,,Emission: Snag Branch -> Atmosphere,,1,,,,,
,,,,,Developed:All,,DOM: Snag Branch,,,,DOM: Aboveground Fast,,,Transfer: Snag Branch -> AG Fast,,1,,,,,
,,,,,Developed:All,,DOM: Snag Branch,,,,DOM: Aboveground Slow,,,Decay: Snag Branch -> AG Slow,,1,,,,,
,,,,,Developed:All,,DOM: Snag Stem,,,,Atmosphere,,,Emission: Snag Stem -> Atmosphere,,1,,,,,
,,,,,Developed:All,,DOM: Snag Stem,,,,DOM: Aboveground Medium,,,Transfer: Snag Stem -> AG Medium,,1,,,,,
,,,,,Developed:All,,DOM: Snag Stem,,,,DOM: Aboveground Slow,,,Decay: Snag Stem -> AG Slow,,1,,,,,
,,,,,Forest:All,,Atmosphere,,,,Biomass: Coarse Root,,NPP,Net Growth Forest: Atmosphere -> Coarse Roots,,1,,,,,
,,,,,Forest:All,,Atmosphere,,,,Biomass: Fine Root,,NPP,Net Growth Forest: Atmosphere -> Fine Roots,,1,,,,,
,,,,,Forest:All,,Atmosphere,,,,Biomass: Foliage,,NPP,Net Growth Forest: Atmosphere -> Foliage,,1,,,,,
,,,,,Forest:All,,Atmosphere,,,,Biomass: Merchantable,,NPP,Net Growth Forest: Atmosphere -> Merchantable,,1,,,,,
,,,,,Forest:All,,Atmosphere,,,,Biomass: Other Wood,,NPP,Net Growth Forest: Atmosphere -> Other Wood,,1,,,,,
,,,,,Forest:All,,Biomass: Coarse Root,,,,DOM: Aboveground Fast,,,Biomass Turnover: Coarse Roots -> AG Fast,,1,,,,,
,,,,,Forest:All,,Biomass: Coarse Root,,,,DOM: Belowground Fast,,,Biomass Turnover: Coarse Roots -> BG Fast,,1,,,,,
,,,,,Forest:All,,Biomass: Fine Root,,,,DOM: Aboveground Very Fast,,,Biomass Turnover: Fine Roots -> AG Very Fast,,1,,,,,
,,,,,Forest:All,,Biomass: Fine Root,,,,DOM: Belowground Very Fast,,,Biomass Turnover: Fine Roots -> BG Very Fast,,1,,,,,
,,,,,Forest:All,,Biomass: Foliage,,,,DOM: Aboveground Very Fast,,,Biomass Turnover: Foliage -> AG Very Fast,,1,,,,,
,,,,,Forest:All,,Biomass: Merchantable,,,,DOM: Snag Stem,,,Biomass Turnover: Merchantable -> Snag Stems,,1,,,,,
,,,,,Forest:All,,Biomass: Other Wood,,,,DOM: Aboveground Fast,,,Biomass Turnover: Other Wood -> AG Fast,,1,,,,,
,,,,,Forest:All,,Biomass: Other Wood,,,,DOM: Snag Branch,,,Biomass Turnover: Other Wood -> Snag Branches,,1,,,,,
,,,,,Forest:All,,DOM: Aboveground Fast,,,,Atmosphere,,,Emission: AG Fast -> Atmosphere,,1,,,,,
,,,,,Forest:All,,DOM: Aboveground Fast,,,,DOM: Aboveground Slow,,,Decay: AG Fast -> AG Slow,,1,,,,,
,,,,,Forest:All,,DOM: Aboveground Medium,,,,Atmosphere,,,Emission: AG Medium -> Atmosphere,,1,,,,,
,,,,,Forest:All,,DOM: Aboveground Medium,,,,DOM: Aboveground Slow,,,Decay: AG Medium -> AG Slow,,1,,,,,
,,,,,Forest:All,,DOM: Aboveground Slow,,,,Atmosphere,,,Emission: AG Slow -> Atmosphere,,1,,,,,
,,,,,Forest:All,,DOM: Aboveground Slow,,,,DOM: Belowground Slow,,,Transfer: AG Slow -> BG Slow,,1,,,,,
,,,,,Forest:All,,DOM: Aboveground Very Fast,,,,Atmosphere,,,Emission: AG Very Fast -> Atmosphere,,1,,,,,
,,,,,Forest:All,,DOM: Aboveground Very Fast,,,,DOM: Aboveground Slow,,,Decay: AG Very Fast -> AG Slow,,1,,,,,
,,,,,Forest:All,,DOM: Belowground Fast,,,,Atmosphere,,,Emission: BG Fast -> Atmosphere,,1,,,,,
,,,,,Forest:All,,DOM: Belowground Fast,,,,DOM: Belowground Slow,,,Decay: BG Fast -> BG Slow,,1,,,,,
,,,,,Forest:All,,DOM: Belowground Slow,,,,Atmosphere,,,Emission: BG Slow -> Atmosphere,,1,,,,,
,,,,,Forest:All,,DOM: Belowground Very Fast,,,,Atmosphere,,,Emission: BG Very Fast -> Atmosphere,,1,,,,,
,,,,,Forest:All,,DOM: Belowground Very Fast,,,,DOM: Belowground Slow,,,Decay: BG Very Fast -> BG Slow,,1,,,,,
,,,,,Forest:All,,DOM: Snag Branch,,,,Atmosphere,,,Emission: Snag Branch -> Atmosphere,,1,,,,,
,,,,,Forest:All,,DOM: Snag Branch,,,,DOM: Aboveground Fast,,,Transfer: Snag Branch -> AG Fast,,1,,,,,
,,,,,Forest:All,,DOM: Snag Branch,,,,DOM: Aboveground Slow,,,Decay: Snag Branch -> AG Slow,,1,,,,,
,,,,,Forest:All,,DOM: Snag Stem,,,,Atmosphere,,,Emission: Snag Stem -> Atmosphere,,1,,,,,
,,,,,Forest:All,,DOM: Snag Stem,,,,DOM: Aboveground Medium,,,Transfer: Snag Stem -> AG Medium,,1,,,,,
,,,,,Forest:All,,DOM: Snag Stem,,,,DOM: Aboveground Slow,,,Decay: Snag Stem -> AG Slow,,1,,,,,
,,,,,Grassland:All,,Atmosphere,,,,Biomass: Coarse Root,,NPP,Net Growth Grassland: Atmosphere -> Coarse Roots,,1,,,,,
,,,,,Grassland:All,,Atmosphere,,,,Biomass: Fine Root,,NPP,Net Growth Grassland: Atmosphere -> Fine Roots,,1,,,,,
,,,,,Grassland:All,,Atmosphere,,,,Biomass: Foliage,,NPP,Net Growth Grassland: Atmosphere -> Foliage,,1,,,,,
,,,,,Grassland:All,,Atmosphere,,,,Biomass: Merchantable,,NPP,Net Growth Grassland: Atmosphere -> Merchantable,,1,,,,,
,,,,,Grassland:All,,Atmosphere,,,,Biomass: Other Wood,,NPP,Net Growth Grassland: Atmosphere -> Other Wood,,1,,,,,
,,,,,Grassland:All,,Biomass: Coarse Root,,,,DOM: Aboveground Fast,,,Biomass Turnover: Coarse Roots -> AG Fast,,1,,,,,
,,,,,Grassland:All,,Biomass: Coarse Root,,,,DOM: Belowground Fast,,,Biomass Turnover: Coarse Roots -> BG Fast,,1,,,,,
,,,,,Grassland:All,,Biomass: Fine Root,,,,DOM: Aboveground Very Fast,,,Biomass Turnover: Fine Roots -> AG Very Fast,,1,,,,,
,,,,,Grassland:All,,Biomass: Fine Root,,,,DOM: Belowground Very Fast,,,Biomass Turnover: Fine Roots -> BG Very Fast,,1,,,,,
,,,,,Grassland:All,,Biomass: Foliage,,,,DOM: Aboveground Very Fast,,,Biomass Turnover: Foliage -> AG Very Fast,,1,,,,,
,,,,,Grassland:All,,Biomass: Merchantable,,,,DOM: Snag Stem,,,Biomass Turnover: Merchantable -> Snag Stems,,1,,,,,
,,,,,Grassland:All,,Biomass: Other Wood,,,,DOM: Aboveground Fast,,,Biomass Turnover: Other Wood -> AG Fast,,1,,,,,
,,,,,Grassland:All,,Biomass: Other Wood,,,,DOM: Snag Branch,,,Biomass Turnover: Other Wood -> Snag Branches,,1,,,,,
,,,,,Grassland:All,,DOM: Aboveground Fast,,,,Atmosphere,,,Emission: AG Fast -> Atmosphere,,1,,,,,
,,,,,Grassland:All,,DOM: Aboveground Fast,,,,DOM: Aboveground Slow,,,Decay: AG Fast -> AG Slow,,1,,,,,
,,,,,Grassland:All,,DOM: Aboveground Medium,,,,Atmosphere,,,Emission: AG Medium -> Atmosphere,,1,,,,,
,,,,,Grassland:All,,DOM: Aboveground Medium,,,,DOM: Aboveground Slow,,,Decay: AG Medium -> AG Slow,,1,,,,,
,,,,,Grassland:All,,DOM: Aboveground Slow,,,,Atmosphere,,,Emission: AG Slow -> Atmosphere,,1,,,,,
,,,,,Grassland:All,,DOM: Aboveground Slow,,,,DOM: Belowground Slow,,,Transfer: AG Slow -> BG Slow,,1,,,,,
,,,,,Grassland:All,,DOM: Aboveground Very Fast,,,,Atmosphere,,,Emission: AG Very Fast -> Atmosphere,,1,,,,,
,,,,,Grassland:All,,DOM: Aboveground Very Fast,,,,DOM: Aboveground Slow,,,Decay: AG Very Fast -> AG Slow,,1,,,,,
,,,,,Grassland:All,,DOM: Belowground Fast,,,,Atmosphere,,,Emission: BG Fast -> Atmosphere,,1,,,,,
,,,,,Grassland:All,,DOM: Belowground Fast,,,,DOM: Belowground Slow,,,Decay: BG Fast -> BG Slow,,1,,,,,
,,,,,Grassland:All,,DOM: Belowground Slow,,,,Atmosphere,,,Emission: BG Slow -> Atmosphere,,1,,,,,
,,,,,Grassland:All,,DOM: Belowground Very Fast,,,,Atmosphere,,,Emission: BG Very Fast -> Atmosphere,,1,,,,,
,,,,,Grassland:All,,DOM: Belowground Very Fast,,,,DOM: Belowground Slow,,,Decay: BG Very Fast -> BG Slow,,1,,,,,
,,,,,Grassland:All,,DOM: Snag Branch,,,,Atmosphere,,,Emission: Snag Branch -> Atmosphere,,1,,,,,
,,,,,Grassland:All,,DOM: Snag Branch,,,,DOM: Aboveground Fast,,,Transfer: Snag Branch -> AG Fast,,1,,,,,
,,,,,Grassland:All,,DOM: Snag Branch,,,,DOM: Aboveground Slow,,,Decay: Snag Branch -> AG Slow,,1,,,,,
,,,,,Grassland:All,,DOM: Snag Stem,,,,Atmosphere,,,Emission: Snag Stem -> Atmosphere,,1,,,,,
,,,,,Grassland:All,,DOM: Snag Stem,,,,DOM: Aboveground Medium,,,Transfer: Snag Stem -> AG Medium,,1,,,,,
,,,,,Grassland:All,,DOM: Snag Stem,,,,DOM: Aboveground Slow,,,Decay: Snag Stem -> AG Slow,,1,,,,,
,,,,,Shrubland:All,,Atmosphere,,,,Biomass: Coarse Root,,NPP,Net Growth Shrubland: Atmosphere -> Coarse Roots,,1,,,,,
,,,,,Shrubland:All,,Atmosphere,,,,Biomass: Fine Root,,NPP,Net Growth Shrubland: Atmosphere -> Fine Roots,,1,,,,,
,,,,,Shrubland:All,,Atmosphere,,,,Biomass: Foliage,,NPP,Net Growth Shrubland: Atmosphere -> Foliage,,1,,,,,
,,,,,Shrubland:All,,Atmosphere,,,,Biomass: Merchantable,,NPP,Net Growth Shrubland: Atmosphere -> Merchantable,,1,,,,,
,,,,,Shrubland:All,,Atmosphere,,,,Biomass: Other Wood,,NPP,Net Growth Shrubland: Atmosphere -> Other Wood,,1,,,,,
,,,,,Shrubland:All,,Biomass: Coarse Root,,,,DOM: Aboveground Fast,,,Biomass Turnover: Coarse Roots -> AG Fast,,1,,,,,
,,,,,Shrubland:All,,Biomass: Coarse Root,,,,DOM: Belowground Fast,,,Biomass Turnover: Coarse Roots -> BG Fast,,1,,,,,
,,,,,Shrubland:All,,Biomass: Fine Root,,,,DOM: Aboveground Very Fast,,,Biomass Turnover: Fine Roots -> AG Very Fast,,1,,,,,
,,,,,Shrubland:All,,Biomass: Fine Root,,,,DOM: Belowground Very Fast,,,Biomass Turnover: Fine Roots -> BG Very Fast,,1,,,,,
,,,,,Shrubland:All,,Biomass: Foliage,,,,DOM: Aboveground Very Fast,,,Biomass Turnover: Foliage -> AG Very Fast,,1,,,,,
,,,,,Shrubland:All,,Biomass: Merchantable,,,,DOM: Snag Stem,,,Biomass Turnover: Merchantable -> Snag Stems,,1,,,,,
,,,,,Shrubland:All,,Biomass: Other Wood,,,,DOM: Aboveground Fast,,,Biomass Turnover: Other Wood -> AG Fast,,1,,,,,
,,,,,Shrubland:All,,Biomass: Other Wood,,,,DOM: Snag Branch,,,Biomass Turnover: Other Wood -> Snag Branches,,1,,,,,
,,,,,Shrubland:All,,DOM: Aboveground Fast,,,,Atmosphere,,,Emission: AG Fast -> Atmosphere,,1,,,,,
,,,,,Shrubland:All,,DOM: Aboveground Fast,,,,DOM: Aboveground Slow,,,Decay: AG Fast -> AG Slow,,1,,,,,
,,,,,Shrubland:All,,DOM: Aboveground Medium,,,,Atmosphere,,,Emission: AG Medium -> Atmosphere,,1,,,,,
,,,,,Shrubland:All,,DOM: Aboveground Medium,,,,DOM: Aboveground Slow,,,Decay: AG Medium -> AG Slow,,1,,,,,
,,,,,Shrubland:All,,DOM: Aboveground Slow,,,,Atmosphere,,,Emission: AG Slow -> Atmosphere,,1,,,,,
,,,,,Shrubland:All,,DOM: Aboveground Slow,,,,DOM: Belowground Slow,,,Transfer: AG Slow -> BG Slow,,1,,,,,
,,,,,Shrubland:All,,DOM: Aboveground Very Fast,,,,Atmosphere,,,Emission: AG Very Fast -> Atmosphere,,1,,,,,
,,,,,Shrubland:All,,DOM: Aboveground Very Fast,,,,DOM: Aboveground Slow,,,Decay: AG Very Fast -> AG Slow,,1,,,,,
,,,,,Shrubland:All,,DOM: Belowground Fast,,,,Atmosphere,,,Emission: BG Fast -> Atmosphere,,1,,,,,
,,,,,Shrubland:All,,DOM: Belowground Fast,,,,DOM: Belowground Slow,,,Decay: BG Fast -> BG Slow,,1,,,,,
,,,,,Shrubland:All,,DOM: Belowground Slow,,,,Atmosphere,,,Emission: BG Slow -> Atmosphere,,1,,,,,
,,,,,Shrubland:All,,DOM: Belowground Very Fast,,,,Atmosphere,,,Emission: BG Very Fast -> Atmosphere,,1,,,,,
,,,,,Shrubland:All,,DOM: Belowground Very Fast,,,,DOM: Belowground Slow,,,Decay: BG Very Fast -> BG Slow,,1,,,,,
,,,,,Shrubland:All,,DOM: Snag Branch,,,,Atmosphere,,,Emission: Snag Branch -> Atmosphere,,1,,,,,
,,,,,Shrubland:All,,DOM: Snag Branch,,,,DOM: Aboveground Fast,,,Transfer: Snag Branch -> AG Fast,,1,,,,,
,,,,,Shrubland:All,,DOM: Snag Branch,,,,DOM: Aboveground Slow,,,Decay: Snag Branch -> AG Slow,,1,,,,,
,,,,,Shrubland:All,,DOM: Snag Stem,,,,Atmosphere,,,Emission: Snag Stem -> Atmosphere,,1,,,,,
,,,,,Shrubland:All,,DOM: Snag Stem,,,,DOM: Aboveground Medium,,,Transfer: Snag Stem -> AG Medium,,1,,,,,
,,,,,Shrubland:All,,DOM: Snag Stem,,,,DOM: Aboveground Slow,,,Decay: Snag Stem -> AG Slow,,1,,,,,
,,,,,Unconsolidated Shore:All,,Biomass: Coarse Root,,,,DOM: Aboveground Fast,,,Biomass Turnover: Coarse Roots -> AG Fast,,1,,,,,
,,,,,Unconsolidated Shore:All,,Biomass: Coarse Root,,,,DOM: Belowground Fast,,,Biomass Turnover: Coarse Roots -> BG Fast,,1,,,,,
,,,,,Unconsolidated Shore:All,,Biomass: Fine Root,,,,DOM: Aboveground Very Fast,,,Biomass Turnover: Fine Roots -> AG Very Fast,,1,,,,,
,,,,,Unconsolidated Shore:All,,Biomass: Fine Root,,,,DOM: Belowground Very Fast,,,Biomass Turnover: Fine Roots -> BG Very Fast,,1,,,,,
,,,,,Unconsolidated Shore:All,,Biomass: Foliage,,,,DOM: Aboveground Very Fast,,,Biomass Turnover: Foliage -> AG Very Fast,,1,,,,,
,,,,,Unconsolidated Shore:All,,Biomass: Merchantable,,,,DOM: Snag Stem,,,Biomass Turnover: Merchantable -> Snag Stems,,1,,,,,
,,,,,Unconsolidated Shore:All,,Biomass: Other Wood,,,,DOM: Aboveground Fast,,,Biomass Turnover: Other Wood -> AG Fast,,1,,,,,
,,,,,Unconsolidated Shore:All,,Biomass: Other Wood,,,,DOM: Snag Branch,,,Biomass Turnover: Other Wood -> Snag Branches,,1,,,,,
,,,,,Unconsolidated Shore:All,,DOM: Aboveground Fast,,,,Atmosphere,,,Emission: AG Fast -> Atmosphere,,1,,,,,
,,,,,Unconsolidated Shore:All,,DOM: Aboveground Fast,,,,DOM: Aboveground Slow,,,Decay: AG Fast -> AG Slow,,1,,,,,
,,,,,Unconsolidated Shore:All,,DOM: Aboveground Medium,,,,Atmosphere,,,Emission: AG Medium -> Atmosphere,,1,,,,,
,,,,,Unconsolidated Shore:All,,DOM: Aboveground Medium,,,,DOM: Aboveground Slow,,,Decay: AG Medium -> AG Slow,,1,,,,,
,,,,,Unconsolidated Shore:All,,DOM: Aboveground Slow,,,,Atmosphere,,,Emission: AG Slow -> Atmosphere,,1,,,,,
,,,,,Unconsolidated Shore:All,,DOM: Aboveground Slow,,,,DOM: Belowground Slow,,,Transfer: AG Slow -> BG Slow,,1,,,,,
,,,,,Unconsolidated Shore:All,,DOM: Aboveground Very Fast,,,,Atmosphere,,,Emission: AG Very Fast -> Atmosphere,,1,,,,,
,,,,,Unconsolidated Shore:All,,DOM: Aboveground Very Fast,,,,DOM: Aboveground Slow,,,Decay: AG Very Fast -> AG Slow,,1,,,,,
,,,,,Unconsolidated Shore:All,,DOM: Belowground Fast,,,,Atmosphere,,,Emission: BG Fast -> Atmosphere,,1,,,,,
,,,,,Unconsolidated Shore:All,,DOM: Belowground Fast,,,,DOM: Belowground Slow,,,Decay: BG Fast -> BG Slow,,1,,,,,
,,,,,Unconsolidated Shore:All,,DOM: Belowground Very Fast,,,,Atmosphere,,,Emission: BG Very Fast -> Atmosphere,,1,,,,,
,,,,,Unconsolidated Shore:All,,DOM: Belowground Very Fast,,,,DOM: Belowground Slow,,,Decay: BG Very Fast -> BG Slow,,1,,,,,
,,,,,Unconsolidated Shore:All,,DOM: Snag Branch,,,,Atmosphere,,,Emission: Snag Branch -> Atmosphere,,1,,,,,
,,,,,Unconsolidated Shore:All,,DOM: Snag Branch,,,,DOM: Aboveground Fast,,,Transfer: Snag Branch -> AG Fast,,1,,,,,
,,,,,Unconsolidated Shore:All,,DOM: Snag Branch,,,,DOM: Aboveground Slow,,,Decay: Snag Branch -> AG Slow,,1,,,,,
,,,,,Unconsolidated Shore:All,,DOM: Snag Stem,,,,Atmosphere,,,Emission: Snag Stem -> Atmosphere,,1,,,,,
,,,,,Unconsolidated Shore:All,,DOM: Snag Stem,,,,DOM: Aboveground Medium,,,Transfer: Snag Stem -> AG Medium,,1,,,,,
,,,,,Unconsolidated Shore:All,,DOM: Snag Stem,,,,DOM: Aboveground Slow,,,Decay: Snag Stem -> AG Slow,,1,,,,,
,,,,,Water:All,,Biomass: Coarse Root,,,,DOM: Aboveground Fast,,,Biomass Turnover: Coarse Roots -> AG Fast,,1,,,,,
,,,,,Water:All,,Biomass: Coarse Root,,,,DOM: Belowground Fast,,,Biomass Turnover: Coarse Roots -> BG Fast,,1,,,,,
,,,,,Water:All,,Biomass: Fine Root,,,,DOM: Aboveground Very Fast,,,Biomass Turnover: Fine Roots -> AG Very Fast,,1,,,,,
,,,,,Water:All,,Biomass: Fine Root,,,,DOM: Belowground Very Fast,,,Biomass Turnover: Fine Roots -> BG Very Fast,,1,,,,,
,,,,,Water:All,,Biomass: Foliage,,,,DOM: Aboveground Very Fast,,,Biomass Turnover: Foliage -> AG Very Fast,,1,,,,,
,,,,,Water:All,,Biomass: Merchantable,,,,DOM: Snag Stem,,,Biomass Turnover: Merchantable -> Snag Stems,,1,,,,,
,,,,,Water:All,,Biomass: Other Wood,,,,DOM: Aboveground Fast,,,Biomass Turnover: Other Wood -> AG Fast,,1,,,,,
,,,,,Water:All,,Biomass: Other Wood,,,,DOM: Snag Branch,,,Biomass Turnover: Other Wood -> Snag Branches,,1,,,,,
,,,,,Water:All,,DOM: Aboveground Fast,,,,Atmosphere,,,Emission: AG Fast -> Atmosphere,,1,,,,,
,,,,,Water:All,,DOM: Aboveground Fast,,,,DOM: Aboveground Slow,,,Decay: AG Fast -> AG Slow,,1,,,,,
,,,,,Water:All,,DOM: Aboveground Medium,,,,Atmosphere,,,Emission: AG Medium -> Atmosphere,,1,,,,,
,,,,,Water:All,,DOM: Aboveground Medium,,,,DOM: Aboveground Slow,,,Decay: AG Medium -> AG Slow,,1,,,,,
,,,,,Water:All,,DOM: Aboveground Slow,,,,Atmosphere,,,Emission: AG Slow -> Atmosphere,,1,,,,,
,,,,,Water:All,,DOM: Aboveground Slow,,,,DOM: Belowground Slow,,,Transfer: AG Slow -> BG Slow,,1,,,,,
,,,,,Water:All,,DOM: Aboveground Very Fast,,,,Atmosphere,,,Emission: AG Very Fast -> Atmosphere,,1,,,,,
,,,,,Water:All,,DOM: Aboveground Very Fast,,,,DOM: Aboveground Slow,,,Decay: AG Very Fast -> AG Slow,,1,,,,,
,,,,,Water:All,,DOM: Belowground Fast,,,,Atmosphere,,,Emission: BG Fast -> Atmosphere,,1,,,,,
,,,,,Water:All,,DOM: Belowground Fast,,,,DOM: Belowground Slow,,,Decay: BG Fast -> BG Slow,,1,,,,,
,,,,,Water:All,,DOM: Belowground Very Fast,,,,Atmosphere,,,Emission: BG Very Fast -> Atmosphere,,1,,,,,
,,,,,Water:All,,DOM: Belowground Very Fast,,,,DOM: Belowground Slow,,,Decay: BG Very Fast -> BG Slow,,1,,,,,
,,,,,Water:All,,DOM: Snag Branch,,,,Atmosphere,,,Emission: Snag Branch -> Atmosphere,,1,,,,,
,,,,,Water:All,,DOM: Snag Branch,,,,DOM: Aboveground Fast,,,Transfer: Snag Branch -> AG Fast,,1,,,,,
,,,,,Water:All,,DOM: Snag Branch,,,,DOM: Aboveground Slow,,,Decay: Snag Branch -> AG Slow,,1,,,,,
,,,,,Water:All,,DOM: Snag Stem,,,,Atmosphere,,,Emission: Snag Stem -> Atmosphere,,1,,,,,
,,,,,Water:All,,DOM: Snag Stem,,,,DOM: Aboveground Medium,,,Transfer: Snag Stem -> AG Medium,,1,,,,,
,,,,,Water:All,,DOM: Snag Stem,,,,DOM: Aboveground Slow,,,Decay: Snag Stem -> AG Slow,,1,,,,,
,,,,,Wetland:Estuarine Emergent,,Atmosphere,,,,Biomass: Fine Root,,NPP,Net Growth Wetland Emergent: Atmosphere -> Fine Roots,,1,,,,,
,,,,,Wetland:Estuarine Emergent,,Atmosphere,,,,Biomass: Foliage,,NPP,Net Growth Wetland Emergent: Atmosphere -> Foliage,,1,,,,,
,,,,,Wetland:Estuarine Emergent,,Biomass: Coarse Root,,,,DOM: Aboveground Fast,,,Biomass Turnover: Coarse Roots -> AG Fast,,1,,,,,
,,,,,Wetland:Estuarine Emergent,,Biomass: Coarse Root,,,,DOM: Belowground Fast,,,Biomass Turnover: Coarse Roots -> BG Fast,,1,,,,,
,,,,,Wetland:Estuarine Emergent,,Biomass: Fine Root,,,,DOM: Belowground Very Fast,,,Biomass Turnover: Fine Roots -> BG Very Fast,,1,,,,,
,,,,,Wetland:Estuarine Emergent,,Biomass: Foliage,,,,DOM: Aboveground Very Fast,,,Biomass Turnover: Foliage -> AG Very Fast,,1,,,,,
,,,,,Wetland:Estuarine Emergent,,Biomass: Merchantable,,,,DOM: Snag Stem,,,Biomass Turnover: Merchantable -> Snag Stems,,1,,,,,
,,,,,Wetland:Estuarine Emergent,,Biomass: Other Wood,,,,DOM: Aboveground Fast,,,Biomass Turnover: Other Wood -> AG Fast,,1,,,,,
,,,,,Wetland:Estuarine Emergent,,Biomass: Other Wood,,,,DOM: Snag Branch,,,Biomass Turnover: Other Wood -> Snag Branches,,1,,,,,
,,,,,Wetland:Estuarine Emergent,,DOM: Aboveground Fast,,,,Atmosphere,,,Emission: AG Fast -> Atmosphere,,1,,,,,
,,,,,Wetland:Estuarine Emergent,,DOM: Aboveground Medium,,,,Atmosphere,,,Emission: AG Medium -> Atmosphere,,1,,,,,
,,,,,Wetland:Estuarine Emergent,,DOM: Aboveground Slow,,,,Atmosphere,,,Emission: AG Slow -> Atmosphere,,1,,,,,
,,,,,Wetland:Estuarine Emergent,,DOM: Aboveground Slow,,,,DOM: Belowground Slow,,,Transfer: AG Slow -> BG Slow,,1,,,,,
,,,,,Wetland:Estuarine Emergent,,DOM: Aboveground Very Fast,,,,Aquatic,,,Lateral Transport: AG Very Fast -> Aquatic,,1,,,,,
,,,,,Wetland:Estuarine Emergent,,DOM: Aboveground Very Fast,,,,Atmosphere,,,Emission: AG Very Fast -> Atmosphere,,1,,,,,
,,,,,Wetland:Estuarine Emergent,,DOM: Aboveground Very Fast,,,,DOM: Belowground Slow,,,Decay: AG Very Fast -> BG Slow,,1,,,,,
,,,,,Wetland:Estuarine Emergent,,DOM: Belowground Fast,,,,Atmosphere,,,Emission: BG Fast -> Atmosphere,,1,,,,,
,,,,,Wetland:Estuarine Emergent,,DOM: Belowground Fast,,,,DOM: Belowground Slow,,,Decay: BG Fast -> BG Slow,,1,,,,,
,,,,,Wetland:Estuarine Emergent,,DOM: Belowground Slow,,,,Aquatic,,,Lateral Transport: BG Slow -> Aquatic,,1,,,,,
,,,,,Wetland:Estuarine Emergent,,DOM: Belowground Slow,,,,Atmosphere,,,Emission: BG Slow -> Atmosphere,,1,,,,,
,,,,,Wetland:Estuarine Emergent,,DOM: Belowground Slow,,,,Deep Soil,,,Stabilization: BG Slow -> Deep Soil,,1,,,,,
,,,,,Wetland:Estuarine Emergent,,DOM: Belowground Very Fast,,,,Aquatic,,,Lateral Transport: BG Very Fast -> Aquatic,,1,,,,,
,,,,,Wetland:Estuarine Emergent,,DOM: Belowground Very Fast,,,,Atmosphere,,,Emission: BG Very Fast -> Atmosphere,,1,,,,,
,,,,,Wetland:Estuarine Emergent,,DOM: Belowground Very Fast,,,,DOM: Belowground Slow,,,Decay: BG Very Fast -> BG Slow,,1,,,,,
,,,,,Wetland:Estuarine Emergent,,DOM: Snag Branch,,,,Atmosphere,,,Emission: Snag Branch -> Atmosphere,,1,,,,,
,,,,,Wetland:Estuarine Emergent,,DOM: Snag Branch,,,,DOM: Aboveground Fast,,,Transfer: Snag Branch -> AG Fast,,1,,,,,
,,,,,Wetland:Estuarine Emergent,,DOM: Snag Stem,,,,Atmosphere,,,Emission: Snag Stem -> Atmosphere,,1,,,,,
,,,,,Wetland:Estuarine Emergent,,DOM: Snag Stem,,,,DOM: Aboveground Medium,,,Transfer: Snag Stem -> AG Medium,,1,,,,,
,,,,,Wetland:Estuarine Forested,,Atmosphere,,,,Biomass: Coarse Root,,NPP,Net Growth Wetland Forested: Atmosphere -> Coarse Roots,,1,,,,,
,,,,,Wetland:Estuarine Forested,,Atmosphere,,,,Biomass: Fine Root,,NPP,Net Growth Wetland Forested: Atmosphere -> Fine Roots,,1,,,,,
,,,,,Wetland:Estuarine Forested,,Atmosphere,,,,Biomass: Foliage,,NPP,Net Growth Wetland Forested: Atmosphere -> Foliage,,1,,,,,
,,,,,Wetland:Estuarine Forested,,Atmosphere,,,,Biomass: Merchantable,,NPP,Net Growth Wetland Forested: Atmosphere -> Merchantable,,1,,,,,
,,,,,Wetland:Estuarine Forested,,Atmosphere,,,,Biomass: Other Wood,,NPP,Net Growth Wetland Forested: Atmosphere -> Other Wood,,1,,,,,
,,,,,Wetland:Estuarine Forested,,Biomass: Coarse Root,,,,DOM: Aboveground Fast,,,Biomass Turnover: Coarse Roots -> AG Fast,,1,,,,,
,,,,,Wetland:Estuarine Forested,,Biomass: Coarse Root,,,,DOM: Belowground Fast,,,Biomass Turnover: Coarse Roots -> BG Fast,,1,,,,,
,,,,,Wetland:Estuarine Forested,,Biomass: Fine Root,,,,DOM: Aboveground Very Fast,,,Biomass Turnover: Fine Roots -> AG Very Fast,,1,,,,,
,,,,,Wetland:Estuarine Forested,,Biomass: Fine Root,,,,DOM: Belowground Very Fast,,,Biomass Turnover: Fine Roots -> BG Very Fast,,1,,,,,
,,,,,Wetland:Estuarine Forested,,Biomass: Foliage,,,,DOM: Aboveground Very Fast,,,Biomass Turnover: Foliage -> AG Very Fast,,1,,,,,
,,,,,Wetland:Estuarine Forested,,Biomass: Merchantable,,,,DOM: Snag Stem,,,Biomass Turnover: Merchantable -> Snag Stems,,1,,,,,
,,,,,Wetland:Estuarine Forested,,Biomass: Other Wood,,,,DOM: Aboveground Fast,,,Biomass Turnover: Other Wood -> AG Fast,,1,,,,,
,,,,,Wetland:Estuarine Forested,,Biomass: Other Wood,,,,DOM: Snag Branch,,,Biomass Turnover: Other Wood -> Snag Branches,,1,,,,,
,,,,,Wetland:Estuarine Forested,,DOM: Aboveground Fast,,,,Atmosphere,,,Emission: AG Fast -> Atmosphere,,1,,,,,
,,,,,Wetland:Estuarine Forested,,DOM: Aboveground Fast,,,,DOM: Aboveground Slow,,,Decay: AG Fast -> AG Slow,,1,,,,,
,,,,,Wetland:Estuarine Forested,,DOM: Aboveground Medium,,,,Atmosphere,,,Emission: AG Medium -> Atmosphere,,1,,,,,
,,,,,Wetland:Estuarine Forested,,DOM: Aboveground Medium,,,,DOM: Aboveground Slow,,,Decay: AG Medium -> AG Slow,,1,,,,,
,,,,,Wetland:Estuarine Forested,,DOM: Aboveground Slow,,,,Atmosphere,,,Emission: AG Slow -> Atmosphere,,1,,,,,
,,,,,Wetland:Estuarine Forested,,DOM: Aboveground Slow,,,,DOM: Belowground Slow,,,Transfer: AG Slow -> BG Slow,,1,,,,,
,,,,,Wetland:Estuarine Forested,,DOM: Aboveground Very Fast,,,,Atmosphere,,,Emission: AG Very Fast -> Atmosphere,,1,,,,,
,,,,,Wetland:Estuarine Forested,,DOM: Aboveground Very Fast,,,,DOM: Aboveground Slow,,,Decay: AG Very Fast -> AG Slow,,1,,,,,
,,,,,Wetland:Estuarine Forested,,DOM: Belowground Fast,,,,Atmosphere,,,Emission: BG Fast -> Atmosphere,,1,,,,,
,,,,,Wetland:Estuarine Forested,,DOM: Belowground Fast,,,,DOM: Belowground Slow,,,Decay: BG Fast -> BG Slow,,1,,,,,
,,,,,Wetland:Estuarine Forested,,DOM: Belowground Slow,,,,Atmosphere,,,Emission: BG Slow -> Atmosphere,,1,,,,,
,,,,,Wetland:Estuarine Forested,,DOM: Belowground Very Fast,,,,Atmosphere,,,Emission: BG Very Fast -> Atmosphere,,1,,,,,
,,,,,Wetland:Estuarine Forested,,DOM: Belowground Very Fast,,,,DOM: Belowground Slow,,,Decay: BG Very Fast -> BG Slow,,1,,,,,
,,,,,Wetland:Estuarine Forested,,DOM: Snag Branch,,,,Atmosphere,,,Emission: Snag Branch -> Atmosphere,,1,,,,,
,,,,,Wetland:Estuarine Forested,,DOM: Snag Branch,,,,DOM: Aboveground Fast,,,Transfer: Snag Branch -> AG Fast,,1,,,,,
,,,,,Wetland:Estuarine Forested,,DOM: Snag Branch,,,,DOM: Aboveground Slow,,,Decay: Snag Branch -> AG Slow,,1,,,,,
,,,,,Wetland:Estuarine Forested,,DOM: Snag Stem,,,,Atmosphere,,,Emission: Snag Stem -> Atmosphere,,1,,,,,
,,,,,Wetland:Estuarine Forested,,DOM: Snag Stem,,,,DOM: Aboveground Medium,,,Transfer: Snag Stem -> AG Medium,,1,,,,,
,,,,,Wetland:Estuarine Forested,,DOM: Snag Stem,,,,DOM: Aboveground Slow,,,Decay: Snag Stem -> AG Slow,,1,,,,,
,,,,,Wetland:Palustrine Emergent,,Atmosphere,,,,Biomass: Fine Root,,NPP,Net Growth Wetland Emergent: Atmosphere -> Fine Roots,,1,,,,,
,,,,,Wetland:Palustrine Emergent,,Atmosphere,,,,Biomass: Foliage,,NPP,Net Growth Wetland Emergent: Atmosphere -> Foliage,,1,,,,,
,,,,,Wetland:Palustrine Emergent,,Biomass: Coarse Root,,,,DOM: Aboveground Fast,,,Biomass Turnover: Coarse Roots -> AG Fast,,1,,,,,
,,,,,Wetland:Palustrine Emergent,,Biomass: Coarse Root,,,,DOM: Belowground Fast,,,Biomass Turnover: Coarse Roots -> BG Fast,,1,,,,,
,,,,,Wetland:Palustrine Emergent,,Biomass: Fine Root,,,,DOM: Belowground Very Fast,,,Biomass Turnover: Fine Roots -> BG Very Fast,,1,,,,,
,,,,,Wetland:Palustrine Emergent,,Biomass: Foliage,,,,DOM: Aboveground Very Fast,,,Biomass Turnover: Foliage -> AG Very Fast,,1,,,,,
,,,,,Wetland:Palustrine Emergent,,Biomass: Merchantable,,,,DOM: Snag Stem,,,Biomass Turnover: Merchantable -> Snag Stems,,1,,,,,
,,,,,Wetland:Palustrine Emergent,,Biomass: Other Wood,,,,DOM: Aboveground Fast,,,Biomass Turnover: Other Wood -> AG Fast,,1,,,,,
,,,,,Wetland:Palustrine Emergent,,Biomass: Other Wood,,,,DOM: Snag Branch,,,Biomass Turnover: Other Wood -> Snag Branches,,1,,,,,
,,,,,Wetland:Palustrine Emergent,,DOM: Aboveground Fast,,,,Atmosphere,,,Emission: AG Fast -> Atmosphere,,1,,,,,
,,,,,Wetland:Palustrine Emergent,,DOM: Aboveground Medium,,,,Atmosphere,,,Emission: AG Medium -> Atmosphere,,1,,,,,
,,,,,Wetland:Palustrine Emergent,,DOM: Aboveground Slow,,,,Atmosphere,,,Emission: AG Slow -> Atmosphere,,1,,,,,
,,,,,Wetland:Palustrine Emergent,,DOM: Aboveground Slow,,,,DOM: Belowground Slow,,,Transfer: AG Slow -> BG Slow,,1,,,,,
,,,,,Wetland:Palustrine Emergent,,DOM: Aboveground Very Fast,,,,Aquatic,,,Lateral Transport: AG Very Fast -> Aquatic,,1,,,,,
,,,,,Wetland:Palustrine Emergent,,DOM: Aboveground Very Fast,,,,Atmosphere,,,Emission: AG Very Fast -> Atmosphere,,1,,,,,
,,,,,Wetland:Palustrine Emergent,,DOM: Aboveground Very Fast,,,,DOM: Belowground Slow,,,Decay: AG Very Fast -> BG Slow,,1,,,,,
,,,,,Wetland:Palustrine Emergent,,DOM: Belowground Fast,,,,Atmosphere,,,Emission: BG Fast -> Atmosphere,,1,,,,,
,,,,,Wetland:Palustrine Emergent,,DOM: Belowground Fast,,,,DOM: Belowground Slow,,,Decay: BG Fast -> BG Slow,,1,,,,,
,,,,,Wetland:Palustrine Emergent,,DOM: Belowground Slow,,,,Aquatic,,,Lateral Transport: BG Slow -> Aquatic,,1,,,,,
,,,,,Wetland:Palustrine Emergent,,DOM: Belowground Slow,,,,Atmosphere,,,Emission: BG Slow -> Atmosphere,,1,,,,,
,,,,,Wetland:Palustrine Emergent,,DOM: Belowground Slow,,,,Deep Soil,,,Stabilization: BG Slow -> Deep Soil,,1,,,,,
,,,,,Wetland:Palustrine Emergent,,DOM: Belowground Very Fast,,,,Aquatic,,,Lateral Transport: BG Very Fast -> Aquatic,,1,,,,,
,,,,,Wetland:Palustrine Emergent,,DOM: Belowground Very Fast,,,,Atmosphere,,,Emission: BG Very Fast -> Atmosphere,,1,,,,,
,,,,,Wetland:Palustrine Emergent,,DOM: Belowground Very Fast,,,,DOM: Belowground Slow,,,Decay: BG Very Fast -> BG Slow,,1,,,,,
,,,,,Wetland:Palustrine Emergent,,DOM: Snag Branch,,,,Atmosphere,,,Emission: Snag Branch -> Atmosphere,,1,,,,,
,,,,,Wetland:Palustrine Emergent,,DOM: Snag Branch,,,,DOM: Aboveground Fast,,,Transfer: Snag Branch -> AG Fast,,1,,,,,
,,,,,Wetland:Palustrine Emergent,,DOM: Snag Stem,,,,Atmosphere,,,Emission: Snag Stem -> Atmosphere,,1,,,,,
,,,,,Wetland:Palustrine Emergent,,DOM: Snag Stem,,,,DOM: Aboveground Medium,,,Transfer: Snag Stem -> AG Medium,,1,,,,,
,,,,,Wetland:Palustrine Forested,,Atmosphere,,,,Biomass: Coarse Root,,NPP,Net Growth Wetland Forested: Atmosphere -> Coarse Roots,,1,,,,,
,,,,,Wetland:Palustrine Forested,,Atmosphere,,,,Biomass: Fine Root,,NPP,Net Growth Wetland Forested: Atmosphere -> Fine Roots,,1,,,,,
,,,,,Wetland:Palustrine Forested,,Atmosphere,,,,Biomass: Foliage,,NPP,Net Growth Wetland Forested: Atmosphere -> Foliage,,1,,,,,
,,,,,Wetland:Palustrine Forested,,Atmosphere,,,,Biomass: Merchantable,,NPP,Net Growth Wetland Forested: Atmosphere -> Merchantable,,1,,,,,
,,,,,Wetland:Palustrine Forested,,Atmosphere,,,,Biomass: Other Wood,,NPP,Net Growth Wetland Forested: Atmosphere -> Other Wood,,1,,,,,
,,,,,Wetland:Palustrine Forested,,Biomass: Coarse Root,,,,DOM: Aboveground Fast,,,Biomass Turnover: Coarse Roots -> AG Fast,,1,,,,,
,,,,,Wetland:Palustrine Forested,,Biomass: Coarse Root,,,,DOM: Belowground Fast,,,Biomass Turnover: Coarse Roots -> BG Fast,,1,,,,,
,,,,,Wetland:Palustrine Forested,,Biomass: Fine Root,,,,DOM: Aboveground Very Fast,,,Biomass Turnover: Fine Roots -> AG Very Fast,,1,,,,,
,,,,,Wetland:Palustrine Forested,,Biomass: Fine Root,,,,DOM: Belowground Very Fast,,,Biomass Turnover: Fine Roots -> BG Very Fast,,1,,,,,
,,,,,Wetland:Palustrine Forested,,Biomass: Foliage,,,,DOM: Aboveground Very Fast,,,Biomass Turnover: Foliage -> AG Very Fast,,1,,,,,
,,,,,Wetland:Palustrine Forested,,Biomass: Merchantable,,,,DOM: Snag Stem,,,Biomass Turnover: Merchantable -> Snag Stems,,1,,,,,
,,,,,Wetland:Palustrine Forested,,Biomass: Other Wood,,,,DOM: Aboveground Fast,,,Biomass Turnover: Other Wood -> AG Fast,,1,,,,,
,,,,,Wetland:Palustrine Forested,,Biomass: Other Wood,,,,DOM: Snag Branch,,,Biomass Turnover: Other Wood -> Snag Branches,,1,,,,,
,,,,,Wetland:Palustrine Forested,,DOM: Aboveground Fast,,,,Atmosphere,,,Emission: AG Fast -> Atmosphere,,1,,,,,
,,,,,Wetland:Palustrine Forested,,DOM: Aboveground Fast,,,,DOM: Aboveground Slow,,,Decay: AG Fast -> AG Slow,,1,,,,,
,,,,,Wetland:Palustrine Forested,,DOM: Aboveground Medium,,,,Atmosphere,,,Emission: AG Medium -> Atmosphere,,1,,,,,
,,,,,Wetland:Palustrine Forested,,DOM: Aboveground Medium,,,,DOM: Aboveground Slow,,,Decay: AG Medium -> AG Slow,,1,,,,,
,,,,,Wetland:Palustrine Forested,,DOM: Aboveground Slow,,,,Atmosphere,,,Emission: AG Slow -> Atmosphere,,1,,,,,
,,,,,Wetland:Palustrine Forested,,DOM: Aboveground Slow,,,,DOM: Belowground Slow,,,Transfer: AG Slow -> BG Slow,,1,,,,,
,,,,,Wetland:Palustrine Forested,,DOM: Aboveground Very Fast,,,,Atmosphere,,,Emission: AG Very Fast -> Atmosphere,,1,,,,,
,,,,,Wetland:Palustrine Forested,,DOM: Aboveground Very Fast,,,,DOM: Aboveground Slow,,,Decay: AG Very Fast -> AG Slow,,1,,,,,
,,,,,Wetland:Palustrine Forested,,DOM: Belowground Fast,,,,Atmosphere,,,Emission: BG Fast -> Atmosphere,,1,,,,,
,,,,,Wetland:Palustrine Forested,,DOM: Belowground Fast,,,,DOM: Belowground Slow,,,Decay: BG Fast -> BG Slow,,1,,,,,
,,,,,Wetland:Palustrine Forested,,DOM: Belowground Slow,,,,Atmosphere,,,Emission: BG Slow -> Atmosphere,,1,,,,,
,,,,,Wetland:Palustrine Forested,,DOM: Belowground Very Fast,,,,Atmosphere,,,Emission: BG Very Fast -> Atmosphere,,1,,,,,
,,,,,Wetland:Palustrine Forested,,DOM: Belowground Very Fast,,,,DOM: Belowground Slow,,,Decay: BG Very Fast -> BG Slow,,1,,,,,
,,,,,Wetland:Palustrine Forested,,DOM: Snag Branch,,,,Atmosphere,,,Emission: Snag Branch -> Atmosphere,,1,,,,,
,,,,,Wetland:Palustrine Forested,,DOM: Snag Branch,,,,DOM: Aboveground Fast,,,Transfer: Snag Branch -> AG Fast,,1,,,,,
,,,,,Wetland:Palustrine Forested,,DOM: Snag Branch,,,,DOM: Aboveground Slow,,,Decay: Snag Branch -> AG Slow,,1,,,,,
,,,,,Wetland:Palustrine Forested,,DOM: Snag Stem,,,,Atmosphere,,,Emission: Snag Stem -> Atmosphere,,1,,,,,
,,,,,Wetland:Palustrine Forested,,DOM: Snag Stem,,,,DOM: Aboveground Medium,,,Transfer: Snag Stem -> AG Medium,,1,,,,,
,,,,,Wetland:Palustrine Forested,,DOM: Snag Stem,,,,DOM: Aboveground Slow,,,Decay: Snag Stem -> AG Slow,,1,,,,,
,,,,Elm/Ash/Cottonwood Group,Forest:All,,Biomass: Coarse Root,,,,DOM: Aboveground Fast,Disturbance: Fire (High Severity) [Type],,LULC: Mortality Live,,0.5,,,,,
,,,,Elm/Ash/Cottonwood Group,Forest:All,,Biomass: Coarse Root,,,,DOM: Aboveground Fast,Disturbance: Harvest (Clearcut) [Type],,LULC: Mortality Live,,0.5,,,,,
,,,,Elm/Ash/Cottonwood Group,Forest:All,,Biomass: Coarse Root,,,,DOM: Belowground Fast,Disturbance: Fire (High Severity) [Type],,LULC: Mortality Live,,0.5,,,,,
,,,,Elm/Ash/Cottonwood Group,Forest:All,,Biomass: Coarse Root,,,,DOM: Belowground Fast,Disturbance: Harvest (Clearcut) [Type],,LULC: Mortality Live,,0.5,,,,,
,,,,Elm/Ash/Cottonwood Group,Forest:All,,Biomass: Fine Root,,,,Atmosphere: CH4,Disturbance: Fire (High Severity) [Type],,LULC: Emission Live CH4,,0.0013,,,,,
,,,,Elm/Ash/Cottonwood Group,Forest:All,,Biomass: Fine Root,,,,Atmosphere: CO,Disturbance: Fire (High Severity) [Type],,LULC: Emission Live CO,,0.0116,,,,,
,,,,Elm/Ash/Cottonwood Group,Forest:All,,Biomass: Fine Root,,,,Atmosphere: CO2,Disturbance: Fire (High Severity) [Type],,LULC: Emission Live CO2,,0.116,,,,,
,,,,Elm/Ash/Cottonwood Group,Forest:All,,Biomass: Fine Root,,,,DOM: Aboveground Very Fast,Disturbance: Fire (High Severity) [Type],,LULC: Mortality Live,,0.3711,,,,,
,,,,Elm/Ash/Cottonwood Group,Forest:All,,Biomass: Fine Root,,,,DOM: Aboveground Very Fast,Disturbance: Harvest (Clearcut) [Type],,LULC: Mortality Live,,0.5,,,,,
,,,,Elm/Ash/Cottonwood Group,Forest:All,,Biomass: Fine Root,,,,DOM: Belowground Very Fast,Disturbance: Fire (High Severity) [Type],,LULC: Mortality Live,,0.5,,,,,
,,,,Elm/Ash/Cottonwood Group,Forest:All,,Biomass: Fine Root,,,,DOM: Belowground Very Fast,Disturbance: Harvest (Clearcut) [Type],,LULC: Mortality Live,,0.5,,,,,
,,,,Elm/Ash/Cottonwood Group,Forest:All,,Biomass: Foliage,,,,Atmosphere: CH4,Disturbance: Fire (High Severity) [Type],,LULC: Emission Live CH4,,0.01,,,,,
,,,,Elm/Ash/Cottonwood Group,Forest:All,,Biomass: Foliage,,,,Atmosphere: CO,Disturbance: Fire (High Severity) [Type],,LULC: Emission Live CO,,0.09,,,,,
,,,,Elm/Ash/Cottonwood Group,Forest:All,,Biomass: Foliage,,,,Atmosphere: CO2,Disturbance: Fire (High Severity) [Type],,LULC: Emission Live CO2,,0.9,,,,,
,,,,Elm/Ash/Cottonwood Group,Forest:All,,Biomass: Foliage,,,,DOM: Aboveground Very Fast,Disturbance: Harvest (Clearcut) [Type],,LULC: Mortality Live,,1,,,,,
,,,,Elm/Ash/Cottonwood Group,Forest:All,,Biomass: Merchantable,,,,DOM: Aboveground Medium,Disturbance: Harvest (Clearcut) [Type],,LULC: Mortality Live,,0.03,,,,,
,,,,Elm/Ash/Cottonwood Group,Forest:All,,Biomass: Merchantable,,,,DOM: Snag Stem,Disturbance: Fire (High Severity) [Type],,LULC: Mortality Live,,1,,,,,
,,,,Elm/Ash/Cottonwood Group,Forest:All,,Biomass: Merchantable,,,,Forestry Sector,Disturbance: Harvest (Clearcut) [Type],,LULC: Harvest Live,,0.97,,,,,
,,,,Elm/Ash/Cottonwood Group,Forest:All,,Biomass: Other Wood,,,,Atmosphere: CH4,Disturbance: Fire (High Severity) [Type],,LULC: Emission Live CH4,,0.0003,,,,,
,,,,Elm/Ash/Cottonwood Group,Forest:All,,Biomass: Other Wood,,,,Atmosphere: CO,Disturbance: Fire (High Severity) [Type],,LULC: Emission Live CO,,0.0031,,,,,
,,,,Elm/Ash/Cottonwood Group,Forest:All,,Biomass: Other Wood,,,,Atmosphere: CO2,Disturbance: Fire (High Severity) [Type],,LULC: Emission Live CO2,,0.0306,,,,,
,,,,Elm/Ash/Cottonwood Group,Forest:All,,Biomass: Other Wood,,,,DOM: Aboveground Fast,Disturbance: Harvest (Clearcut) [Type],,LULC: Mortality Live,,1,,,,,
,,,,Elm/Ash/Cottonwood Group,Forest:All,,Biomass: Other Wood,,,,DOM: Snag Branch,Disturbance: Fire (High Severity) [Type],,LULC: Mortality Live,,0.966,,,,,
,,,,Elm/Ash/Cottonwood Group,Forest:All,,DOM: Aboveground Fast,,,,Atmosphere: CH4,Disturbance: Fire (High Severity) [Type],,LULC: Emission DOM CH4,,0.0067,,,,,
,,,,Elm/Ash/Cottonwood Group,Forest:All,,DOM: Aboveground Fast,,,,Atmosphere: CO,Disturbance: Fire (High Severity) [Type],,LULC: Emission DOM CO,,0.0606,,,,,
,,,,Elm/Ash/Cottonwood Group,Forest:All,,DOM: Aboveground Fast,,,,Atmosphere: CO2,Disturbance: Fire (High Severity) [Type],,LULC: Emission DOM CO2,,0.6056,,,,,
,,,,Elm/Ash/Cottonwood Group,Forest:All,,DOM: Aboveground Medium,,,,Atmosphere: CH4,Disturbance: Fire (High Severity) [Type],,LULC: Emission DOM CH4,,0.0058,,,,,
,,,,Elm/Ash/Cottonwood Group,Forest:All,,DOM: Aboveground Medium,,,,Atmosphere: CO,Disturbance: Fire (High Severity) [Type],,LULC: Emission DOM CO,,0.0519,,,,,
,,,,Elm/Ash/Cottonwood Group,Forest:All,,DOM: Aboveground Medium,,,,Atmosphere: CO2,Disturbance: Fire (High Severity) [Type],,LULC: Emission DOM CO2,,0.5189,,,,,
,,,,Elm/Ash/Cottonwood Group,Forest:All,,DOM: Aboveground Slow,,,,Atmosphere: CH4,Disturbance: Fire (High Severity) [Type],,LULC: Emission DOM CH4,,0.0027,,,,,
,,,,Elm/Ash/Cottonwood Group,Forest:All,,DOM: Aboveground Slow,,,,Atmosphere: CO,Disturbance: Fire (High Severity) [Type],,LULC: Emission DOM CO,,0.024,,,,,
,,,,Elm/Ash/Cottonwood Group,Forest:All,,DOM: Aboveground Slow,,,,Atmosphere: CO2,Disturbance: Fire (High Severity) [Type],,LULC: Emission DOM CO2,,0.2403,,,,,
,,,,Elm/Ash/Cottonwood Group,Forest:All,,DOM: Aboveground Very Fast,,,,Atmosphere: CH4,Disturbance: Fire (High Severity) [Type],,LULC: Emission DOM CH4,,0.0099,,,,,
,,,,Elm/Ash/Cottonwood Group,Forest:All,,DOM: Aboveground Very Fast,,,,Atmosphere: CO,Disturbance: Fire (High Severity) [Type],,LULC: Emission DOM CO,,0.0888,,,,,
,,,,Elm/Ash/Cottonwood Group,Forest:All,,DOM: Aboveground Very Fast,,,,Atmosphere: CO2,Disturbance: Fire (High Severity) [Type],,LULC: Emission DOM CO2,,0.8882,,,,,
,,,,Elm/Ash/Cottonwood Group,Forest:All,,DOM: Snag Branch,,,,DOM: Aboveground Fast,Disturbance: Fire (High Severity) [Type],,LULC: Transfer DOM,,1,,,,,
,,,,Elm/Ash/Cottonwood Group,Forest:All,,DOM: Snag Branch,,,,DOM: Aboveground Fast,Disturbance: Harvest (Clearcut) [Type],,LULC: Transfer DOM,,1,,,,,
,,,,Elm/Ash/Cottonwood Group,Forest:All,,DOM: Snag Stem,,,,DOM: Aboveground Medium,Disturbance: Fire (High Severity) [Type],,LULC: Transfer DOM,,1,,,,,
,,,,Elm/Ash/Cottonwood Group,Forest:All,,DOM: Snag Stem,,,,DOM: Aboveground Medium,Disturbance: Harvest (Clearcut) [Type],,LULC: Transfer DOM,,1,,,,,
,,,,Elm/Ash/Cottonwood Group,Wetland:Estuarine Forested,,Biomass: Coarse Root,,,,DOM: Aboveground Fast,Disturbance: Fire (High Severity) [Type],,LULC: Mortality Live,,0.5,,,,,
,,,,Elm/Ash/Cottonwood Group,Wetland:Estuarine Forested,,Biomass: Coarse Root,,,,DOM: Aboveground Fast,Disturbance: Harvest (Clearcut) [Type],,LULC: Mortality Live,,0.5,,,,,
,,,,Elm/Ash/Cottonwood Group,Wetland:Estuarine Forested,,Biomass: Coarse Root,,,,DOM: Belowground Fast,Disturbance: Fire (High Severity) [Type],,LULC: Mortality Live,,0.5,,,,,
,,,,Elm/Ash/Cottonwood Group,Wetland:Estuarine Forested,,Biomass: Coarse Root,,,,DOM: Belowground Fast,Disturbance: Harvest (Clearcut) [Type],,LULC: Mortality Live,,0.5,,,,,
,,,,Elm/Ash/Cottonwood Group,Wetland:Estuarine Forested,,Biomass: Fine Root,,,,Atmosphere: CH4,Disturbance: Fire (High Severity) [Type],,LULC: Emission Live CH4,,0.0013,,,,,
,,,,Elm/Ash/Cottonwood Group,Wetland:Estuarine Forested,,Biomass: Fine Root,,,,Atmosphere: CO,Disturbance: Fire (High Severity) [Type],,LULC: Emission Live CO,,0.0116,,,,,
,,,,Elm/Ash/Cottonwood Group,Wetland:Estuarine Forested,,Biomass: Fine Root,,,,Atmosphere: CO2,Disturbance: Fire (High Severity) [Type],,LULC: Emission Live CO2,,0.116,,,,,
,,,,Elm/Ash/Cottonwood Group,Wetland:Estuarine Forested,,Biomass: Fine Root,,,,DOM: Aboveground Very Fast,Disturbance: Fire (High Severity) [Type],,LULC: Mortality Live,,0.3711,,,,,
,,,,Elm/Ash/Cottonwood Group,Wetland:Estuarine Forested,,Biomass: Fine Root,,,,DOM: Aboveground Very Fast,Disturbance: Harvest (Clearcut) [Type],,LULC: Mortality Live,,0.5,,,,,
,,,,Elm/Ash/Cottonwood Group,Wetland:Estuarine Forested,,Biomass: Fine Root,,,,DOM: Belowground Very Fast,Disturbance: Fire (High Severity) [Type],,LULC: Mortality Live,,0.5,,,,,
,,,,Elm/Ash/Cottonwood Group,Wetland:Estuarine Forested,,Biomass: Fine Root,,,,DOM: Belowground Very Fast,Disturbance: Harvest (Clearcut) [Type],,LULC: Mortality Live,,0.5,,,,,
,,,,Elm/Ash/Cottonwood Group,Wetland:Estuarine Forested,,Biomass: Foliage,,,,Atmosphere: CH4,Disturbance: Fire (High Severity) [Type],,LULC: Emission Live CH4,,0.01,,,,,
,,,,Elm/Ash/Cottonwood Group,Wetland:Estuarine Forested,,Biomass: Foliage,,,,Atmosphere: CO,Disturbance: Fire (High Severity) [Type],,LULC: Emission Live CO,,0.09,,,,,
,,,,Elm/Ash/Cottonwood Group,Wetland:Estuarine Forested,,Biomass: Foliage,,,,Atmosphere: CO2,Disturbance: Fire (High Severity) [Type],,LULC: Emission Live CO2,,0.9,,,,,
,,,,Elm/Ash/Cottonwood Group,Wetland:Estuarine Forested,,Biomass: Foliage,,,,DOM: Aboveground Very Fast,Disturbance: Harvest (Clearcut) [Type],,LULC: Mortality Live,,1,,,,,
,,,,Elm/Ash/Cottonwood Group,Wetland:Estuarine Forested,,Biomass: Merchantable,,,,DOM: Aboveground Medium,Disturbance: Harvest (Clearcut) [Type],,LULC: Mortality Live,,0.03,,,,,
,,,,Elm/Ash/Cottonwood Group,Wetland:Estuarine Forested,,Biomass: Merchantable,,,,DOM: Snag Stem,Disturbance: Fire (High Severity) [Type],,LULC: Mortality Live,,1,,,,,
,,,,Elm/Ash/Cottonwood Group,Wetland:Estuarine Forested,,Biomass: Merchantable,,,,Forestry Sector,Disturbance: Harvest (Clearcut) [Type],,LULC: Harvest Live,,0.97,,,,,
,,,,Elm/Ash/Cottonwood Group,Wetland:Estuarine Forested,,Biomass: Other Wood,,,,Atmosphere: CH4,Disturbance: Fire (High Severity) [Type],,LULC: Emission Live CH4,,0.0003,,,,,
,,,,Elm/Ash/Cottonwood Group,Wetland:Estuarine Forested,,Biomass: Other Wood,,,,Atmosphere: CO,Disturbance: Fire (High Severity) [Type],,LULC: Emission Live CO,,0.0031,,,,,
,,,,Elm/Ash/Cottonwood Group,Wetland:Estuarine Forested,,Biomass: Other Wood,,,,Atmosphere: CO2,Disturbance: Fire (High Severity) [Type],,LULC: Emission Live CO2,,0.0306,,,,,
,,,,Elm/Ash/Cottonwood Group,Wetland:Estuarine Forested,,Biomass: Other Wood,,,,DOM: Aboveground Fast,Disturbance: Harvest (Clearcut) [Type],,LULC: Mortality Live,,1,,,,,
,,,,Elm/Ash/Cottonwood Group,Wetland:Estuarine Forested,,Biomass: Other Wood,,,,DOM: Snag Branch,Disturbance: Fire (High Severity) [Type],,LULC: Mortality Live,,0.966,,,,,
,,,,Elm/Ash/Cottonwood Group,Wetland:Estuarine Forested,,DOM: Aboveground Fast,,,,Atmosphere: CH4,Disturbance: Fire (High Severity) [Type],,LULC: Emission DOM CH4,,0.0067,,,,,
,,,,Elm/Ash/Cottonwood Group,Wetland:Estuarine Forested,,DOM: Aboveground Fast,,,,Atmosphere: CO,Disturbance: Fire (High Severity) [Type],,LULC: Emission DOM CO,,0.0606,,,,,
,,,,Elm/Ash/Cottonwood Group,Wetland:Estuarine Forested,,DOM: Aboveground Fast,,,,Atmosphere: CO2,Disturbance: Fire (High Severity) [Type],,LULC: Emission DOM CO2,,0.6056,,,,,
,,,,Elm/Ash/Cottonwood Group,Wetland:Estuarine Forested,,DOM: Aboveground Medium,,,,Atmosphere: CH4,Disturbance: Fire (High Severity) [Type],,LULC: Emission DOM CH4,,0.0058,,,,,
,,,,Elm/Ash/Cottonwood Group,Wetland:Estuarine Forested,,DOM: Aboveground Medium,,,,Atmosphere: CO,Disturbance: Fire (High Severity) [Type],,LULC: Emission DOM CO,,0.0519,,,,,
,,,,Elm/Ash/Cottonwood Group,Wetland:Estuarine Forested,,DOM: Aboveground Medium,,,,Atmosphere: CO2,Disturbance: Fire (High Severity) [Type],,LULC: Emission DOM CO2,,0.5189,,,,,
,,,,Elm/Ash/Cottonwood Group,Wetland:Estuarine Forested,,DOM: Aboveground Slow,,,,Atmosphere: CH4,Disturbance: Fire (High Severity) [Type],,LULC: Emission DOM CH4,,0.0027,,,,,
,,,,Elm/Ash/Cottonwood Group,Wetland:Estuarine Forested,,DOM: Aboveground Slow,,,,Atmosphere: CO,Disturbance: Fire (High Severity) [Type],,LULC: Emission DOM CO,,0.024,,,,,
,,,,Elm/Ash/Cottonwood Group,Wetland:Estuarine Forested,,DOM: Aboveground Slow,,,,Atmosphere: CO2,Disturbance: Fire (High Severity) [Type],,LULC: Emission DOM CO2,,0.2403,,,,,
,,,,Elm/Ash/Cottonwood Group,Wetland:Estuarine Forested,,DOM: Aboveground Very Fast,,,,Atmosphere: CH4,Disturbance: Fire (High Severity) [Type],,LULC: Emission DOM CH4,,0.0099,,,,,
,,,,Elm/Ash/Cottonwood Group,Wetland:Estuarine Forested,,DOM: Aboveground Very Fast,,,,Atmosphere: CO,Disturbance: Fire (High Severity) [Type],,LULC: Emission DOM CO,,0.0888,,,,,
,,,,Elm/Ash/Cottonwood Group,Wetland:Estuarine Forested,,DOM: Aboveground Very Fast,,,,Atmosphere: CO2,Disturbance: Fire (High Severity) [Type],,LULC: Emission DOM CO2,,0.8882,,,,,
,,,,Elm/Ash/Cottonwood Group,Wetland:Estuarine Forested,,DOM: Snag Branch,,,,DOM: Aboveground Fast,Disturbance: Fire (High Severity) [Type],,LULC: Transfer DOM,,1,,,,,
,,,,Elm/Ash/Cottonwood Group,Wetland:Estuarine Forested,,DOM: Snag Branch,,,,DOM: Aboveground Fast,Disturbance: Harvest (Clearcut) [Type],,LULC: Transfer DOM,,1,,,,,
,,,,Elm/Ash/Cottonwood Group,Wetland:Estuarine Forested,,DOM: Snag Stem,,,,DOM: Aboveground Medium,Disturbance: Fire (High Severity) [Type],,LULC: Transfer DOM,,1,,,,,
,,,,Elm/Ash/Cottonwood Group,Wetland:Estuarine Forested,,DOM: Snag Stem,,,,DOM: Aboveground Medium,Disturbance: Harvest (Clearcut) [Type],,LULC: Transfer DOM,,1,,,,,
,,,,Elm/Ash/Cottonwood Group,Wetland:Palustrine Forested,,Biomass: Coarse Root,,,,DOM: Aboveground Fast,Disturbance: Fire (High Severity) [Type],,LULC: Mortality Live,,0.5,,,,,
,,,,Elm/Ash/Cottonwood Group,Wetland:Palustrine Forested,,Biomass: Coarse Root,,,,DOM: Aboveground Fast,Disturbance: Harvest (Clearcut) [Type],,LULC: Mortality Live,,0.5,,,,,
,,,,Elm/Ash/Cottonwood Group,Wetland:Palustrine Forested,,Biomass: Coarse Root,,,,DOM: Belowground Fast,Disturbance: Fire (High Severity) [Type],,LULC: Mortality Live,,0.5,,,,,
,,,,Elm/Ash/Cottonwood Group,Wetland:Palustrine Forested,,Biomass: Coarse Root,,,,DOM: Belowground Fast,Disturbance: Harvest (Clearcut) [Type],,LULC: Mortality Live,,0.5,,,,,
,,,,Elm/Ash/Cottonwood Group,Wetland:Palustrine Forested,,Biomass: Fine Root,,,,Atmosphere: CH4,Disturbance: Fire (High Severity) [Type],,LULC: Emission Live CH4,,0.0013,,,,,
,,,,Elm/Ash/Cottonwood Group,Wetland:Palustrine Forested,,Biomass: Fine Root,,,,Atmosphere: CO,Disturbance: Fire (High Severity) [Type],,LULC: Emission Live CO,,0.0116,,,,,
,,,,Elm/Ash/Cottonwood Group,Wetland:Palustrine Forested,,Biomass: Fine Root,,,,Atmosphere: CO2,Disturbance: Fire (High Severity) [Type],,LULC: Emission Live CO2,,0.116,,,,,
,,,,Elm/Ash/Cottonwood Group,Wetland:Palustrine Forested,,Biomass: Fine Root,,,,DOM: Aboveground Very Fast,Disturbance: Fire (High Severity) [Type],,LULC: Mortality Live,,0.3711,,,,,
,,,,Elm/Ash/Cottonwood Group,Wetland:Palustrine Forested,,Biomass: Fine Root,,,,DOM: Aboveground Very Fast,Disturbance: Harvest (Clearcut) [Type],,LULC: Mortality Live,,0.5,,,,,
,,,,Elm/Ash/Cottonwood Group,Wetland:Palustrine Forested,,Biomass: Fine Root,,,,DOM: Belowground Very Fast,Disturbance: Fire (High Severity) [Type],,LULC: Mortality Live,,0.5,,,,,
,,,,Elm/Ash/Cottonwood Group,Wetland:Palustrine Forested,,Biomass: Fine Root,,,,DOM: Belowground Very Fast,Disturbance: Harvest (Clearcut) [Type],,LULC: Mortality Live,,0.5,,,,,
,,,,Elm/Ash/Cottonwood Group,Wetland:Palustrine Forested,,Biomass: Foliage,,,,Atmosphere: CH4,Disturbance: Fire (High Severity) [Type],,LULC: Emission Live CH4,,0.01,,,,,
,,,,Elm/Ash/Cottonwood Group,Wetland:Palustrine Forested,,Biomass: Foliage,,,,Atmosphere: CO,Disturbance: Fire (High Severity) [Type],,LULC: Emission Live CO,,0.09,,,,,
,,,,Elm/Ash/Cottonwood Group,Wetland:Palustrine Forested,,Biomass: Foliage,,,,Atmosphere: CO2,Disturbance: Fire (High Severity) [Type],,LULC: Emission Live CO2,,0.9,,,,,
,,,,Elm/Ash/Cottonwood Group,Wetland:Palustrine Forested,,Biomass: Foliage,,,,DOM: Aboveground Very Fast,Disturbance: Harvest (Clearcut) [Type],,LULC: Mortality Live,,1,,,,,
,,,,Elm/Ash/Cottonwood Group,Wetland:Palustrine Forested,,Biomass: Merchantable,,,,DOM: Aboveground Medium,Disturbance: Harvest (Clearcut) [Type],,LULC: Mortality Live,,0.03,,,,,
,,,,Elm/Ash/Cottonwood Group,Wetland:Palustrine Forested,,Biomass: Merchantable,,,,DOM: Snag Stem,Disturbance: Fire (High Severity) [Type],,LULC: Mortality Live,,1,,,,,
,,,,Elm/Ash/Cottonwood Group,Wetland:Palustrine Forested,,Biomass: Merchantable,,,,Forestry Sector,Disturbance: Harvest (Clearcut) [Type],,LULC: Harvest Live,,0.97,,,,,
,,,,Elm/Ash/Cottonwood Group,Wetland:Palustrine Forested,,Biomass: Other Wood,,,,Atmosphere: CH4,Disturbance: Fire (High Severity) [Type],,LULC: Emission Live CH4,,0.0003,,,,,
,,,,Elm/Ash/Cottonwood Group,Wetland:Palustrine Forested,,Biomass: Other Wood,,,,Atmosphere: CO,Disturbance: Fire (High Severity) [Type],,LULC: Emission Live CO,,0.0031,,,,,
,,,,Elm/Ash/Cottonwood Group,Wetland:Palustrine Forested,,Biomass: Other Wood,,,,Atmosphere: CO2,Disturbance: Fire (High Severity) [Type],,LULC: Emission Live CO2,,0.0306,,,,,
,,,,Elm/Ash/Cottonwood Group,Wetland:Palustrine Forested,,Biomass: Other Wood,,,,DOM: Aboveground Fast,Disturbance: Harvest (Clearcut) [Type],,LULC: Mortality Live,,1,,,,,
,,,,Elm/Ash/Cottonwood Group,Wetland:Palustrine Forested,,Biomass: Other Wood,,,,DOM: Snag Branch,Disturbance: Fire (High Severity) [Type],,LULC: Mortality Live,,0.966,,,,,
,,,,Elm/Ash/Cottonwood Group,Wetland:Palustrine Forested,,DOM: Aboveground Fast,,,,Atmosphere: CH4,Disturbance: Fire (High Severity) [Type],,LULC: Emission DOM CH4,,0.0067,,,,,
,,,,Elm/Ash/Cottonwood Group,Wetland:Palustrine Forested,,DOM: Aboveground Fast,,,,Atmosphere: CO,Disturbance: Fire (High Severity) [Type],,LULC: Emission DOM CO,,0.0606,,,,,
,,,,Elm/Ash/Cottonwood Group,Wetland:Palustrine Forested,,DOM: Aboveground Fast,,,,Atmosphere: CO2,Disturbance: Fire (High Severity) [Type],,LULC: Emission DOM CO2,,0.6056,,,,,
,,,,Elm/Ash/Cottonwood Group,Wetland:Palustrine Forested,,DOM: Aboveground Medium,,,,Atmosphere: CH4,Disturbance: Fire (High Severity) [Type],,LULC: Emission DOM CH4,,0.0058,,,,,
,,,,Elm/Ash/Cottonwood Group,Wetland:Palustrine Forested,,DOM: Aboveground Medium,,,,Atmosphere: CO,Disturbance: Fire (High Severity) [Type],,LULC: Emission DOM CO,,0.0519,,,,,
,,,,Elm/Ash/Cottonwood Group,Wetland:Palustrine Forested,,DOM: Aboveground Medium,,,,Atmosphere: CO2,Disturbance: Fire (High Severity) [Type],,LULC: Emission DOM CO2,,0.5189,,,,,
,,,,Elm/Ash/Cottonwood Group,Wetland:Palustrine Forested,,DOM: Aboveground Slow,,,,Atmosphere: CH4,Disturbance: Fire (High Severity) [Type],,LULC: Emission DOM CH4,,0.0027,,,,,
,,,,Elm/Ash/Cottonwood Group,Wetland:Palustrine Forested,,DOM: Aboveground Slow,,,,Atmosphere: CO,Disturbance: Fire (High Severity) [Type],,LULC: Emission DOM CO,,0.024,,,,,
,,,,Elm/Ash/Cottonwood Group,Wetland:Palustrine Forested,,DOM: Aboveground Slow,,,,Atmosphere: CO2,Disturbance: Fire (High Severity) [Type],,LULC: Emission DOM CO2,,0.2403,,,,,
,,,,Elm/Ash/Cottonwood Group,Wetland:Palustrine Forested,,DOM: Aboveground Very Fast,,,,Atmosphere: CH4,Disturbance: Fire (High Severity) [Type],,LULC: Emission DOM CH4,,0.0099,,,,,
,,,,Elm/Ash/Cottonwood Group,Wetland:Palustrine Forested,,DOM: Aboveground Very Fast,,,,Atmosphere: CO,Disturbance: Fire (High Severity) [Type],,LULC: Emission DOM CO,,0.0888,,,,,
,,,,Elm/Ash/Cottonwood Group,Wetland:Palustrine Forested,,DOM: Aboveground Very Fast,,,,Atmosphere: CO2,Disturbance: Fire (High Severity) [Type],,LULC: Emission DOM CO2,,0.8882,,,,,
,,,,Elm/Ash/Cottonwood Group,Wetland:Palustrine Forested,,DOM: Snag Branch,,,,DOM: Aboveground Fast,Disturbance: Fire (High Severity) [Type],,LULC: Transfer DOM,,1,,,,,
,,,,Elm/Ash/Cottonwood Group,Wetland:Palustrine Forested,,DOM: Snag Branch,,,,DOM: Aboveground Fast,Disturbance: Harvest (Clearcut) [Type],,LULC: Transfer DOM,,1,,,,,
,,,,Elm/Ash/Cottonwood Group,Wetland:Palustrine Forested,,DOM: Snag Stem,,,,DOM: Aboveground Medium,Disturbance: Fire (High Severity) [Type],,LULC: Transfer DOM,,1,,,,,
,,,,Elm/Ash/Cottonwood Group,Wetland:Palustrine Forested,,DOM: Snag Stem,,,,DOM: Aboveground Medium,Disturbance: Harvest (Clearcut) [Type],,LULC: Transfer DOM,,1,,,,,
,,,,Exotic Hardwoods Group,Forest:All,,Biomass: Coarse Root,,,,DOM: Aboveground Fast,Disturbance: Fire (High Severity) [Type],,LULC: Mortality Live,,0.5,,,,,
,,,,Exotic Hardwoods Group,Forest:All,,Biomass: Coarse Root,,,,DOM: Aboveground Fast,Disturbance: Harvest (Clearcut) [Type],,LULC: Mortality Live,,0.5,,,,,
,,,,Exotic Hardwoods Group,Forest:All,,Biomass: Coarse Root,,,,DOM: Belowground Fast,Disturbance: Fire (High Severity) [Type],,LULC: Mortality Live,,0.5,,,,,
,,,,Exotic Hardwoods Group,Forest:All,,Biomass: Coarse Root,,,,DOM: Belowground Fast,Disturbance: Harvest (Clearcut) [Type],,LULC: Mortality Live,,0.5,,,,,
,,,,Exotic Hardwoods Group,Forest:All,,Biomass: Fine Root,,,,Atmosphere: CH4,Disturbance: Fire (High Severity) [Type],,LULC: Emission Live CH4,,0.0013,,,,,
,,,,Exotic Hardwoods Group,Forest:All,,Biomass: Fine Root,,,,Atmosphere: CO,Disturbance: Fire (High Severity) [Type],,LULC: Emission Live CO,,0.0116,,,,,
,,,,Exotic Hardwoods Group,Forest:All,,Biomass: Fine Root,,,,Atmosphere: CO2,Disturbance: Fire (High Severity) [Type],,LULC: Emission Live CO2,,0.116,,,,,
,,,,Exotic Hardwoods Group,Forest:All,,Biomass: Fine Root,,,,DOM: Aboveground Very Fast,Disturbance: Fire (High Severity) [Type],,LULC: Mortality Live,,0.3711,,,,,
,,,,Exotic Hardwoods Group,Forest:All,,Biomass: Fine Root,,,,DOM: Aboveground Very Fast,Disturbance: Harvest (Clearcut) [Type],,LULC: Mortality Live,,0.5,,,,,
,,,,Exotic Hardwoods Group,Forest:All,,Biomass: Fine Root,,,,DOM: Belowground Very Fast,Disturbance: Fire (High Severity) [Type],,LULC: Mortality Live,,0.5,,,,,
,,,,Exotic Hardwoods Group,Forest:All,,Biomass: Fine Root,,,,DOM: Belowground Very Fast,Disturbance: Harvest (Clearcut) [Type],,LULC: Mortality Live,,0.5,,,,,
,,,,Exotic Hardwoods Group,Forest:All,,Biomass: Foliage,,,,Atmosphere: CH4,Disturbance: Fire (High Severity) [Type],,LULC: Emission Live CH4,,0.01,,,,,
,,,,Exotic Hardwoods Group,Forest:All,,Biomass: Foliage,,,,Atmosphere: CO,Disturbance: Fire (High Severity) [Type],,LULC: Emission Live CO,,0.09,,,,,
,,,,Exotic Hardwoods Group,Forest:All,,Biomass: Foliage,,,,Atmosphere: CO2,Disturbance: Fire (High Severity) [Type],,LULC: Emission Live CO2,,0.9,,,,,
,,,,Exotic Hardwoods Group,Forest:All,,Biomass: Foliage,,,,DOM: Aboveground Very Fast,Disturbance: Harvest (Clearcut) [Type],,LULC: Mortality Live,,1,,,,,
,,,,Exotic Hardwoods Group,Forest:All,,Biomass: Merchantable,,,,DOM: Aboveground Medium,Disturbance: Harvest (Clearcut) [Type],,LULC: Mortality Live,,0.03,,,,,
,,,,Exotic Hardwoods Group,Forest:All,,Biomass: Merchantable,,,,DOM: Snag Stem,Disturbance: Fire (High Severity) [Type],,LULC: Mortality Live,,1,,,,,
,,,,Exotic Hardwoods Group,Forest:All,,Biomass: Merchantable,,,,Forestry Sector,Disturbance: Harvest (Clearcut) [Type],,LULC: Harvest Live,,0.97,,,,,
,,,,Exotic Hardwoods Group,Forest:All,,Biomass: Other Wood,,,,Atmosphere: CH4,Disturbance: Fire (High Severity) [Type],,LULC: Emission Live CH4,,0.0003,,,,,
,,,,Exotic Hardwoods Group,Forest:All,,Biomass: Other Wood,,,,Atmosphere: CO,Disturbance: Fire (High Severity) [Type],,LULC: Emission Live CO,,0.0031,,,,,
,,,,Exotic Hardwoods Group,Forest:All,,Biomass: Other Wood,,,,Atmosphere: CO2,Disturbance: Fire (High Severity) [Type],,LULC: Emission Live CO2,,0.0306,,,,,
,,,,Exotic Hardwoods Group,Forest:All,,Biomass: Other Wood,,,,DOM: Aboveground Fast,Disturbance: Harvest (Clearcut) [Type],,LULC: Mortality Live,,1,,,,,
,,,,Exotic Hardwoods Group,Forest:All,,Biomass: Other Wood,,,,DOM: Snag Branch,Disturbance: Fire (High Severity) [Type],,LULC: Mortality Live,,0.966,,,,,
,,,,Exotic Hardwoods Group,Forest:All,,DOM: Aboveground Fast,,,,Atmosphere: CH4,Disturbance: Fire (High Severity) [Type],,LULC: Emission DOM CH4,,0.0067,,,,,
,,,,Exotic Hardwoods Group,Forest:All,,DOM: Aboveground Fast,,,,Atmosphere: CO,Disturbance: Fire (High Severity) [Type],,LULC: Emission DOM CO,,0.0606,,,,,
,,,,Exotic Hardwoods Group,Forest:All,,DOM: Aboveground Fast,,,,Atmosphere: CO2,Disturbance: Fire (High Severity) [Type],,LULC: Emission DOM CO2,,0.6056,,,,,
,,,,Exotic Hardwoods Group,Forest:All,,DOM: Aboveground Medium,,,,Atmosphere: CH4,Disturbance: Fire (High Severity) [Type],,LULC: Emission DOM CH4,,0.0058,,,,,
,,,,Exotic Hardwoods Group,Forest:All,,DOM: Aboveground Medium,,,,Atmosphere: CO,Disturbance: Fire (High Severity) [Type],,LULC: Emission DOM CO,,0.0519,,,,,
,,,,Exotic Hardwoods Group,Forest:All,,DOM: Aboveground Medium,,,,Atmosphere: CO2,Disturbance: Fire (High Severity) [Type],,LULC: Emission DOM CO2,,0.5189,,,,,
,,,,Exotic Hardwoods Group,Forest:All,,DOM: Aboveground Slow,,,,Atmosphere: CH4,Disturbance: Fire (High Severity) [Type],,LULC: Emission DOM CH4,,0.0027,,,,,
,,,,Exotic Hardwoods Group,Forest:All,,DOM: Aboveground Slow,,,,Atmosphere: CO,Disturbance: Fire (High Severity) [Type],,LULC: Emission DOM CO,,0.024,,,,,
,,,,Exotic Hardwoods Group,Forest:All,,DOM: Aboveground Slow,,,,Atmosphere: CO2,Disturbance: Fire (High Severity) [Type],,LULC: Emission DOM CO2,,0.2403,,,,,
,,,,Exotic Hardwoods Group,Forest:All,,DOM: Aboveground Very Fast,,,,Atmosphere: CH4,Disturbance: Fire (High Severity) [Type],,LULC: Emission DOM CH4,,0.0099,,,,,
,,,,Exotic Hardwoods Group,Forest:All,,DOM: Aboveground Very Fast,,,,Atmosphere: CO,Disturbance: Fire (High Severity) [Type],,LULC: Emission DOM CO,,0.0888,,,,,
,,,,Exotic Hardwoods Group,Forest:All,,DOM: Aboveground Very Fast,,,,Atmosphere: CO2,Disturbance: Fire (High Severity) [Type],,LULC: Emission DOM CO2,,0.8882,,,,,
,,,,Exotic Hardwoods Group,Forest:All,,DOM: Snag Branch,,,,DOM: Aboveground Fast,Disturbance: Fire (High Severity) [Type],,LULC: Transfer DOM,,1,,,,,
,,,,Exotic Hardwoods Group,Forest:All,,DOM: Snag Branch,,,,DOM: Aboveground Fast,Disturbance: Harvest (Clearcut) [Type],,LULC: Transfer DOM,,1,,,,,
,,,,Exotic Hardwoods Group,Forest:All,,DOM: Snag Stem,,,,DOM: Aboveground Medium,Disturbance: Fire (High Severity) [Type],,LULC: Transfer DOM,,1,,,,,
,,,,Exotic Hardwoods Group,Forest:All,,DOM: Snag Stem,,,,DOM: Aboveground Medium,Disturbance: Harvest (Clearcut) [Type],,LULC: Transfer DOM,,1,,,,,
,,,,Exotic Hardwoods Group,Wetland:Estuarine Forested,,Biomass: Coarse Root,,,,DOM: Aboveground Fast,Disturbance: Fire (High Severity) [Type],,LULC: Mortality Live,,0.5,,,,,
,,,,Exotic Hardwoods Group,Wetland:Estuarine Forested,,Biomass: Coarse Root,,,,DOM: Aboveground Fast,Disturbance: Harvest (Clearcut) [Type],,LULC: Mortality Live,,0.5,,,,,
,,,,Exotic Hardwoods Group,Wetland:Estuarine Forested,,Biomass: Coarse Root,,,,DOM: Belowground Fast,Disturbance: Fire (High Severity) [Type],,LULC: Mortality Live,,0.5,,,,,
,,,,Exotic Hardwoods Group,Wetland:Estuarine Forested,,Biomass: Coarse Root,,,,DOM: Belowground Fast,Disturbance: Harvest (Clearcut) [Type],,LULC: Mortality Live,,0.5,,,,,
,,,,Exotic Hardwoods Group,Wetland:Estuarine Forested,,Biomass: Fine Root,,,,Atmosphere: CH4,Disturbance: Fire (High Severity) [Type],,LULC: Emission Live CH4,,0.0013,,,,,
,,,,Exotic Hardwoods Group,Wetland:Estuarine Forested,,Biomass: Fine Root,,,,Atmosphere: CO,Disturbance: Fire (High Severity) [Type],,LULC: Emission Live CO,,0.0116,,,,,
,,,,Exotic Hardwoods Group,Wetland:Estuarine Forested,,Biomass: Fine Root,,,,Atmosphere: CO2,Disturbance: Fire (High Severity) [Type],,LULC: Emission Live CO2,,0.116,,,,,
,,,,Exotic Hardwoods Group,Wetland:Estuarine Forested,,Biomass: Fine Root,,,,DOM: Aboveground Very Fast,Disturbance: Fire (High Severity) [Type],,LULC: Mortality Live,,0.3711,,,,,
,,,,Exotic Hardwoods Group,Wetland:Estuarine Forested,,Biomass: Fine Root,,,,DOM: Aboveground Very Fast,Disturbance: Harvest (Clearcut) [Type],,LULC: Mortality Live,,0.5,,,,,
,,,,Exotic Hardwoods Group,Wetland:Estuarine Forested,,Biomass: Fine Root,,,,DOM: Belowground Very Fast,Disturbance: Fire (High Severity) [Type],,LULC: Mortality Live,,0.5,,,,,
,,,,Exotic Hardwoods Group,Wetland:Estuarine Forested,,Biomass: Fine Root,,,,DOM: Belowground Very Fast,Disturbance: Harvest (Clearcut) [Type],,LULC: Mortality Live,,0.5,,,,,
,,,,Exotic Hardwoods Group,Wetland:Estuarine Forested,,Biomass: Foliage,,,,Atmosphere: CH4,Disturbance: Fire (High Severity) [Type],,LULC: Emission Live CH4,,0.01,,,,,
,,,,Exotic Hardwoods Group,Wetland:Estuarine Forested,,Biomass: Foliage,,,,Atmosphere: CO,Disturbance: Fire (High Severity) [Type],,LULC: Emission Live CO,,0.09,,,,,
,,,,Exotic Hardwoods Group,Wetland:Estuarine Forested,,Biomass: Foliage,,,,Atmosphere: CO2,Disturbance: Fire (High Severity) [Type],,LULC: Emission Live CO2,,0.9,,,,,
,,,,Exotic Hardwoods Group,Wetland:Estuarine Forested,,Biomass: Foliage,,,,DOM: Aboveground Very Fast,Disturbance: Harvest (Clearcut) [Type],,LULC: Mortality Live,,1,,,,,
,,,,Exotic Hardwoods Group,Wetland:Estuarine Forested,,Biomass: Merchantable,,,,DOM: Aboveground Medium,Disturbance: Harvest (Clearcut) [Type],,LULC: Mortality Live,,0.03,,,,,
,,,,Exotic Hardwoods Group,Wetland:Estuarine Forested,,Biomass: Merchantable,,,,DOM: Snag Stem,Disturbance: Fire (High Severity) [Type],,LULC: Mortality Live,,1,,,,,
,,,,Exotic Hardwoods Group,Wetland:Estuarine Forested,,Biomass: Merchantable,,,,Forestry Sector,Disturbance: Harvest (Clearcut) [Type],,LULC: Harvest Live,,0.97,,,,,
,,,,Exotic Hardwoods Group,Wetland:Estuarine Forested,,Biomass: Other Wood,,,,Atmosphere: CH4,Disturbance: Fire (High Severity) [Type],,LULC: Emission Live CH4,,0.0003,,,,,
,,,,Exotic Hardwoods Group,Wetland:Estuarine Forested,,Biomass: Other Wood,,,,Atmosphere: CO,Disturbance: Fire (High Severity) [Type],,LULC: Emission Live CO,,0.0031,,,,,
,,,,Exotic Hardwoods Group,Wetland:Estuarine Forested,,Biomass: Other Wood,,,,Atmosphere: CO2,Disturbance: Fire (High Severity) [Type],,LULC: Emission Live CO2,,0.0306,,,,,
,,,,Exotic Hardwoods Group,Wetland:Estuarine Forested,,Biomass: Other Wood,,,,DOM: Aboveground Fast,Disturbance: Harvest (Clearcut) [Type],,LULC: Mortality Live,,1,,,,,
,,,,Exotic Hardwoods Group,Wetland:Estuarine Forested,,Biomass: Other Wood,,,,DOM: Snag Branch,Disturbance: Fire (High Severity) [Type],,LULC: Mortality Live,,0.966,,,,,
,,,,Exotic Hardwoods Group,Wetland:Estuarine Forested,,DOM: Aboveground Fast,,,,Atmosphere: CH4,Disturbance: Fire (High Severity) [Type],,LULC: Emission DOM CH4,,0.0067,,,,,
,,,,Exotic Hardwoods Group,Wetland:Estuarine Forested,,DOM: Aboveground Fast,,,,Atmosphere: CO,Disturbance: Fire (High Severity) [Type],,LULC: Emission DOM CO,,0.0606,,,,,
,,,,Exotic Hardwoods Group,Wetland:Estuarine Forested,,DOM: Aboveground Fast,,,,Atmosphere: CO2,Disturbance: Fire (High Severity) [Type],,LULC: Emission DOM CO2,,0.6056,,,,,
,,,,Exotic Hardwoods Group,Wetland:Estuarine Forested,,DOM: Aboveground Medium,,,,Atmosphere: CH4,Disturbance: Fire (High Severity) [Type],,LULC: Emission DOM CH4,,0.0058,,,,,
,,,,Exotic Hardwoods Group,Wetland:Estuarine Forested,,DOM: Aboveground Medium,,,,Atmosphere: CO,Disturbance: Fire (High Severity) [Type],,LULC: Emission DOM CO,,0.0519,,,,,
,,,,Exotic Hardwoods Group,Wetland:Estuarine Forested,,DOM: Aboveground Medium,,,,Atmosphere: CO2,Disturbance: Fire (High Severity) [Type],,LULC: Emission DOM CO2,,0.5189,,,,,
,,,,Exotic Hardwoods Group,Wetland:Estuarine Forested,,DOM: Aboveground Slow,,,,Atmosphere: CH4,Disturbance: Fire (High Severity) [Type],,LULC: Emission DOM CH4,,0.0027,,,,,
,,,,Exotic Hardwoods Group,Wetland:Estuarine Forested,,DOM: Aboveground Slow,,,,Atmosphere: CO,Disturbance: Fire (High Severity) [Type],,LULC: Emission DOM CO,,0.024,,,,,
,,,,Exotic Hardwoods Group,Wetland:Estuarine Forested,,DOM: Aboveground Slow,,,,Atmosphere: CO2,Disturbance: Fire (High Severity) [Type],,LULC: Emission DOM CO2,,0.2403,,,,,
,,,,Exotic Hardwoods Group,Wetland:Estuarine Forested,,DOM: Aboveground Very Fast,,,,Atmosphere: CH4,Disturbance: Fire (High Severity) [Type],,LULC: Emission DOM CH4,,0.0099,,,,,
,,,,Exotic Hardwoods Group,Wetland:Estuarine Forested,,DOM: Aboveground Very Fast,,,,Atmosphere: CO,Disturbance: Fire (High Severity) [Type],,LULC: Emission DOM CO,,0.0888,,,,,
,,,,Exotic Hardwoods Group,Wetland:Estuarine Forested,,DOM: Aboveground Very Fast,,,,Atmosphere: CO2,Disturbance: Fire (High Severity) [Type],,LULC: Emission DOM CO2,,0.8882,,,,,
,,,,Exotic Hardwoods Group,Wetland:Estuarine Forested,,DOM: Snag Branch,,,,DOM: Aboveground Fast,Disturbance: Fire (High Severity) [Type],,LULC: Transfer DOM,,1,,,,,
,,,,Exotic Hardwoods Group,Wetland:Estuarine Forested,,DOM: Snag Branch,,,,DOM: Aboveground Fast,Disturbance: Harvest (Clearcut) [Type],,LULC: Transfer DOM,,1,,,,,
,,,,Exotic Hardwoods Group,Wetland:Estuarine Forested,,DOM: Snag Stem,,,,DOM: Aboveground Medium,Disturbance: Fire (High Severity) [Type],,LULC: Transfer DOM,,1,,,,,
,,,,Exotic Hardwoods Group,Wetland:Estuarine Forested,,DOM: Snag Stem,,,,DOM: Aboveground Medium,Disturbance: Harvest (Clearcut) [Type],,LULC: Transfer DOM,,1,,,,,
,,,,Exotic Hardwoods Group,Wetland:Palustrine Forested,,Biomass: Coarse Root,,,,DOM: Aboveground Fast,Disturbance: Fire (High Severity) [Type],,LULC: Mortality Live,,0.5,,,,,
,,,,Exotic Hardwoods Group,Wetland:Palustrine Forested,,Biomass: Coarse Root,,,,DOM: Aboveground Fast,Disturbance: Harvest (Clearcut) [Type],,LULC: Mortality Live,,0.5,,,,,
,,,,Exotic Hardwoods Group,Wetland:Palustrine Forested,,Biomass: Coarse Root,,,,DOM: Belowground Fast,Disturbance: Fire (High Severity) [Type],,LULC: Mortality Live,,0.5,,,,,
,,,,Exotic Hardwoods Group,Wetland:Palustrine Forested,,Biomass: Coarse Root,,,,DOM: Belowground Fast,Disturbance: Harvest (Clearcut) [Type],,LULC: Mortality Live,,0.5,,,,,
,,,,Exotic Hardwoods Group,Wetland:Palustrine Forested,,Biomass: Fine Root,,,,Atmosphere: CH4,Disturbance: Fire (High Severity) [Type],,LULC: Emission Live CH4,,0.0013,,,,,
,,,,Exotic Hardwoods Group,Wetland:Palustrine Forested,,Biomass: Fine Root,,,,Atmosphere: CO,Disturbance: Fire (High Severity) [Type],,LULC: Emission Live CO,,0.0116,,,,,
,,,,Exotic Hardwoods Group,Wetland:Palustrine Forested,,Biomass: Fine Root,,,,Atmosphere: CO2,Disturbance: Fire (High Severity) [Type],,LULC: Emission Live CO2,,0.116,,,,,
,,,,Exotic Hardwoods Group,Wetland:Palustrine Forested,,Biomass: Fine Root,,,,DOM: Aboveground Very Fast,Disturbance: Fire (High Severity) [Type],,LULC: Mortality Live,,0.3711,,,,,
,,,,Exotic Hardwoods Group,Wetland:Palustrine Forested,,Biomass: Fine Root,,,,DOM: Aboveground Very Fast,Disturbance: Harvest (Clearcut) [Type],,LULC: Mortality Live,,0.5,,,,,
,,,,Exotic Hardwoods Group,Wetland:Palustrine Forested,,Biomass: Fine Root,,,,DOM: Belowground Very Fast,Disturbance: Fire (High Severity) [Type],,LULC: Mortality Live,,0.5,,,,,
,,,,Exotic Hardwoods Group,Wetland:Palustrine Forested,,Biomass: Fine Root,,,,DOM: Belowground Very Fast,Disturbance: Harvest (Clearcut) [Type],,LULC: Mortality Live,,0.5,,,,,
,,,,Exotic Hardwoods Group,Wetland:Palustrine Forested,,Biomass: Foliage,,,,Atmosphere: CH4,Disturbance: Fire (High Severity) [Type],,LULC: Emission Live CH4,,0.01,,,,,
,,,,Exotic Hardwoods Group,Wetland:Palustrine Forested,,Biomass: Foliage,,,,Atmosphere: CO,Disturbance: Fire (High Severity) [Type],,LULC: Emission Live CO,,0.09,,,,,
,,,,Exotic Hardwoods Group,Wetland:Palustrine Forested,,Biomass: Foliage,,,,Atmosphere: CO2,Disturbance: Fire (High Severity) [Type],,LULC: Emission Live CO2,,0.9,,,,,
,,,,Exotic Hardwoods Group,Wetland:Palustrine Forested,,Biomass: Foliage,,,,DOM: Aboveground Very Fast,Disturbance: Harvest (Clearcut) [Type],,LULC: Mortality Live,,1,,,,,
,,,,Exotic Hardwoods Group,Wetland:Palustrine Forested,,Biomass: Merchantable,,,,DOM: Aboveground Medium,Disturbance: Harvest (Clearcut) [Type],,LULC: Mortality Live,,0.03,,,,,
,,,,Exotic Hardwoods Group,Wetland:Palustrine Forested,,Biomass: Merchantable,,,,DOM: Snag Stem,Disturbance: Fire (High Severity) [Type],,LULC: Mortality Live,,1,,,,,
,,,,Exotic Hardwoods Group,Wetland:Palustrine Forested,,Biomass: Merchantable,,,,Forestry Sector,Disturbance: Harvest (Clearcut) [Type],,LULC: Harvest Live,,0.97,,,,,
,,,,Exotic Hardwoods Group,Wetland:Palustrine Forested,,Biomass: Other Wood,,,,Atmosphere: CH4,Disturbance: Fire (High Severity) [Type],,LULC: Emission Live CH4,,0.0003,,,,,
,,,,Exotic Hardwoods Group,Wetland:Palustrine Forested,,Biomass: Other Wood,,,,Atmosphere: CO,Disturbance: Fire (High Severity) [Type],,LULC: Emission Live CO,,0.0031,,,,,
,,,,Exotic Hardwoods Group,Wetland:Palustrine Forested,,Biomass: Other Wood,,,,Atmosphere: CO2,Disturbance: Fire (High Severity) [Type],,LULC: Emission Live CO2,,0.0306,,,,,
,,,,Exotic Hardwoods Group,Wetland:Palustrine Forested,,Biomass: Other Wood,,,,DOM: Aboveground Fast,Disturbance: Harvest (Clearcut) [Type],,LULC: Mortality Live,,1,,,,,
,,,,Exotic Hardwoods Group,Wetland:Palustrine Forested,,Biomass: Other Wood,,,,DOM: Snag Branch,Disturbance: Fire (High Severity) [Type],,LULC: Mortality Live,,0.966,,,,,
,,,,Exotic Hardwoods Group,Wetland:Palustrine Forested,,DOM: Aboveground Fast,,,,Atmosphere: CH4,Disturbance: Fire (High Severity) [Type],,LULC: Emission DOM CH4,,0.0067,,,,,
,,,,Exotic Hardwoods Group,Wetland:Palustrine Forested,,DOM: Aboveground Fast,,,,Atmosphere: CO,Disturbance: Fire (High Severity) [Type],,LULC: Emission DOM CO,,0.0606,,,,,
,,,,Exotic Hardwoods Group,Wetland:Palustrine Forested,,DOM: Aboveground Fast,,,,Atmosphere: CO2,Disturbance: Fire (High Severity) [Type],,LULC: Emission DOM CO2,,0.6056,,,,,
,,,,Exotic Hardwoods Group,Wetland:Palustrine Forested,,DOM: Aboveground Medium,,,,Atmosphere: CH4,Disturbance: Fire (High Severity) [Type],,LULC: Emission DOM CH4,,0.0058,,,,,
,,,,Exotic Hardwoods Group,Wetland:Palustrine Forested,,DOM: Aboveground Medium,,,,Atmosphere: CO,Disturbance: Fire (High Severity) [Type],,LULC: Emission DOM CO,,0.0519,,,,,
,,,,Exotic Hardwoods Group,Wetland:Palustrine Forested,,DOM: Aboveground Medium,,,,Atmosphere: CO2,Disturbance: Fire (High Severity) [Type],,LULC: Emission DOM CO2,,0.5189,,,,,
,,,,Exotic Hardwoods Group,Wetland:Palustrine Forested,,DOM: Aboveground Slow,,,,Atmosphere: CH4,Disturbance: Fire (High Severity) [Type],,LULC: Emission DOM CH4,,0.0027,,,,,
,,,,Exotic Hardwoods Group,Wetland:Palustrine Forested,,DOM: Aboveground Slow,,,,Atmosphere: CO,Disturbance: Fire (High Severity) [Type],,LULC: Emission DOM CO,,0.024,,,,,
,,,,Exotic Hardwoods Group,Wetland:Palustrine Forested,,DOM: Aboveground Slow,,,,Atmosphere: CO2,Disturbance: Fire (High Severity) [Type],,LULC: Emission DOM CO2,,0.2403,,,,,
,,,,Exotic Hardwoods Group,Wetland:Palustrine Forested,,DOM: Aboveground Very Fast,,,,Atmosphere: CH4,Disturbance: Fire (High Severity) [Type],,LULC: Emission DOM CH4,,0.0099,,,,,
,,,,Exotic Hardwoods Group,Wetland:Palustrine Forested,,DOM: Aboveground Very Fast,,,,Atmosphere: CO,Disturbance: Fire (High Severity) [Type],,LULC: Emission DOM CO,,0.0888,,,,,
,,,,Exotic Hardwoods Group,Wetland:Palustrine Forested,,DOM: Aboveground Very Fast,,,,Atmosphere: CO2,Disturbance: Fire (High Severity) [Type],,LULC: Emission DOM CO2,,0.8882,,,,,
,,,,Exotic Hardwoods Group,Wetland:Palustrine Forested,,DOM: Snag Branch,,,,DOM: Aboveground Fast,Disturbance: Fire (High Severity) [Type],,LULC: Transfer DOM,,1,,,,,
,,,,Exotic Hardwoods Group,Wetland:Palustrine Forested,,DOM: Snag Branch,,,,DOM: Aboveground Fast,Disturbance: Harvest (Clearcut) [Type],,LULC: Transfer DOM,,1,,,,,
,,,,Exotic Hardwoods Group,Wetland:Palustrine Forested,,DOM: Snag Stem,,,,DOM: Aboveground Medium,Disturbance: Fire (High Severity) [Type],,LULC: Transfer DOM,,1,,,,,
,,,,Exotic Hardwoods Group,Wetland:Palustrine Forested,,DOM: Snag Stem,,,,DOM: Aboveground Medium,Disturbance: Harvest (Clearcut) [Type],,LULC: Transfer DOM,,1,,,,,
,,,,Loblolly/Shortleaf Pine Group,Forest:All,,Biomass: Coarse Root,,,,DOM: Aboveground Fast,Disturbance: Fire (High Severity) [Type],,LULC: Mortality Live,,0.5,,,,,
,,,,Loblolly/Shortleaf Pine Group,Forest:All,,Biomass: Coarse Root,,,,DOM: Aboveground Fast,Disturbance: Harvest (Clearcut) [Type],,LULC: Mortality Live,,0.5,,,,,
,,,,Loblolly/Shortleaf Pine Group,Forest:All,,Biomass: Coarse Root,,,,DOM: Belowground Fast,Disturbance: Fire (High Severity) [Type],,LULC: Mortality Live,,0.5,,,,,
,,,,Loblolly/Shortleaf Pine Group,Forest:All,,Biomass: Coarse Root,,,,DOM: Belowground Fast,Disturbance: Harvest (Clearcut) [Type],,LULC: Mortality Live,,0.5,,,,,
,,,,Loblolly/Shortleaf Pine Group,Forest:All,,Biomass: Fine Root,,,,Atmosphere: CH4,Disturbance: Fire (High Severity) [Type],,LULC: Emission Live CH4,,0.0013,,,,,
,,,,Loblolly/Shortleaf Pine Group,Forest:All,,Biomass: Fine Root,,,,Atmosphere: CO,Disturbance: Fire (High Severity) [Type],,LULC: Emission Live CO,,0.012,,,,,
,,,,Loblolly/Shortleaf Pine Group,Forest:All,,Biomass: Fine Root,,,,Atmosphere: CO2,Disturbance: Fire (High Severity) [Type],,LULC: Emission Live CO2,,0.1202,,,,,
,,,,Loblolly/Shortleaf Pine Group,Forest:All,,Biomass: Fine Root,,,,DOM: Aboveground Very Fast,Disturbance: Fire (High Severity) [Type],,LULC: Mortality Live,,0.3665,,,,,
,,,,Loblolly/Shortleaf Pine Group,Forest:All,,Biomass: Fine Root,,,,DOM: Aboveground Very Fast,Disturbance: Harvest (Clearcut) [Type],,LULC: Mortality Live,,0.5,,,,,
,,,,Loblolly/Shortleaf Pine Group,Forest:All,,Biomass: Fine Root,,,,DOM: Belowground Very Fast,Disturbance: Fire (High Severity) [Type],,LULC: Mortality Live,,0.5,,,,,
,,,,Loblolly/Shortleaf Pine Group,Forest:All,,Biomass: Fine Root,,,,DOM: Belowground Very Fast,Disturbance: Harvest (Clearcut) [Type],,LULC: Mortality Live,,0.5,,,,,
,,,,Loblolly/Shortleaf Pine Group,Forest:All,,Biomass: Foliage,,,,Atmosphere: CH4,Disturbance: Fire (High Severity) [Type],,LULC: Emission Live CH4,,0.01,,,,,
,,,,Loblolly/Shortleaf Pine Group,Forest:All,,Biomass: Foliage,,,,Atmosphere: CO,Disturbance: Fire (High Severity) [Type],,LULC: Emission Live CO,,0.09,,,,,
,,,,Loblolly/Shortleaf Pine Group,Forest:All,,Biomass: Foliage,,,,Atmosphere: CO2,Disturbance: Fire (High Severity) [Type],,LULC: Emission Live CO2,,0.9,,,,,
,,,,Loblolly/Shortleaf Pine Group,Forest:All,,Biomass: Foliage,,,,DOM: Aboveground Very Fast,Disturbance: Harvest (Clearcut) [Type],,LULC: Mortality Live,,1,,,,,
,,,,Loblolly/Shortleaf Pine Group,Forest:All,,Biomass: Merchantable,,,,DOM: Aboveground Medium,Disturbance: Harvest (Clearcut) [Type],,LULC: Mortality Live,,0.03,,,,,
,,,,Loblolly/Shortleaf Pine Group,Forest:All,,Biomass: Merchantable,,,,DOM: Snag Stem,Disturbance: Fire (High Severity) [Type],,LULC: Mortality Live,,1,,,,,
,,,,Loblolly/Shortleaf Pine Group,Forest:All,,Biomass: Merchantable,,,,Forestry Sector,Disturbance: Harvest (Clearcut) [Type],,LULC: Harvest Live,,0.97,,,,,
,,,,Loblolly/Shortleaf Pine Group,Forest:All,,Biomass: Other Wood,,,,Atmosphere: CH4,Disturbance: Fire (High Severity) [Type],,LULC: Emission Live CH4,,0.0025,,,,,
,,,,Loblolly/Shortleaf Pine Group,Forest:All,,Biomass: Other Wood,,,,Atmosphere: CO,Disturbance: Fire (High Severity) [Type],,LULC: Emission Live CO,,0.0225,,,,,
,,,,Loblolly/Shortleaf Pine Group,Forest:All,,Biomass: Other Wood,,,,Atmosphere: CO2,Disturbance: Fire (High Severity) [Type],,LULC: Emission Live CO2,,0.225,,,,,
,,,,Loblolly/Shortleaf Pine Group,Forest:All,,Biomass: Other Wood,,,,DOM: Aboveground Fast,Disturbance: Harvest (Clearcut) [Type],,LULC: Mortality Live,,1,,,,,
,,,,Loblolly/Shortleaf Pine Group,Forest:All,,Biomass: Other Wood,,,,DOM: Snag Branch,Disturbance: Fire (High Severity) [Type],,LULC: Mortality Live,,0.75,,,,,
,,,,Loblolly/Shortleaf Pine Group,Forest:All,,DOM: Aboveground Fast,,,,Atmosphere: CH4,Disturbance: Fire (High Severity) [Type],,LULC: Emission DOM CH4,,0.0067,,,,,
,,,,Loblolly/Shortleaf Pine Group,Forest:All,,DOM: Aboveground Fast,,,,Atmosphere: CO,Disturbance: Fire (High Severity) [Type],,LULC: Emission DOM CO,,0.0606,,,,,
,,,,Loblolly/Shortleaf Pine Group,Forest:All,,DOM: Aboveground Fast,,,,Atmosphere: CO2,Disturbance: Fire (High Severity) [Type],,LULC: Emission DOM CO2,,0.6056,,,,,
,,,,Loblolly/Shortleaf Pine Group,Forest:All,,DOM: Aboveground Medium,,,,Atmosphere: CH4,Disturbance: Fire (High Severity) [Type],,LULC: Emission DOM CH4,,0.0058,,,,,
,,,,Loblolly/Shortleaf Pine Group,Forest:All,,DOM: Aboveground Medium,,,,Atmosphere: CO,Disturbance: Fire (High Severity) [Type],,LULC: Emission DOM CO,,0.0519,,,,,
,,,,Loblolly/Shortleaf Pine Group,Forest:All,,DOM: Aboveground Medium,,,,Atmosphere: CO2,Disturbance: Fire (High Severity) [Type],,LULC: Emission DOM CO2,,0.5189,,,,,
,,,,Loblolly/Shortleaf Pine Group,Forest:All,,DOM: Aboveground Slow,,,,Atmosphere: CH4,Disturbance: Fire (High Severity) [Type],,LULC: Emission DOM CH4,,0.0027,,,,,
,,,,Loblolly/Shortleaf Pine Group,Forest:All,,DOM: Aboveground Slow,,,,Atmosphere: CO,Disturbance: Fire (High Severity) [Type],,LULC: Emission DOM CO,,0.024,,,,,
,,,,Loblolly/Shortleaf Pine Group,Forest:All,,DOM: Aboveground Slow,,,,Atmosphere: CO2,Disturbance: Fire (High Severity) [Type],,LULC: Emission DOM CO2,,0.2403,,,,,
,,,,Loblolly/Shortleaf Pine Group,Forest:All,,DOM: Aboveground Very Fast,,,,Atmosphere: CH4,Disturbance: Fire (High Severity) [Type],,LULC: Emission DOM CH4,,0.0099,,,,,
,,,,Loblolly/Shortleaf Pine Group,Forest:All,,DOM: Aboveground Very Fast,,,,Atmosphere: CO,Disturbance: Fire (High Severity) [Type],,LULC: Emission DOM CO,,0.0888,,,,,
,,,,Loblolly/Shortleaf Pine Group,Forest:All,,DOM: Aboveground Very Fast,,,,Atmosphere: CO2,Disturbance: Fire (High Severity) [Type],,LULC: Emission DOM CO2,,0.8882,,,,,
,,,,Loblolly/Shortleaf Pine Group,Forest:All,,DOM: Snag Branch,,,,DOM: Aboveground Fast,Disturbance: Fire (High Severity) [Type],,LULC: Transfer DOM,,1,,,,,
,,,,Loblolly/Shortleaf Pine Group,Forest:All,,DOM: Snag Branch,,,,DOM: Aboveground Fast,Disturbance: Harvest (Clearcut) [Type],,LULC: Transfer DOM,,1,,,,,
,,,,Loblolly/Shortleaf Pine Group,Forest:All,,DOM: Snag Stem,,,,DOM: Aboveground Medium,Disturbance: Fire (High Severity) [Type],,LULC: Transfer DOM,,1,,,,,
,,,,Loblolly/Shortleaf Pine Group,Forest:All,,DOM: Snag Stem,,,,DOM: Aboveground Medium,Disturbance: Harvest (Clearcut) [Type],,LULC: Transfer DOM,,1,,,,,
,,,,Loblolly/Shortleaf Pine Group,Wetland:Estuarine Forested,,Biomass: Coarse Root,,,,DOM: Aboveground Fast,Disturbance: Fire (High Severity) [Type],,LULC: Mortality Live,,0.5,,,,,
,,,,Loblolly/Shortleaf Pine Group,Wetland:Estuarine Forested,,Biomass: Coarse Root,,,,DOM: Aboveground Fast,Disturbance: Harvest (Clearcut) [Type],,LULC: Mortality Live,,0.5,,,,,
,,,,Loblolly/Shortleaf Pine Group,Wetland:Estuarine Forested,,Biomass: Coarse Root,,,,DOM: Belowground Fast,Disturbance: Fire (High Severity) [Type],,LULC: Mortality Live,,0.5,,,,,
,,,,Loblolly/Shortleaf Pine Group,Wetland:Estuarine Forested,,Biomass: Coarse Root,,,,DOM: Belowground Fast,Disturbance: Harvest (Clearcut) [Type],,LULC: Mortality Live,,0.5,,,,,
,,,,Loblolly/Shortleaf Pine Group,Wetland:Estuarine Forested,,Biomass: Fine Root,,,,Atmosphere: CH4,Disturbance: Fire (High Severity) [Type],,LULC: Emission Live CH4,,0.0013,,,,,
,,,,Loblolly/Shortleaf Pine Group,Wetland:Estuarine Forested,,Biomass: Fine Root,,,,Atmosphere: CO,Disturbance: Fire (High Severity) [Type],,LULC: Emission Live CO,,0.012,,,,,
,,,,Loblolly/Shortleaf Pine Group,Wetland:Estuarine Forested,,Biomass: Fine Root,,,,Atmosphere: CO2,Disturbance: Fire (High Severity) [Type],,LULC: Emission Live CO2,,0.1202,,,,,
,,,,Loblolly/Shortleaf Pine Group,Wetland:Estuarine Forested,,Biomass: Fine Root,,,,DOM: Aboveground Very Fast,Disturbance: Fire (High Severity) [Type],,LULC: Mortality Live,,0.3665,,,,,
,,,,Loblolly/Shortleaf Pine Group,Wetland:Estuarine Forested,,Biomass: Fine Root,,,,DOM: Aboveground Very Fast,Disturbance: Harvest (Clearcut) [Type],,LULC: Mortality Live,,0.5,,,,,
,,,,Loblolly/Shortleaf Pine Group,Wetland:Estuarine Forested,,Biomass: Fine Root,,,,DOM: Belowground Very Fast,Disturbance: Fire (High Severity) [Type],,LULC: Mortality Live,,0.5,,,,,
,,,,Loblolly/Shortleaf Pine Group,Wetland:Estuarine Forested,,Biomass: Fine Root,,,,DOM: Belowground Very Fast,Disturbance: Harvest (Clearcut) [Type],,LULC: Mortality Live,,0.5,,,,,
,,,,Loblolly/Shortleaf Pine Group,Wetland:Estuarine Forested,,Biomass: Foliage,,,,Atmosphere: CH4,Disturbance: Fire (High Severity) [Type],,LULC: Emission Live CH4,,0.01,,,,,
,,,,Loblolly/Shortleaf Pine Group,Wetland:Estuarine Forested,,Biomass: Foliage,,,,Atmosphere: CO,Disturbance: Fire (High Severity) [Type],,LULC: Emission Live CO,,0.09,,,,,
,,,,Loblolly/Shortleaf Pine Group,Wetland:Estuarine Forested,,Biomass: Foliage,,,,Atmosphere: CO2,Disturbance: Fire (High Severity) [Type],,LULC: Emission Live CO2,,0.9,,,,,
,,,,Loblolly/Shortleaf Pine Group,Wetland:Estuarine Forested,,Biomass: Foliage,,,,DOM: Aboveground Very Fast,Disturbance: Harvest (Clearcut) [Type],,LULC: Mortality Live,,1,,,,,
,,,,Loblolly/Shortleaf Pine Group,Wetland:Estuarine Forested,,Biomass: Merchantable,,,,DOM: Aboveground Medium,Disturbance: Harvest (Clearcut) [Type],,LULC: Mortality Live,,0.03,,,,,
,,,,Loblolly/Shortleaf Pine Group,Wetland:Estuarine Forested,,Biomass: Merchantable,,,,DOM: Snag Stem,Disturbance: Fire (High Severity) [Type],,LULC: Mortality Live,,1,,,,,
,,,,Loblolly/Shortleaf Pine Group,Wetland:Estuarine Forested,,Biomass: Merchantable,,,,Forestry Sector,Disturbance: Harvest (Clearcut) [Type],,LULC: Harvest Live,,0.97,,,,,
,,,,Loblolly/Shortleaf Pine Group,Wetland:Estuarine Forested,,Biomass: Other Wood,,,,Atmosphere: CH4,Disturbance: Fire (High Severity) [Type],,LULC: Emission Live CH4,,0.0025,,,,,
,,,,Loblolly/Shortleaf Pine Group,Wetland:Estuarine Forested,,Biomass: Other Wood,,,,Atmosphere: CO,Disturbance: Fire (High Severity) [Type],,LULC: Emission Live CO,,0.0225,,,,,
,,,,Loblolly/Shortleaf Pine Group,Wetland:Estuarine Forested,,Biomass: Other Wood,,,,Atmosphere: CO2,Disturbance: Fire (High Severity) [Type],,LULC: Emission Live CO2,,0.225,,,,,
,,,,Loblolly/Shortleaf Pine Group,Wetland:Estuarine Forested,,Biomass: Other Wood,,,,DOM: Aboveground Fast,Disturbance: Harvest (Clearcut) [Type],,LULC: Mortality Live,,1,,,,,
,,,,Loblolly/Shortleaf Pine Group,Wetland:Estuarine Forested,,Biomass: Other Wood,,,,DOM: Snag Branch,Disturbance: Fire (High Severity) [Type],,LULC: Mortality Live,,0.75,,,,,
,,,,Loblolly/Shortleaf Pine Group,Wetland:Estuarine Forested,,DOM: Aboveground Fast,,,,Atmosphere: CH4,Disturbance: Fire (High Severity) [Type],,LULC: Emission DOM CH4,,0.0067,,,,,
,,,,Loblolly/Shortleaf Pine Group,Wetland:Estuarine Forested,,DOM: Aboveground Fast,,,,Atmosphere: CO,Disturbance: Fire (High Severity) [Type],,LULC: Emission DOM CO,,0.0606,,,,,
,,,,Loblolly/Shortleaf Pine Group,Wetland:Estuarine Forested,,DOM: Aboveground Fast,,,,Atmosphere: CO2,Disturbance: Fire (High Severity) [Type],,LULC: Emission DOM CO2,,0.6056,,,,,
,,,,Loblolly/Shortleaf Pine Group,Wetland:Estuarine Forested,,DOM: Aboveground Medium,,,,Atmosphere: CH4,Disturbance: Fire (High Severity) [Type],,LULC: Emission DOM CH4,,0.0058,,,,,
,,,,Loblolly/Shortleaf Pine Group,Wetland:Estuarine Forested,,DOM: Aboveground Medium,,,,Atmosphere: CO,Disturbance: Fire (High Severity) [Type],,LULC: Emission DOM CO,,0.0519,,,,,
,,,,Loblolly/Shortleaf Pine Group,Wetland:Estuarine Forested,,DOM: Aboveground Medium,,,,Atmosphere: CO2,Disturbance: Fire (High Severity) [Type],,LULC: Emission DOM CO2,,0.5189,,,,,
,,,,Loblolly/Shortleaf Pine Group,Wetland:Estuarine Forested,,DOM: Aboveground Slow,,,,Atmosphere: CH4,Disturbance: Fire (High Severity) [Type],,LULC: Emission DOM CH4,,0.0027,,,,,
,,,,Loblolly/Shortleaf Pine Group,Wetland:Estuarine Forested,,DOM: Aboveground Slow,,,,Atmosphere: CO,Disturbance: Fire (High Severity) [Type],,LULC: Emission DOM CO,,0.024,,,,,
,,,,Loblolly/Shortleaf Pine Group,Wetland:Estuarine Forested,,DOM: Aboveground Slow,,,,Atmosphere: CO2,Disturbance: Fire (High Severity) [Type],,LULC: Emission DOM CO2,,0.2403,,,,,
,,,,Loblolly/Shortleaf Pine Group,Wetland:Estuarine Forested,,DOM: Aboveground Very Fast,,,,Atmosphere: CH4,Disturbance: Fire (High Severity) [Type],,LULC: Emission DOM CH4,,0.0099,,,,,
,,,,Loblolly/Shortleaf Pine Group,Wetland:Estuarine Forested,,DOM: Aboveground Very Fast,,,,Atmosphere: CO,Disturbance: Fire (High Severity) [Type],,LULC: Emission DOM CO,,0.0888,,,,,
,,,,Loblolly/Shortleaf Pine Group,Wetland:Estuarine Forested,,DOM: Aboveground Very Fast,,,,Atmosphere: CO2,Disturbance: Fire (High Severity) [Type],,LULC: Emission DOM CO2,,0.8882,,,,,
,,,,Loblolly/Shortleaf Pine Group,Wetland:Estuarine Forested,,DOM: Snag Branch,,,,DOM: Aboveground Fast,Disturbance: Fire (High Severity) [Type],,LULC: Transfer DOM,,1,,,,,
,,,,Loblolly/Shortleaf Pine Group,Wetland:Estuarine Forested,,DOM: Snag Branch,,,,DOM: Aboveground Fast,Disturbance: Harvest (Clearcut) [Type],,LULC: Transfer DOM,,1,,,,,
,,,,Loblolly/Shortleaf Pine Group,Wetland:Estuarine Forested,,DOM: Snag Stem,,,,DOM: Aboveground Medium,Disturbance: Fire (High Severity) [Type],,LULC: Transfer DOM,,1,,,,,
,,,,Loblolly/Shortleaf Pine Group,Wetland:Estuarine Forested,,DOM: Snag Stem,,,,DOM: Aboveground Medium,Disturbance: Harvest (Clearcut) [Type],,LULC: Transfer DOM,,1,,,,,
,,,,Loblolly/Shortleaf Pine Group,Wetland:Palustrine Forested,,Biomass: Coarse Root,,,,DOM: Aboveground Fast,Disturbance: Fire (High Severity) [Type],,LULC: Mortality Live,,0.5,,,,,
,,,,Loblolly/Shortleaf Pine Group,Wetland:Palustrine Forested,,Biomass: Coarse Root,,,,DOM: Aboveground Fast,Disturbance: Harvest (Clearcut) [Type],,LULC: Mortality Live,,0.5,,,,,
,,,,Loblolly/Shortleaf Pine Group,Wetland:Palustrine Forested,,Biomass: Coarse Root,,,,DOM: Belowground Fast,Disturbance: Fire (High Severity) [Type],,LULC: Mortality Live,,0.5,,,,,
,,,,Loblolly/Shortleaf Pine Group,Wetland:Palustrine Forested,,Biomass: Coarse Root,,,,DOM: Belowground Fast,Disturbance: Harvest (Clearcut) [Type],,LULC: Mortality Live,,0.5,,,,,
,,,,Loblolly/Shortleaf Pine Group,Wetland:Palustrine Forested,,Biomass: Fine Root,,,,Atmosphere: CH4,Disturbance: Fire (High Severity) [Type],,LULC: Emission Live CH4,,0.0013,,,,,
,,,,Loblolly/Shortleaf Pine Group,Wetland:Palustrine Forested,,Biomass: Fine Root,,,,Atmosphere: CO,Disturbance: Fire (High Severity) [Type],,LULC: Emission Live CO,,0.012,,,,,
,,,,Loblolly/Shortleaf Pine Group,Wetland:Palustrine Forested,,Biomass: Fine Root,,,,Atmosphere: CO2,Disturbance: Fire (High Severity) [Type],,LULC: Emission Live CO2,,0.1202,,,,,
,,,,Loblolly/Shortleaf Pine Group,Wetland:Palustrine Forested,,Biomass: Fine Root,,,,DOM: Aboveground Very Fast,Disturbance: Fire (High Severity) [Type],,LULC: Mortality Live,,0.3665,,,,,
,,,,Loblolly/Shortleaf Pine Group,Wetland:Palustrine Forested,,Biomass: Fine Root,,,,DOM: Aboveground Very Fast,Disturbance: Harvest (Clearcut) [Type],,LULC: Mortality Live,,0.5,,,,,
,,,,Loblolly/Shortleaf Pine Group,Wetland:Palustrine Forested,,Biomass: Fine Root,,,,DOM: Belowground Very Fast,Disturbance: Fire (High Severity) [Type],,LULC: Mortality Live,,0.5,,,,,
,,,,Loblolly/Shortleaf Pine Group,Wetland:Palustrine Forested,,Biomass: Fine Root,,,,DOM: Belowground Very Fast,Disturbance: Harvest (Clearcut) [Type],,LULC: Mortality Live,,0.5,,,,,
,,,,Loblolly/Shortleaf Pine Group,Wetland:Palustrine Forested,,Biomass: Foliage,,,,Atmosphere: CH4,Disturbance: Fire (High Severity) [Type],,LULC: Emission Live CH4,,0.01,,,,,
,,,,Loblolly/Shortleaf Pine Group,Wetland:Palustrine Forested,,Biomass: Foliage,,,,Atmosphere: CO,Disturbance: Fire (High Severity) [Type],,LULC: Emission Live CO,,0.09,,,,,
,,,,Loblolly/Shortleaf Pine Group,Wetland:Palustrine Forested,,Biomass: Foliage,,,,Atmosphere: CO2,Disturbance: Fire (High Severity) [Type],,LULC: Emission Live CO2,,0.9,,,,,
,,,,Loblolly/Shortleaf Pine Group,Wetland:Palustrine Forested,,Biomass: Foliage,,,,DOM: Aboveground Very Fast,Disturbance: Harvest (Clearcut) [Type],,LULC: Mortality Live,,1,,,,,
,,,,Loblolly/Shortleaf Pine Group,Wetland:Palustrine Forested,,Biomass: Merchantable,,,,DOM: Aboveground Medium,Disturbance: Harvest (Clearcut) [Type],,LULC: Mortality Live,,0.03,,,,,
,,,,Loblolly/Shortleaf Pine Group,Wetland:Palustrine Forested,,Biomass: Merchantable,,,,DOM: Snag Stem,Disturbance: Fire (High Severity) [Type],,LULC: Mortality Live,,1,,,,,
,,,,Loblolly/Shortleaf Pine Group,Wetland:Palustrine Forested,,Biomass: Merchantable,,,,Forestry Sector,Disturbance: Harvest (Clearcut) [Type],,LULC: Harvest Live,,0.97,,,,,
,,,,Loblolly/Shortleaf Pine Group,Wetland:Palustrine Forested,,Biomass: Other Wood,,,,Atmosphere: CH4,Disturbance: Fire (High Severity) [Type],,LULC: Emission Live CH4,,0.0025,,,,,
,,,,Loblolly/Shortleaf Pine Group,Wetland:Palustrine Forested,,Biomass: Other Wood,,,,Atmosphere: CO,Disturbance: Fire (High Severity) [Type],,LULC: Emission Live CO,,0.0225,,,,,
,,,,Loblolly/Shortleaf Pine Group,Wetland:Palustrine Forested,,Biomass: Other Wood,,,,Atmosphere: CO2,Disturbance: Fire (High Severity) [Type],,LULC: Emission Live CO2,,0.225,,,,,
,,,,Loblolly/Shortleaf Pine Group,Wetland:Palustrine Forested,,Biomass: Other Wood,,,,DOM: Aboveground Fast,Disturbance: Harvest (Clearcut) [Type],,LULC: Mortality Live,,1,,,,,
,,,,Loblolly/Shortleaf Pine Group,Wetland:Palustrine Forested,,Biomass: Other Wood,,,,DOM: Snag Branch,Disturbance: Fire (High Severity) [Type],,LULC: Mortality Live,,0.75,,,,,
,,,,Loblolly/Shortleaf Pine Group,Wetland:Palustrine Forested,,DOM: Aboveground Fast,,,,Atmosphere: CH4,Disturbance: Fire (High Severity) [Type],,LULC: Emission DOM CH4,,0.0067,,,,,
,,,,Loblolly/Shortleaf Pine Group,Wetland:Palustrine Forested,,DOM: Aboveground Fast,,,,Atmosphere: CO,Disturbance: Fire (High Severity) [Type],,LULC: Emission DOM CO,,0.0606,,,,,
,,,,Loblolly/Shortleaf Pine Group,Wetland:Palustrine Forested,,DOM: Aboveground Fast,,,,Atmosphere: CO2,Disturbance: Fire (High Severity) [Type],,LULC: Emission DOM CO2,,0.6056,,,,,
,,,,Loblolly/Shortleaf Pine Group,Wetland:Palustrine Forested,,DOM: Aboveground Medium,,,,Atmosphere: CH4,Disturbance: Fire (High Severity) [Type],,LULC: Emission DOM CH4,,0.0058,,,,,
,,,,Loblolly/Shortleaf Pine Group,Wetland:Palustrine Forested,,DOM: Aboveground Medium,,,,Atmosphere: CO,Disturbance: Fire (High Severity) [Type],,LULC: Emission DOM CO,,0.0519,,,,,
,,,,Loblolly/Shortleaf Pine Group,Wetland:Palustrine Forested,,DOM: Aboveground Medium,,,,Atmosphere: CO2,Disturbance: Fire (High Severity) [Type],,LULC: Emission DOM CO2,,0.5189,,,,,
,,,,Loblolly/Shortleaf Pine Group,Wetland:Palustrine Forested,,DOM: Aboveground Slow,,,,Atmosphere: CH4,Disturbance: Fire (High Severity) [Type],,LULC: Emission DOM CH4,,0.0027,,,,,
,,,,Loblolly/Shortleaf Pine Group,Wetland:Palustrine Forested,,DOM: Aboveground Slow,,,,Atmosphere: CO,Disturbance: Fire (High Severity) [Type],,LULC: Emission DOM CO,,0.024,,,,,
,,,,Loblolly/Shortleaf Pine Group,Wetland:Palustrine Forested,,DOM: Aboveground Slow,,,,Atmosphere: CO2,Disturbance: Fire (High Severity) [Type],,LULC: Emission DOM CO2,,0.2403,,,,,
,,,,Loblolly/Shortleaf Pine Group,Wetland:Palustrine Forested,,DOM: Aboveground Very Fast,,,,Atmosphere: CH4,Disturbance: Fire (High Severity) [Type],,LULC: Emission DOM CH4,,0.0099,,,,,
,,,,Loblolly/Shortleaf Pine Group,Wetland:Palustrine Forested,,DOM: Aboveground Very Fast,,,,Atmosphere: CO,Disturbance: Fire (High Severity) [Type],,LULC: Emission DOM CO,,0.0888,,,,,
,,,,Loblolly/Shortleaf Pine Group,Wetland:Palustrine Forested,,DOM: Aboveground Very Fast,,,,Atmosphere: CO2,Disturbance: Fire (High Severity) [Type],,LULC: Emission DOM CO2,,0.8882,,,,,
,,,,Loblolly/Shortleaf Pine Group,Wetland:Palustrine Forested,,DOM: Snag Branch,,,,DOM: Aboveground Fast,Disturbance: Fire (High Severity) [Type],,LULC: Transfer DOM,,1,,,,,
,,,,Loblolly/Shortleaf Pine Group,Wetland:Palustrine Forested,,DOM: Snag Branch,,,,DOM: Aboveground Fast,Disturbance: Harvest (Clearcut) [Type],,LULC: Transfer DOM,,1,,,,,
,,,,Loblolly/Shortleaf Pine Group,Wetland:Palustrine Forested,,DOM: Snag Stem,,,,DOM: Aboveground Medium,Disturbance: Fire (High Severity) [Type],,LULC: Transfer DOM,,1,,,,,
,,,,Loblolly/Shortleaf Pine Group,Wetland:Palustrine Forested,,DOM: Snag Stem,,,,DOM: Aboveground Medium,Disturbance: Harvest (Clearcut) [Type],,LULC: Transfer DOM,,1,,,,,
,,,,Longleaf/Slash Pine Group,Forest:All,,Biomass: Coarse Root,,,,DOM: Aboveground Fast,Disturbance: Fire (High Severity) [Type],,LULC: Mortality Live,,0.5,,,,,
,,,,Longleaf/Slash Pine Group,Forest:All,,Biomass: Coarse Root,,,,DOM: Aboveground Fast,Disturbance: Harvest (Clearcut) [Type],,LULC: Mortality Live,,0.5,,,,,
,,,,Longleaf/Slash Pine Group,Forest:All,,Biomass: Coarse Root,,,,DOM: Belowground Fast,Disturbance: Fire (High Severity) [Type],,LULC: Mortality Live,,0.5,,,,,
,,,,Longleaf/Slash Pine Group,Forest:All,,Biomass: Coarse Root,,,,DOM: Belowground Fast,Disturbance: Harvest (Clearcut) [Type],,LULC: Mortality Live,,0.5,,,,,
,,,,Longleaf/Slash Pine Group,Forest:All,,Biomass: Fine Root,,,,Atmosphere: CH4,Disturbance: Fire (High Severity) [Type],,LULC: Emission Live CH4,,0.0013,,,,,
,,,,Longleaf/Slash Pine Group,Forest:All,,Biomass: Fine Root,,,,Atmosphere: CO,Disturbance: Fire (High Severity) [Type],,LULC: Emission Live CO,,0.012,,,,,
,,,,Longleaf/Slash Pine Group,Forest:All,,Biomass: Fine Root,,,,Atmosphere: CO2,Disturbance: Fire (High Severity) [Type],,LULC: Emission Live CO2,,0.1202,,,,,
,,,,Longleaf/Slash Pine Group,Forest:All,,Biomass: Fine Root,,,,DOM: Aboveground Very Fast,Disturbance: Fire (High Severity) [Type],,LULC: Mortality Live,,0.3665,,,,,
,,,,Longleaf/Slash Pine Group,Forest:All,,Biomass: Fine Root,,,,DOM: Aboveground Very Fast,Disturbance: Harvest (Clearcut) [Type],,LULC: Mortality Live,,0.5,,,,,
,,,,Longleaf/Slash Pine Group,Forest:All,,Biomass: Fine Root,,,,DOM: Belowground Very Fast,Disturbance: Fire (High Severity) [Type],,LULC: Mortality Live,,0.5,,,,,
,,,,Longleaf/Slash Pine Group,Forest:All,,Biomass: Fine Root,,,,DOM: Belowground Very Fast,Disturbance: Harvest (Clearcut) [Type],,LULC: Mortality Live,,0.5,,,,,
,,,,Longleaf/Slash Pine Group,Forest:All,,Biomass: Foliage,,,,Atmosphere: CH4,Disturbance: Fire (High Severity) [Type],,LULC: Emission Live CH4,,0.01,,,,,
,,,,Longleaf/Slash Pine Group,Forest:All,,Biomass: Foliage,,,,Atmosphere: CO,Disturbance: Fire (High Severity) [Type],,LULC: Emission Live CO,,0.09,,,,,
,,,,Longleaf/Slash Pine Group,Forest:All,,Biomass: Foliage,,,,Atmosphere: CO2,Disturbance: Fire (High Severity) [Type],,LULC: Emission Live CO2,,0.9,,,,,
,,,,Longleaf/Slash Pine Group,Forest:All,,Biomass: Foliage,,,,DOM: Aboveground Very Fast,Disturbance: Harvest (Clearcut) [Type],,LULC: Mortality Live,,1,,,,,
,,,,Longleaf/Slash Pine Group,Forest:All,,Biomass: Merchantable,,,,DOM: Aboveground Medium,Disturbance: Harvest (Clearcut) [Type],,LULC: Mortality Live,,0.03,,,,,
,,,,Longleaf/Slash Pine Group,Forest:All,,Biomass: Merchantable,,,,DOM: Snag Stem,Disturbance: Fire (High Severity) [Type],,LULC: Mortality Live,,1,,,,,
,,,,Longleaf/Slash Pine Group,Forest:All,,Biomass: Merchantable,,,,Forestry Sector,Disturbance: Harvest (Clearcut) [Type],,LULC: Harvest Live,,0.97,,,,,
,,,,Longleaf/Slash Pine Group,Forest:All,,Biomass: Other Wood,,,,Atmosphere: CH4,Disturbance: Fire (High Severity) [Type],,LULC: Emission Live CH4,,0.0025,,,,,
,,,,Longleaf/Slash Pine Group,Forest:All,,Biomass: Other Wood,,,,Atmosphere: CO,Disturbance: Fire (High Severity) [Type],,LULC: Emission Live CO,,0.0225,,,,,
,,,,Longleaf/Slash Pine Group,Forest:All,,Biomass: Other Wood,,,,Atmosphere: CO2,Disturbance: Fire (High Severity) [Type],,LULC: Emission Live CO2,,0.225,,,,,
,,,,Longleaf/Slash Pine Group,Forest:All,,Biomass: Other Wood,,,,DOM: Aboveground Fast,Disturbance: Harvest (Clearcut) [Type],,LULC: Mortality Live,,1,,,,,
,,,,Longleaf/Slash Pine Group,Forest:All,,Biomass: Other Wood,,,,DOM: Snag Branch,Disturbance: Fire (High Severity) [Type],,LULC: Mortality Live,,0.75,,,,,
,,,,Longleaf/Slash Pine Group,Forest:All,,DOM: Aboveground Fast,,,,Atmosphere: CH4,Disturbance: Fire (High Severity) [Type],,LULC: Emission DOM CH4,,0.0067,,,,,
,,,,Longleaf/Slash Pine Group,Forest:All,,DOM: Aboveground Fast,,,,Atmosphere: CO,Disturbance: Fire (High Severity) [Type],,LULC: Emission DOM CO,,0.0606,,,,,
,,,,Longleaf/Slash Pine Group,Forest:All,,DOM: Aboveground Fast,,,,Atmosphere: CO2,Disturbance: Fire (High Severity) [Type],,LULC: Emission DOM CO2,,0.6056,,,,,
,,,,Longleaf/Slash Pine Group,Forest:All,,DOM: Aboveground Medium,,,,Atmosphere: CH4,Disturbance: Fire (High Severity) [Type],,LULC: Emission DOM CH4,,0.0058,,,,,
,,,,Longleaf/Slash Pine Group,Forest:All,,DOM: Aboveground Medium,,,,Atmosphere: CO,Disturbance: Fire (High Severity) [Type],,LULC: Emission DOM CO,,0.0519,,,,,
,,,,Longleaf/Slash Pine Group,Forest:All,,DOM: Aboveground Medium,,,,Atmosphere: CO2,Disturbance: Fire (High Severity) [Type],,LULC: Emission DOM CO2,,0.5189,,,,,
,,,,Longleaf/Slash Pine Group,Forest:All,,DOM: Aboveground Slow,,,,Atmosphere: CH4,Disturbance: Fire (High Severity) [Type],,LULC: Emission DOM CH4,,0.0027,,,,,
,,,,Longleaf/Slash Pine Group,Forest:All,,DOM: Aboveground Slow,,,,Atmosphere: CO,Disturbance: Fire (High Severity) [Type],,LULC: Emission DOM CO,,0.024,,,,,
,,,,Longleaf/Slash Pine Group,Forest:All,,DOM: Aboveground Slow,,,,Atmosphere: CO2,Disturbance: Fire (High Severity) [Type],,LULC: Emission DOM CO2,,0.2403,,,,,
,,,,Longleaf/Slash Pine Group,Forest:All,,DOM: Aboveground Very Fast,,,,Atmosphere: CH4,Disturbance: Fire (High Severity) [Type],,LULC: Emission DOM CH4,,0.0099,,,,,
,,,,Longleaf/Slash Pine Group,Forest:All,,DOM: Aboveground Very Fast,,,,Atmosphere: CO,Disturbance: Fire (High Severity) [Type],,LULC: Emission DOM CO,,0.0888,,,,,
,,,,Longleaf/Slash Pine Group,Forest:All,,DOM: Aboveground Very Fast,,,,Atmosphere: CO2,Disturbance: Fire (High Severity) [Type],,LULC: Emission DOM CO2,,0.8882,,,,,
,,,,Longleaf/Slash Pine Group,Forest:All,,DOM: Snag Branch,,,,DOM: Aboveground Fast,Disturbance: Fire (High Severity) [Type],,LULC: Transfer DOM,,1,,,,,
,,,,Longleaf/Slash Pine Group,Forest:All,,DOM: Snag Branch,,,,DOM: Aboveground Fast,Disturbance: Harvest (Clearcut) [Type],,LULC: Transfer DOM,,1,,,,,
,,,,Longleaf/Slash Pine Group,Forest:All,,DOM: Snag Stem,,,,DOM: Aboveground Medium,Disturbance: Fire (High Severity) [Type],,LULC: Transfer DOM,,1,,,,,
,,,,Longleaf/Slash Pine Group,Forest:All,,DOM: Snag Stem,,,,DOM: Aboveground Medium,Disturbance: Harvest (Clearcut) [Type],,LULC: Transfer DOM,,1,,,,,
,,,,Longleaf/Slash Pine Group,Wetland:Estuarine Forested,,Biomass: Coarse Root,,,,DOM: Aboveground Fast,Disturbance: Fire (High Severity) [Type],,LULC: Mortality Live,,0.5,,,,,
,,,,Longleaf/Slash Pine Group,Wetland:Estuarine Forested,,Biomass: Coarse Root,,,,DOM: Aboveground Fast,Disturbance: Harvest (Clearcut) [Type],,LULC: Mortality Live,,0.5,,,,,
,,,,Longleaf/Slash Pine Group,Wetland:Estuarine Forested,,Biomass: Coarse Root,,,,DOM: Belowground Fast,Disturbance: Fire (High Severity) [Type],,LULC: Mortality Live,,0.5,,,,,
,,,,Longleaf/Slash Pine Group,Wetland:Estuarine Forested,,Biomass: Coarse Root,,,,DOM: Belowground Fast,Disturbance: Harvest (Clearcut) [Type],,LULC: Mortality Live,,0.5,,,,,
,,,,Longleaf/Slash Pine Group,Wetland:Estuarine Forested,,Biomass: Fine Root,,,,Atmosphere: CH4,Disturbance: Fire (High Severity) [Type],,LULC: Emission Live CH4,,0.0013,,,,,
,,,,Longleaf/Slash Pine Group,Wetland:Estuarine Forested,,Biomass: Fine Root,,,,Atmosphere: CO,Disturbance: Fire (High Severity) [Type],,LULC: Emission Live CO,,0.012,,,,,
,,,,Longleaf/Slash Pine Group,Wetland:Estuarine Forested,,Biomass: Fine Root,,,,Atmosphere: CO2,Disturbance: Fire (High Severity) [Type],,LULC: Emission Live CO2,,0.1202,,,,,
,,,,Longleaf/Slash Pine Group,Wetland:Estuarine Forested,,Biomass: Fine Root,,,,DOM: Aboveground Very Fast,Disturbance: Fire (High Severity) [Type],,LULC: Mortality Live,,0.3665,,,,,
,,,,Longleaf/Slash Pine Group,Wetland:Estuarine Forested,,Biomass: Fine Root,,,,DOM: Aboveground Very Fast,Disturbance: Harvest (Clearcut) [Type],,LULC: Mortality Live,,0.5,,,,,
,,,,Longleaf/Slash Pine Group,Wetland:Estuarine Forested,,Biomass: Fine Root,,,,DOM: Belowground Very Fast,Disturbance: Fire (High Severity) [Type],,LULC: Mortality Live,,0.5,,,,,
,,,,Longleaf/Slash Pine Group,Wetland:Estuarine Forested,,Biomass: Fine Root,,,,DOM: Belowground Very Fast,Disturbance: Harvest (Clearcut) [Type],,LULC: Mortality Live,,0.5,,,,,
,,,,Longleaf/Slash Pine Group,Wetland:Estuarine Forested,,Biomass: Foliage,,,,Atmosphere: CH4,Disturbance: Fire (High Severity) [Type],,LULC: Emission Live CH4,,0.01,,,,,
,,,,Longleaf/Slash Pine Group,Wetland:Estuarine Forested,,Biomass: Foliage,,,,Atmosphere: CO,Disturbance: Fire (High Severity) [Type],,LULC: Emission Live CO,,0.09,,,,,
,,,,Longleaf/Slash Pine Group,Wetland:Estuarine Forested,,Biomass: Foliage,,,,Atmosphere: CO2,Disturbance: Fire (High Severity) [Type],,LULC: Emission Live CO2,,0.9,,,,,
,,,,Longleaf/Slash Pine Group,Wetland:Estuarine Forested,,Biomass: Foliage,,,,DOM: Aboveground Very Fast,Disturbance: Harvest (Clearcut) [Type],,LULC: Mortality Live,,1,,,,,
,,,,Longleaf/Slash Pine Group,Wetland:Estuarine Forested,,Biomass: Merchantable,,,,DOM: Aboveground Medium,Disturbance: Harvest (Clearcut) [Type],,LULC: Mortality Live,,0.03,,,,,
,,,,Longleaf/Slash Pine Group,Wetland:Estuarine Forested,,Biomass: Merchantable,,,,DOM: Snag Stem,Disturbance: Fire (High Severity) [Type],,LULC: Mortality Live,,1,,,,,
,,,,Longleaf/Slash Pine Group,Wetland:Estuarine Forested,,Biomass: Merchantable,,,,Forestry Sector,Disturbance: Harvest (Clearcut) [Type],,LULC: Harvest Live,,0.97,,,,,
,,,,Longleaf/Slash Pine Group,Wetland:Estuarine Forested,,Biomass: Other Wood,,,,Atmosphere: CH4,Disturbance: Fire (High Severity) [Type],,LULC: Emission Live CH4,,0.0025,,,,,
,,,,Longleaf/Slash Pine Group,Wetland:Estuarine Forested,,Biomass: Other Wood,,,,Atmosphere: CO,Disturbance: Fire (High Severity) [Type],,LULC: Emission Live CO,,0.0225,,,,,
,,,,Longleaf/Slash Pine Group,Wetland:Estuarine Forested,,Biomass: Other Wood,,,,Atmosphere: CO2,Disturbance: Fire (High Severity) [Type],,LULC: Emission Live CO2,,0.225,,,,,
,,,,Longleaf/Slash Pine Group,Wetland:Estuarine Forested,,Biomass: Other Wood,,,,DOM: Aboveground Fast,Disturbance: Harvest (Clearcut) [Type],,LULC: Mortality Live,,1,,,,,
,,,,Longleaf/Slash Pine Group,Wetland:Estuarine Forested,,Biomass: Other Wood,,,,DOM: Snag Branch,Disturbance: Fire (High Severity) [Type],,LULC: Mortality Live,,0.75,,,,,
,,,,Longleaf/Slash Pine Group,Wetland:Estuarine Forested,,DOM: Aboveground Fast,,,,Atmosphere: CH4,Disturbance: Fire (High Severity) [Type],,LULC: Emission DOM CH4,,0.0067,,,,,
,,,,Longleaf/Slash Pine Group,Wetland:Estuarine Forested,,DOM: Aboveground Fast,,,,Atmosphere: CO,Disturbance: Fire (High Severity) [Type],,LULC: Emission DOM CO,,0.0606,,,,,
,,,,Longleaf/Slash Pine Group,Wetland:Estuarine Forested,,DOM: Aboveground Fast,,,,Atmosphere: CO2,Disturbance: Fire (High Severity) [Type],,LULC: Emission DOM CO2,,0.6056,,,,,
,,,,Longleaf/Slash Pine Group,Wetland:Estuarine Forested,,DOM: Aboveground Medium,,,,Atmosphere: CH4,Disturbance: Fire (High Severity) [Type],,LULC: Emission DOM CH4,,0.0058,,,,,
,,,,Longleaf/Slash Pine Group,Wetland:Estuarine Forested,,DOM: Aboveground Medium,,,,Atmosphere: CO,Disturbance: Fire (High Severity) [Type],,LULC: Emission DOM CO,,0.0519,,,,,
,,,,Longleaf/Slash Pine Group,Wetland:Estuarine Forested,,DOM: Aboveground Medium,,,,Atmosphere: CO2,Disturbance: Fire (High Severity) [Type],,LULC: Emission DOM CO2,,0.5189,,,,,
,,,,Longleaf/Slash Pine Group,Wetland:Estuarine Forested,,DOM: Aboveground Slow,,,,Atmosphere: CH4,Disturbance: Fire (High Severity) [Type],,LULC: Emission DOM CH4,,0.0027,,,,,
,,,,Longleaf/Slash Pine Group,Wetland:Estuarine Forested,,DOM: Aboveground Slow,,,,Atmosphere: CO,Disturbance: Fire (High Severity) [Type],,LULC: Emission DOM CO,,0.024,,,,,
,,,,Longleaf/Slash Pine Group,Wetland:Estuarine Forested,,DOM: Aboveground Slow,,,,Atmosphere: CO2,Disturbance: Fire (High Severity) [Type],,LULC: Emission DOM CO2,,0.2403,,,,,
,,,,Longleaf/Slash Pine Group,Wetland:Estuarine Forested,,DOM: Aboveground Very Fast,,,,Atmosphere: CH4,Disturbance: Fire (High Severity) [Type],,LULC: Emission DOM CH4,,0.0099,,,,,
,,,,Longleaf/Slash Pine Group,Wetland:Estuarine Forested,,DOM: Aboveground Very Fast,,,,Atmosphere: CO,Disturbance: Fire (High Severity) [Type],,LULC: Emission DOM CO,,0.0888,,,,,
,,,,Longleaf/Slash Pine Group,Wetland:Estuarine Forested,,DOM: Aboveground Very Fast,,,,Atmosphere: CO2,Disturbance: Fire (High Severity) [Type],,LULC: Emission DOM CO2,,0.8882,,,,,
,,,,Longleaf/Slash Pine Group,Wetland:Estuarine Forested,,DOM: Snag Branch,,,,DOM: Aboveground Fast,Disturbance: Fire (High Severity) [Type],,LULC: Transfer DOM,,1,,,,,
,,,,Longleaf/Slash Pine Group,Wetland:Estuarine Forested,,DOM: Snag Branch,,,,DOM: Aboveground Fast,Disturbance: Harvest (Clearcut) [Type],,LULC: Transfer DOM,,1,,,,,
,,,,Longleaf/Slash Pine Group,Wetland:Estuarine Forested,,DOM: Snag Stem,,,,DOM: Aboveground Medium,Disturbance: Fire (High Severity) [Type],,LULC: Transfer DOM,,1,,,,,
,,,,Longleaf/Slash Pine Group,Wetland:Estuarine Forested,,DOM: Snag Stem,,,,DOM: Aboveground Medium,Disturbance: Harvest (Clearcut) [Type],,LULC: Transfer DOM,,1,,,,,
,,,,Longleaf/Slash Pine Group,Wetland:Palustrine Forested,,Biomass: Coarse Root,,,,DOM: Aboveground Fast,Disturbance: Fire (High Severity) [Type],,LULC: Mortality Live,,0.5,,,,,
,,,,Longleaf/Slash Pine Group,Wetland:Palustrine Forested,,Biomass: Coarse Root,,,,DOM: Aboveground Fast,Disturbance: Harvest (Clearcut) [Type],,LULC: Mortality Live,,0.5,,,,,
,,,,Longleaf/Slash Pine Group,Wetland:Palustrine Forested,,Biomass: Coarse Root,,,,DOM: Belowground Fast,Disturbance: Fire (High Severity) [Type],,LULC: Mortality Live,,0.5,,,,,
,,,,Longleaf/Slash Pine Group,Wetland:Palustrine Forested,,Biomass: Coarse Root,,,,DOM: Belowground Fast,Disturbance: Harvest (Clearcut) [Type],,LULC: Mortality Live,,0.5,,,,,
,,,,Longleaf/Slash Pine Group,Wetland:Palustrine Forested,,Biomass: Fine Root,,,,Atmosphere: CH4,Disturbance: Fire (High Severity) [Type],,LULC: Emission Live CH4,,0.0013,,,,,
,,,,Longleaf/Slash Pine Group,Wetland:Palustrine Forested,,Biomass: Fine Root,,,,Atmosphere: CO,Disturbance: Fire (High Severity) [Type],,LULC: Emission Live CO,,0.012,,,,,
,,,,Longleaf/Slash Pine Group,Wetland:Palustrine Forested,,Biomass: Fine Root,,,,Atmosphere: CO2,Disturbance: Fire (High Severity) [Type],,LULC: Emission Live CO2,,0.1202,,,,,
,,,,Longleaf/Slash Pine Group,Wetland:Palustrine Forested,,Biomass: Fine Root,,,,DOM: Aboveground Very Fast,Disturbance: Fire (High Severity) [Type],,LULC: Mortality Live,,0.3665,,,,,
,,,,Longleaf/Slash Pine Group,Wetland:Palustrine Forested,,Biomass: Fine Root,,,,DOM: Aboveground Very Fast,Disturbance: Harvest (Clearcut) [Type],,LULC: Mortality Live,,0.5,,,,,
,,,,Longleaf/Slash Pine Group,Wetland:Palustrine Forested,,Biomass: Fine Root,,,,DOM: Belowground Very Fast,Disturbance: Fire (High Severity) [Type],,LULC: Mortality Live,,0.5,,,,,
,,,,Longleaf/Slash Pine Group,Wetland:Palustrine Forested,,Biomass: Fine Root,,,,DOM: Belowground Very Fast,Disturbance: Harvest (Clearcut) [Type],,LULC: Mortality Live,,0.5,,,,,
,,,,Longleaf/Slash Pine Group,Wetland:Palustrine Forested,,Biomass: Foliage,,,,Atmosphere: CH4,Disturbance: Fire (High Severity) [Type],,LULC: Emission Live CH4,,0.01,,,,,
,,,,Longleaf/Slash Pine Group,Wetland:Palustrine Forested,,Biomass: Foliage,,,,Atmosphere: CO,Disturbance: Fire (High Severity) [Type],,LULC: Emission Live CO,,0.09,,,,,
,,,,Longleaf/Slash Pine Group,Wetland:Palustrine Forested,,Biomass: Foliage,,,,Atmosphere: CO2,Disturbance: Fire (High Severity) [Type],,LULC: Emission Live CO2,,0.9,,,,,
,,,,Longleaf/Slash Pine Group,Wetland:Palustrine Forested,,Biomass: Foliage,,,,DOM: Aboveground Very Fast,Disturbance: Harvest (Clearcut) [Type],,LULC: Mortality Live,,1,,,,,
,,,,Longleaf/Slash Pine Group,Wetland:Palustrine Forested,,Biomass: Merchantable,,,,DOM: Aboveground Medium,Disturbance: Harvest (Clearcut) [Type],,LULC: Mortality Live,,0.03,,,,,
,,,,Longleaf/Slash Pine Group,Wetland:Palustrine Forested,,Biomass: Merchantable,,,,DOM: Snag Stem,Disturbance: Fire (High Severity) [Type],,LULC: Mortality Live,,1,,,,,
,,,,Longleaf/Slash Pine Group,Wetland:Palustrine Forested,,Biomass: Merchantable,,,,Forestry Sector,Disturbance: Harvest (Clearcut) [Type],,LULC: Harvest Live,,0.97,,,,,
,,,,Longleaf/Slash Pine Group,Wetland:Palustrine Forested,,Biomass: Other Wood,,,,Atmosphere: CH4,Disturbance: Fire (High Severity) [Type],,LULC: Emission Live CH4,,0.0025,,,,,
,,,,Longleaf/Slash Pine Group,Wetland:Palustrine Forested,,Biomass: Other Wood,,,,Atmosphere: CO,Disturbance: Fire (High Severity) [Type],,LULC: Emission Live CO,,0.0225,,,,,
,,,,Longleaf/Slash Pine Group,Wetland:Palustrine Forested,,Biomass: Other Wood,,,,Atmosphere: CO2,Disturbance: Fire (High Severity) [Type],,LULC: Emission Live CO2,,0.225,,,,,
,,,,Longleaf/Slash Pine Group,Wetland:Palustrine Forested,,Biomass: Other Wood,,,,DOM: Aboveground Fast,Disturbance: Harvest (Clearcut) [Type],,LULC: Mortality Live,,1,,,,,
,,,,Longleaf/Slash Pine Group,Wetland:Palustrine Forested,,Biomass: Other Wood,,,,DOM: Snag Branch,Disturbance: Fire (High Severity) [Type],,LULC: Mortality Live,,0.75,,,,,
,,,,Longleaf/Slash Pine Group,Wetland:Palustrine Forested,,DOM: Aboveground Fast,,,,Atmosphere: CH4,Disturbance: Fire (High Severity) [Type],,LULC: Emission DOM CH4,,0.0067,,,,,
,,,,Longleaf/Slash Pine Group,Wetland:Palustrine Forested,,DOM: Aboveground Fast,,,,Atmosphere: CO,Disturbance: Fire (High Severity) [Type],,LULC: Emission DOM CO,,0.0606,,,,,
,,,,Longleaf/Slash Pine Group,Wetland:Palustrine Forested,,DOM: Aboveground Fast,,,,Atmosphere: CO2,Disturbance: Fire (High Severity) [Type],,LULC: Emission DOM CO2,,0.6056,,,,,
,,,,Longleaf/Slash Pine Group,Wetland:Palustrine Forested,,DOM: Aboveground Medium,,,,Atmosphere: CH4,Disturbance: Fire (High Severity) [Type],,LULC: Emission DOM CH4,,0.0058,,,,,
,,,,Longleaf/Slash Pine Group,Wetland:Palustrine Forested,,DOM: Aboveground Medium,,,,Atmosphere: CO,Disturbance: Fire (High Severity) [Type],,LULC: Emission DOM CO,,0.0519,,,,,
,,,,Longleaf/Slash Pine Group,Wetland:Palustrine Forested,,DOM: Aboveground Medium,,,,Atmosphere: CO2,Disturbance: Fire (High Severity) [Type],,LULC: Emission DOM CO2,,0.5189,,,,,
,,,,Longleaf/Slash Pine Group,Wetland:Palustrine Forested,,DOM: Aboveground Slow,,,,Atmosphere: CH4,Disturbance: Fire (High Severity) [Type],,LULC: Emission DOM CH4,,0.0027,,,,,
,,,,Longleaf/Slash Pine Group,Wetland:Palustrine Forested,,DOM: Aboveground Slow,,,,Atmosphere: CO,Disturbance: Fire (High Severity) [Type],,LULC: Emission DOM CO,,0.024,,,,,
,,,,Longleaf/Slash Pine Group,Wetland:Palustrine Forested,,DOM: Aboveground Slow,,,,Atmosphere: CO2,Disturbance: Fire (High Severity) [Type],,LULC: Emission DOM CO2,,0.2403,,,,,
,,,,Longleaf/Slash Pine Group,Wetland:Palustrine Forested,,DOM: Aboveground Very Fast,,,,Atmosphere: CH4,Disturbance: Fire (High Severity) [Type],,LULC: Emission DOM CH4,,0.0099,,,,,
,,,,Longleaf/Slash Pine Group,Wetland:Palustrine Forested,,DOM: Aboveground Very Fast,,,,Atmosphere: CO,Disturbance: Fire (High Severity) [Type],,LULC: Emission DOM CO,,0.0888,,,,,
,,,,Longleaf/Slash Pine Group,Wetland:Palustrine Forested,,DOM: Aboveground Very Fast,,,,Atmosphere: CO2,Disturbance: Fire (High Severity) [Type],,LULC: Emission DOM CO2,,0.8882,,,,,
,,,,Longleaf/Slash Pine Group,Wetland:Palustrine Forested,,DOM: Snag Branch,,,,DOM: Aboveground Fast,Disturbance: Fire (High Severity) [Type],,LULC: Transfer DOM,,1,,,,,
,,,,Longleaf/Slash Pine Group,Wetland:Palustrine Forested,,DOM: Snag Branch,,,,DOM: Aboveground Fast,Disturbance: Harvest (Clearcut) [Type],,LULC: Transfer DOM,,1,,,,,
,,,,Longleaf/Slash Pine Group,Wetland:Palustrine Forested,,DOM: Snag Stem,,,,DOM: Aboveground Medium,Disturbance: Fire (High Severity) [Type],,LULC: Transfer DOM,,1,,,,,
,,,,Longleaf/Slash Pine Group,Wetland:Palustrine Forested,,DOM: Snag Stem,,,,DOM: Aboveground Medium,Disturbance: Harvest (Clearcut) [Type],,LULC: Transfer DOM,,1,,,,,
,,,,Oak/Gum/Cypress Group,Forest:All,,Biomass: Coarse Root,,,,DOM: Aboveground Fast,Disturbance: Fire (High Severity) [Type],,LULC: Mortality Live,,0.5,,,,,
,,,,Oak/Gum/Cypress Group,Forest:All,,Biomass: Coarse Root,,,,DOM: Aboveground Fast,Disturbance: Harvest (Clearcut) [Type],,LULC: Mortality Live,,0.5,,,,,
,,,,Oak/Gum/Cypress Group,Forest:All,,Biomass: Coarse Root,,,,DOM: Belowground Fast,Disturbance: Fire (High Severity) [Type],,LULC: Mortality Live,,0.5,,,,,
,,,,Oak/Gum/Cypress Group,Forest:All,,Biomass: Coarse Root,,,,DOM: Belowground Fast,Disturbance: Harvest (Clearcut) [Type],,LULC: Mortality Live,,0.5,,,,,
,,,,Oak/Gum/Cypress Group,Forest:All,,Biomass: Fine Root,,,,Atmosphere: CH4,Disturbance: Fire (High Severity) [Type],,LULC: Emission Live CH4,,0.0013,,,,,
,,,,Oak/Gum/Cypress Group,Forest:All,,Biomass: Fine Root,,,,Atmosphere: CO,Disturbance: Fire (High Severity) [Type],,LULC: Emission Live CO,,0.012,,,,,
,,,,Oak/Gum/Cypress Group,Forest:All,,Biomass: Fine Root,,,,Atmosphere: CO2,Disturbance: Fire (High Severity) [Type],,LULC: Emission Live CO2,,0.1202,,,,,
,,,,Oak/Gum/Cypress Group,Forest:All,,Biomass: Fine Root,,,,DOM: Aboveground Very Fast,Disturbance: Fire (High Severity) [Type],,LULC: Mortality Live,,0.3665,,,,,
,,,,Oak/Gum/Cypress Group,Forest:All,,Biomass: Fine Root,,,,DOM: Aboveground Very Fast,Disturbance: Harvest (Clearcut) [Type],,LULC: Mortality Live,,0.5,,,,,
,,,,Oak/Gum/Cypress Group,Forest:All,,Biomass: Fine Root,,,,DOM: Belowground Very Fast,Disturbance: Fire (High Severity) [Type],,LULC: Mortality Live,,0.5,,,,,
,,,,Oak/Gum/Cypress Group,Forest:All,,Biomass: Fine Root,,,,DOM: Belowground Very Fast,Disturbance: Harvest (Clearcut) [Type],,LULC: Mortality Live,,0.5,,,,,
,,,,Oak/Gum/Cypress Group,Forest:All,,Biomass: Foliage,,,,Atmosphere: CH4,Disturbance: Fire (High Severity) [Type],,LULC: Emission Live CH4,,0.01,,,,,
,,,,Oak/Gum/Cypress Group,Forest:All,,Biomass: Foliage,,,,Atmosphere: CO,Disturbance: Fire (High Severity) [Type],,LULC: Emission Live CO,,0.09,,,,,
,,,,Oak/Gum/Cypress Group,Forest:All,,Biomass: Foliage,,,,Atmosphere: CO2,Disturbance: Fire (High Severity) [Type],,LULC: Emission Live CO2,,0.9,,,,,
,,,,Oak/Gum/Cypress Group,Forest:All,,Biomass: Foliage,,,,DOM: Aboveground Very Fast,Disturbance: Harvest (Clearcut) [Type],,LULC: Mortality Live,,1,,,,,
,,,,Oak/Gum/Cypress Group,Forest:All,,Biomass: Merchantable,,,,DOM: Aboveground Medium,Disturbance: Harvest (Clearcut) [Type],,LULC: Mortality Live,,0.03,,,,,
,,,,Oak/Gum/Cypress Group,Forest:All,,Biomass: Merchantable,,,,DOM: Snag Stem,Disturbance: Fire (High Severity) [Type],,LULC: Mortality Live,,1,,,,,
,,,,Oak/Gum/Cypress Group,Forest:All,,Biomass: Merchantable,,,,Forestry Sector,Disturbance: Harvest (Clearcut) [Type],,LULC: Harvest Live,,0.97,,,,,
,,,,Oak/Gum/Cypress Group,Forest:All,,Biomass: Other Wood,,,,Atmosphere: CH4,Disturbance: Fire (High Severity) [Type],,LULC: Emission Live CH4,,0.0025,,,,,
,,,,Oak/Gum/Cypress Group,Forest:All,,Biomass: Other Wood,,,,Atmosphere: CO,Disturbance: Fire (High Severity) [Type],,LULC: Emission Live CO,,0.0225,,,,,
,,,,Oak/Gum/Cypress Group,Forest:All,,Biomass: Other Wood,,,,Atmosphere: CO2,Disturbance: Fire (High Severity) [Type],,LULC: Emission Live CO2,,0.225,,,,,
,,,,Oak/Gum/Cypress Group,Forest:All,,Biomass: Other Wood,,,,DOM: Aboveground Fast,Disturbance: Harvest (Clearcut) [Type],,LULC: Mortality Live,,1,,,,,
,,,,Oak/Gum/Cypress Group,Forest:All,,Biomass: Other Wood,,,,DOM: Snag Branch,Disturbance: Fire (High Severity) [Type],,LULC: Mortality Live,,0.75,,,,,
,,,,Oak/Gum/Cypress Group,Forest:All,,DOM: Aboveground Fast,,,,Atmosphere: CH4,Disturbance: Fire (High Severity) [Type],,LULC: Emission DOM CH4,,0.0067,,,,,
,,,,Oak/Gum/Cypress Group,Forest:All,,DOM: Aboveground Fast,,,,Atmosphere: CO,Disturbance: Fire (High Severity) [Type],,LULC: Emission DOM CO,,0.0606,,,,,
,,,,Oak/Gum/Cypress Group,Forest:All,,DOM: Aboveground Fast,,,,Atmosphere: CO2,Disturbance: Fire (High Severity) [Type],,LULC: Emission DOM CO2,,0.6056,,,,,
,,,,Oak/Gum/Cypress Group,Forest:All,,DOM: Aboveground Medium,,,,Atmosphere: CH4,Disturbance: Fire (High Severity) [Type],,LULC: Emission DOM CH4,,0.0058,,,,,
,,,,Oak/Gum/Cypress Group,Forest:All,,DOM: Aboveground Medium,,,,Atmosphere: CO,Disturbance: Fire (High Severity) [Type],,LULC: Emission DOM CO,,0.0519,,,,,
,,,,Oak/Gum/Cypress Group,Forest:All,,DOM: Aboveground Medium,,,,Atmosphere: CO2,Disturbance: Fire (High Severity) [Type],,LULC: Emission DOM CO2,,0.5189,,,,,
,,,,Oak/Gum/Cypress Group,Forest:All,,DOM: Aboveground Slow,,,,Atmosphere: CH4,Disturbance: Fire (High Severity) [Type],,LULC: Emission DOM CH4,,0.0027,,,,,
,,,,Oak/Gum/Cypress Group,Forest:All,,DOM: Aboveground Slow,,,,Atmosphere: CO,Disturbance: Fire (High Severity) [Type],,LULC: Emission DOM CO,,0.024,,,,,
,,,,Oak/Gum/Cypress Group,Forest:All,,DOM: Aboveground Slow,,,,Atmosphere: CO2,Disturbance: Fire (High Severity) [Type],,LULC: Emission DOM CO2,,0.2403,,,,,
,,,,Oak/Gum/Cypress Group,Forest:All,,DOM: Aboveground Very Fast,,,,Atmosphere: CH4,Disturbance: Fire (High Severity) [Type],,LULC: Emission DOM CH4,,0.0099,,,,,
,,,,Oak/Gum/Cypress Group,Forest:All,,DOM: Aboveground Very Fast,,,,Atmosphere: CO,Disturbance: Fire (High Severity) [Type],,LULC: Emission DOM CO,,0.0888,,,,,
,,,,Oak/Gum/Cypress Group,Forest:All,,DOM: Aboveground Very Fast,,,,Atmosphere: CO2,Disturbance: Fire (High Severity) [Type],,LULC: Emission DOM CO2,,0.8882,,,,,
,,,,Oak/Gum/Cypress Group,Forest:All,,DOM: Snag Branch,,,,DOM: Aboveground Fast,Disturbance: Fire (High Severity) [Type],,LULC: Transfer DOM,,1,,,,,
,,,,Oak/Gum/Cypress Group,Forest:All,,DOM: Snag Branch,,,,DOM: Aboveground Fast,Disturbance: Harvest (Clearcut) [Type],,LULC: Transfer DOM,,1,,,,,
,,,,Oak/Gum/Cypress Group,Forest:All,,DOM: Snag Stem,,,,DOM: Aboveground Medium,Disturbance: Fire (High Severity) [Type],,LULC: Transfer DOM,,1,,,,,
,,,,Oak/Gum/Cypress Group,Forest:All,,DOM: Snag Stem,,,,DOM: Aboveground Medium,Disturbance: Harvest (Clearcut) [Type],,LULC: Transfer DOM,,1,,,,,
,,,,Oak/Gum/Cypress Group,Wetland:Estuarine Forested,,Biomass: Coarse Root,,,,DOM: Aboveground Fast,Disturbance: Fire (High Severity) [Type],,LULC: Mortality Live,,0.5,,,,,
,,,,Oak/Gum/Cypress Group,Wetland:Estuarine Forested,,Biomass: Coarse Root,,,,DOM: Aboveground Fast,Disturbance: Harvest (Clearcut) [Type],,LULC: Mortality Live,,0.5,,,,,
,,,,Oak/Gum/Cypress Group,Wetland:Estuarine Forested,,Biomass: Coarse Root,,,,DOM: Belowground Fast,Disturbance: Fire (High Severity) [Type],,LULC: Mortality Live,,0.5,,,,,
,,,,Oak/Gum/Cypress Group,Wetland:Estuarine Forested,,Biomass: Coarse Root,,,,DOM: Belowground Fast,Disturbance: Harvest (Clearcut) [Type],,LULC: Mortality Live,,0.5,,,,,
,,,,Oak/Gum/Cypress Group,Wetland:Estuarine Forested,,Biomass: Fine Root,,,,Atmosphere: CH4,Disturbance: Fire (High Severity) [Type],,LULC: Emission Live CH4,,0.0013,,,,,
,,,,Oak/Gum/Cypress Group,Wetland:Estuarine Forested,,Biomass: Fine Root,,,,Atmosphere: CO,Disturbance: Fire (High Severity) [Type],,LULC: Emission Live CO,,0.012,,,,,
,,,,Oak/Gum/Cypress Group,Wetland:Estuarine Forested,,Biomass: Fine Root,,,,Atmosphere: CO2,Disturbance: Fire (High Severity) [Type],,LULC: Emission Live CO2,,0.1202,,,,,
,,,,Oak/Gum/Cypress Group,Wetland:Estuarine Forested,,Biomass: Fine Root,,,,DOM: Aboveground Very Fast,Disturbance: Fire (High Severity) [Type],,LULC: Mortality Live,,0.3665,,,,,
,,,,Oak/Gum/Cypress Group,Wetland:Estuarine Forested,,Biomass: Fine Root,,,,DOM: Aboveground Very Fast,Disturbance: Harvest (Clearcut) [Type],,LULC: Mortality Live,,0.5,,,,,
,,,,Oak/Gum/Cypress Group,Wetland:Estuarine Forested,,Biomass: Fine Root,,,,DOM: Belowground Very Fast,Disturbance: Fire (High Severity) [Type],,LULC: Mortality Live,,0.5,,,,,
,,,,Oak/Gum/Cypress Group,Wetland:Estuarine Forested,,Biomass: Fine Root,,,,DOM: Belowground Very Fast,Disturbance: Harvest (Clearcut) [Type],,LULC: Mortality Live,,0.5,,,,,
,,,,Oak/Gum/Cypress Group,Wetland:Estuarine Forested,,Biomass: Foliage,,,,Atmosphere: CH4,Disturbance: Fire (High Severity) [Type],,LULC: Emission Live CH4,,0.01,,,,,
,,,,Oak/Gum/Cypress Group,Wetland:Estuarine Forested,,Biomass: Foliage,,,,Atmosphere: CO,Disturbance: Fire (High Severity) [Type],,LULC: Emission Live CO,,0.09,,,,,
,,,,Oak/Gum/Cypress Group,Wetland:Estuarine Forested,,Biomass: Foliage,,,,Atmosphere: CO2,Disturbance: Fire (High Severity) [Type],,LULC: Emission Live CO2,,0.9,,,,,
,,,,Oak/Gum/Cypress Group,Wetland:Estuarine Forested,,Biomass: Foliage,,,,DOM: Aboveground Very Fast,Disturbance: Harvest (Clearcut) [Type],,LULC: Mortality Live,,1,,,,,
,,,,Oak/Gum/Cypress Group,Wetland:Estuarine Forested,,Biomass: Merchantable,,,,DOM: Aboveground Medium,Disturbance: Harvest (Clearcut) [Type],,LULC: Mortality Live,,0.03,,,,,
,,,,Oak/Gum/Cypress Group,Wetland:Estuarine Forested,,Biomass: Merchantable,,,,DOM: Snag Stem,Disturbance: Fire (High Severity) [Type],,LULC: Mortality Live,,1,,,,,
,,,,Oak/Gum/Cypress Group,Wetland:Estuarine Forested,,Biomass: Merchantable,,,,Forestry Sector,Disturbance: Harvest (Clearcut) [Type],,LULC: Harvest Live,,0.97,,,,,
,,,,Oak/Gum/Cypress Group,Wetland:Estuarine Forested,,Biomass: Other Wood,,,,Atmosphere: CH4,Disturbance: Fire (High Severity) [Type],,LULC: Emission Live CH4,,0.0025,,,,,
,,,,Oak/Gum/Cypress Group,Wetland:Estuarine Forested,,Biomass: Other Wood,,,,Atmosphere: CO,Disturbance: Fire (High Severity) [Type],,LULC: Emission Live CO,,0.0225,,,,,
,,,,Oak/Gum/Cypress Group,Wetland:Estuarine Forested,,Biomass: Other Wood,,,,Atmosphere: CO2,Disturbance: Fire (High Severity) [Type],,LULC: Emission Live CO2,,0.225,,,,,
,,,,Oak/Gum/Cypress Group,Wetland:Estuarine Forested,,Biomass: Other Wood,,,,DOM: Aboveground Fast,Disturbance: Harvest (Clearcut) [Type],,LULC: Mortality Live,,1,,,,,
,,,,Oak/Gum/Cypress Group,Wetland:Estuarine Forested,,Biomass: Other Wood,,,,DOM: Snag Branch,Disturbance: Fire (High Severity) [Type],,LULC: Mortality Live,,0.75,,,,,
,,,,Oak/Gum/Cypress Group,Wetland:Estuarine Forested,,DOM: Aboveground Fast,,,,Atmosphere: CH4,Disturbance: Fire (High Severity) [Type],,LULC: Emission DOM CH4,,0.0067,,,,,
,,,,Oak/Gum/Cypress Group,Wetland:Estuarine Forested,,DOM: Aboveground Fast,,,,Atmosphere: CO,Disturbance: Fire (High Severity) [Type],,LULC: Emission DOM CO,,0.0606,,,,,
,,,,Oak/Gum/Cypress Group,Wetland:Estuarine Forested,,DOM: Aboveground Fast,,,,Atmosphere: CO2,Disturbance: Fire (High Severity) [Type],,LULC: Emission DOM CO2,,0.6056,,,,,
,,,,Oak/Gum/Cypress Group,Wetland:Estuarine Forested,,DOM: Aboveground Medium,,,,Atmosphere: CH4,Disturbance: Fire (High Severity) [Type],,LULC: Emission DOM CH4,,0.0058,,,,,
,,,,Oak/Gum/Cypress Group,Wetland:Estuarine Forested,,DOM: Aboveground Medium,,,,Atmosphere: CO,Disturbance: Fire (High Severity) [Type],,LULC: Emission DOM CO,,0.0519,,,,,
,,,,Oak/Gum/Cypress Group,Wetland:Estuarine Forested,,DOM: Aboveground Medium,,,,Atmosphere: CO2,Disturbance: Fire (High Severity) [Type],,LULC: Emission DOM CO2,,0.5189,,,,,
,,,,Oak/Gum/Cypress Group,Wetland:Estuarine Forested,,DOM: Aboveground Slow,,,,Atmosphere: CH4,Disturbance: Fire (High Severity) [Type],,LULC: Emission DOM CH4,,0.0027,,,,,
,,,,Oak/Gum/Cypress Group,Wetland:Estuarine Forested,,DOM: Aboveground Slow,,,,Atmosphere: CO,Disturbance: Fire (High Severity) [Type],,LULC: Emission DOM CO,,0.024,,,,,
,,,,Oak/Gum/Cypress Group,Wetland:Estuarine Forested,,DOM: Aboveground Slow,,,,Atmosphere: CO2,Disturbance: Fire (High Severity) [Type],,LULC: Emission DOM CO2,,0.2403,,,,,
,,,,Oak/Gum/Cypress Group,Wetland:Estuarine Forested,,DOM: Aboveground Very Fast,,,,Atmosphere: CH4,Disturbance: Fire (High Severity) [Type],,LULC: Emission DOM CH4,,0.0099,,,,,
,,,,Oak/Gum/Cypress Group,Wetland:Estuarine Forested,,DOM: Aboveground Very Fast,,,,Atmosphere: CO,Disturbance: Fire (High Severity) [Type],,LULC: Emission DOM CO,,0.0888,,,,,
,,,,Oak/Gum/Cypress Group,Wetland:Estuarine Forested,,DOM: Aboveground Very Fast,,,,Atmosphere: CO2,Disturbance: Fire (High Severity) [Type],,LULC: Emission DOM CO2,,0.8882,,,,,
,,,,Oak/Gum/Cypress Group,Wetland:Estuarine Forested,,DOM: Snag Branch,,,,DOM: Aboveground Fast,Disturbance: Fire (High Severity) [Type],,LULC: Transfer DOM,,1,,,,,
,,,,Oak/Gum/Cypress Group,Wetland:Estuarine Forested,,DOM: Snag Branch,,,,DOM: Aboveground Fast,Disturbance: Harvest (Clearcut) [Type],,LULC: Transfer DOM,,1,,,,,
,,,,Oak/Gum/Cypress Group,Wetland:Estuarine Forested,,DOM: Snag Stem,,,,DOM: Aboveground Medium,Disturbance: Fire (High Severity) [Type],,LULC: Transfer DOM,,1,,,,,
,,,,Oak/Gum/Cypress Group,Wetland:Estuarine Forested,,DOM: Snag Stem,,,,DOM: Aboveground Medium,Disturbance: Harvest (Clearcut) [Type],,LULC: Transfer DOM,,1,,,,,
,,,,Oak/Gum/Cypress Group,Wetland:Palustrine Forested,,Biomass: Coarse Root,,,,DOM: Aboveground Fast,Disturbance: Fire (High Severity) [Type],,LULC: Mortality Live,,0.5,,,,,
,,,,Oak/Gum/Cypress Group,Wetland:Palustrine Forested,,Biomass: Coarse Root,,,,DOM: Aboveground Fast,Disturbance: Harvest (Clearcut) [Type],,LULC: Mortality Live,,0.5,,,,,
,,,,Oak/Gum/Cypress Group,Wetland:Palustrine Forested,,Biomass: Coarse Root,,,,DOM: Belowground Fast,Disturbance: Fire (High Severity) [Type],,LULC: Mortality Live,,0.5,,,,,
,,,,Oak/Gum/Cypress Group,Wetland:Palustrine Forested,,Biomass: Coarse Root,,,,DOM: Belowground Fast,Disturbance: Harvest (Clearcut) [Type],,LULC: Mortality Live,,0.5,,,,,
,,,,Oak/Gum/Cypress Group,Wetland:Palustrine Forested,,Biomass: Fine Root,,,,Atmosphere: CH4,Disturbance: Fire (High Severity) [Type],,LULC: Emission Live CH4,,0.0013,,,,,
,,,,Oak/Gum/Cypress Group,Wetland:Palustrine Forested,,Biomass: Fine Root,,,,Atmosphere: CO,Disturbance: Fire (High Severity) [Type],,LULC: Emission Live CO,,0.012,,,,,
,,,,Oak/Gum/Cypress Group,Wetland:Palustrine Forested,,Biomass: Fine Root,,,,Atmosphere: CO2,Disturbance: Fire (High Severity) [Type],,LULC: Emission Live CO2,,0.1202,,,,,
,,,,Oak/Gum/Cypress Group,Wetland:Palustrine Forested,,Biomass: Fine Root,,,,DOM: Aboveground Very Fast,Disturbance: Fire (High Severity) [Type],,LULC: Mortality Live,,0.3665,,,,,
,,,,Oak/Gum/Cypress Group,Wetland:Palustrine Forested,,Biomass: Fine Root,,,,DOM: Aboveground Very Fast,Disturbance: Harvest (Clearcut) [Type],,LULC: Mortality Live,,0.5,,,,,
,,,,Oak/Gum/Cypress Group,Wetland:Palustrine Forested,,Biomass: Fine Root,,,,DOM: Belowground Very Fast,Disturbance: Fire (High Severity) [Type],,LULC: Mortality Live,,0.5,,,,,
,,,,Oak/Gum/Cypress Group,Wetland:Palustrine Forested,,Biomass: Fine Root,,,,DOM: Belowground Very Fast,Disturbance: Harvest (Clearcut) [Type],,LULC: Mortality Live,,0.5,,,,,
,,,,Oak/Gum/Cypress Group,Wetland:Palustrine Forested,,Biomass: Foliage,,,,Atmosphere: CH4,Disturbance: Fire (High Severity) [Type],,LULC: Emission Live CH4,,0.01,,,,,
,,,,Oak/Gum/Cypress Group,Wetland:Palustrine Forested,,Biomass: Foliage,,,,Atmosphere: CO,Disturbance: Fire (High Severity) [Type],,LULC: Emission Live CO,,0.09,,,,,
,,,,Oak/Gum/Cypress Group,Wetland:Palustrine Forested,,Biomass: Foliage,,,,Atmosphere: CO2,Disturbance: Fire (High Severity) [Type],,LULC: Emission Live CO2,,0.9,,,,,
,,,,Oak/Gum/Cypress Group,Wetland:Palustrine Forested,,Biomass: Foliage,,,,DOM: Aboveground Very Fast,Disturbance: Harvest (Clearcut) [Type],,LULC: Mortality Live,,1,,,,,
,,,,Oak/Gum/Cypress Group,Wetland:Palustrine Forested,,Biomass: Merchantable,,,,DOM: Aboveground Medium,Disturbance: Harvest (Clearcut) [Type],,LULC: Mortality Live,,0.03,,,,,
,,,,Oak/Gum/Cypress Group,Wetland:Palustrine Forested,,Biomass: Merchantable,,,,DOM: Snag Stem,Disturbance: Fire (High Severity) [Type],,LULC: Mortality Live,,1,,,,,
,,,,Oak/Gum/Cypress Group,Wetland:Palustrine Forested,,Biomass: Merchantable,,,,Forestry Sector,Disturbance: Harvest (Clearcut) [Type],,LULC: Harvest Live,,0.97,,,,,
,,,,Oak/Gum/Cypress Group,Wetland:Palustrine Forested,,Biomass: Other Wood,,,,Atmosphere: CH4,Disturbance: Fire (High Severity) [Type],,LULC: Emission Live CH4,,0.0025,,,,,
,,,,Oak/Gum/Cypress Group,Wetland:Palustrine Forested,,Biomass: Other Wood,,,,Atmosphere: CO,Disturbance: Fire (High Severity) [Type],,LULC: Emission Live CO,,0.0225,,,,,
,,,,Oak/Gum/Cypress Group,Wetland:Palustrine Forested,,Biomass: Other Wood,,,,Atmosphere: CO2,Disturbance: Fire (High Severity) [Type],,LULC: Emission Live CO2,,0.225,,,,,
,,,,Oak/Gum/Cypress Group,Wetland:Palustrine Forested,,Biomass: Other Wood,,,,DOM: Aboveground Fast,Disturbance: Harvest (Clearcut) [Type],,LULC: Mortality Live,,1,,,,,
,,,,Oak/Gum/Cypress Group,Wetland:Palustrine Forested,,Biomass: Other Wood,,,,DOM: Snag Branch,Disturbance: Fire (High Severity) [Type],,LULC: Mortality Live,,0.75,,,,,
,,,,Oak/Gum/Cypress Group,Wetland:Palustrine Forested,,DOM: Aboveground Fast,,,,Atmosphere: CH4,Disturbance: Fire (High Severity) [Type],,LULC: Emission DOM CH4,,0.0067,,,,,
,,,,Oak/Gum/Cypress Group,Wetland:Palustrine Forested,,DOM: Aboveground Fast,,,,Atmosphere: CO,Disturbance: Fire (High Severity) [Type],,LULC: Emission DOM CO,,0.0606,,,,,
,,,,Oak/Gum/Cypress Group,Wetland:Palustrine Forested,,DOM: Aboveground Fast,,,,Atmosphere: CO2,Disturbance: Fire (High Severity) [Type],,LULC: Emission DOM CO2,,0.6056,,,,,
,,,,Oak/Gum/Cypress Group,Wetland:Palustrine Forested,,DOM: Aboveground Medium,,,,Atmosphere: CH4,Disturbance: Fire (High Severity) [Type],,LULC: Emission DOM CH4,,0.0058,,,,,
,,,,Oak/Gum/Cypress Group,Wetland:Palustrine Forested,,DOM: Aboveground Medium,,,,Atmosphere: CO,Disturbance: Fire (High Severity) [Type],,LULC: Emission DOM CO,,0.0519,,,,,
,,,,Oak/Gum/Cypress Group,Wetland:Palustrine Forested,,DOM: Aboveground Medium,,,,Atmosphere: CO2,Disturbance: Fire (High Severity) [Type],,LULC: Emission DOM CO2,,0.5189,,,,,
,,,,Oak/Gum/Cypress Group,Wetland:Palustrine Forested,,DOM: Aboveground Slow,,,,Atmosphere: CH4,Disturbance: Fire (High Severity) [Type],,LULC: Emission DOM CH4,,0.0027,,,,,
,,,,Oak/Gum/Cypress Group,Wetland:Palustrine Forested,,DOM: Aboveground Slow,,,,Atmosphere: CO,Disturbance: Fire (High Severity) [Type],,LULC: Emission DOM CO,,0.024,,,,,
,,,,Oak/Gum/Cypress Group,Wetland:Palustrine Forested,,DOM: Aboveground Slow,,,,Atmosphere: CO2,Disturbance: Fire (High Severity) [Type],,LULC: Emission DOM CO2,,0.2403,,,,,
,,,,Oak/Gum/Cypress Group,Wetland:Palustrine Forested,,DOM: Aboveground Very Fast,,,,Atmosphere: CH4,Disturbance: Fire (High Severity) [Type],,LULC: Emission DOM CH4,,0.0099,,,,,
,,,,Oak/Gum/Cypress Group,Wetland:Palustrine Forested,,DOM: Aboveground Very Fast,,,,Atmosphere: CO,Disturbance: Fire (High Severity) [Type],,LULC: Emission DOM CO,,0.0888,,,,,
,,,,Oak/Gum/Cypress Group,Wetland:Palustrine Forested,,DOM: Aboveground Very Fast,,,,Atmosphere: CO2,Disturbance: Fire (High Severity) [Type],,LULC: Emission DOM CO2,,0.8882,,,,,
,,,,Oak/Gum/Cypress Group,Wetland:Palustrine Forested,,DOM: Snag Branch,,,,DOM: Aboveground Fast,Disturbance: Fire (High Severity) [Type],,LULC: Transfer DOM,,1,,,,,
,,,,Oak/Gum/Cypress Group,Wetland:Palustrine Forested,,DOM: Snag Branch,,,,DOM: Aboveground Fast,Disturbance: Harvest (Clearcut) [Type],,LULC: Transfer DOM,,1,,,,,
,,,,Oak/Gum/Cypress Group,Wetland:Palustrine Forested,,DOM: Snag Stem,,,,DOM: Aboveground Medium,Disturbance: Fire (High Severity) [Type],,LULC: Transfer DOM,,1,,,,,
,,,,Oak/Gum/Cypress Group,Wetland:Palustrine Forested,,DOM: Snag Stem,,,,DOM: Aboveground Medium,Disturbance: Harvest (Clearcut) [Type],,LULC: Transfer DOM,,1,,,,,
,,,,Oak/Hickory Group,Forest:All,,Biomass: Coarse Root,,,,DOM: Aboveground Fast,Disturbance: Fire (High Severity) [Type],,LULC: Mortality Live,,0.5,,,,,
,,,,Oak/Hickory Group,Forest:All,,Biomass: Coarse Root,,,,DOM: Aboveground Fast,Disturbance: Harvest (Clearcut) [Type],,LULC: Mortality Live,,0.5,,,,,
,,,,Oak/Hickory Group,Forest:All,,Biomass: Coarse Root,,,,DOM: Belowground Fast,Disturbance: Fire (High Severity) [Type],,LULC: Mortality Live,,0.5,,,,,
,,,,Oak/Hickory Group,Forest:All,,Biomass: Coarse Root,,,,DOM: Belowground Fast,Disturbance: Harvest (Clearcut) [Type],,LULC: Mortality Live,,0.5,,,,,
,,,,Oak/Hickory Group,Forest:All,,Biomass: Fine Root,,,,Atmosphere: CH4,Disturbance: Fire (High Severity) [Type],,LULC: Emission Live CH4,,0.0013,,,,,
,,,,Oak/Hickory Group,Forest:All,,Biomass: Fine Root,,,,Atmosphere: CO,Disturbance: Fire (High Severity) [Type],,LULC: Emission Live CO,,0.0116,,,,,
,,,,Oak/Hickory Group,Forest:All,,Biomass: Fine Root,,,,Atmosphere: CO2,Disturbance: Fire (High Severity) [Type],,LULC: Emission Live CO2,,0.116,,,,,
,,,,Oak/Hickory Group,Forest:All,,Biomass: Fine Root,,,,DOM: Aboveground Very Fast,Disturbance: Fire (High Severity) [Type],,LULC: Mortality Live,,0.3711,,,,,
,,,,Oak/Hickory Group,Forest:All,,Biomass: Fine Root,,,,DOM: Aboveground Very Fast,Disturbance: Harvest (Clearcut) [Type],,LULC: Mortality Live,,0.5,,,,,
,,,,Oak/Hickory Group,Forest:All,,Biomass: Fine Root,,,,DOM: Belowground Very Fast,Disturbance: Fire (High Severity) [Type],,LULC: Mortality Live,,0.5,,,,,
,,,,Oak/Hickory Group,Forest:All,,Biomass: Fine Root,,,,DOM: Belowground Very Fast,Disturbance: Harvest (Clearcut) [Type],,LULC: Mortality Live,,0.5,,,,,
,,,,Oak/Hickory Group,Forest:All,,Biomass: Foliage,,,,Atmosphere: CH4,Disturbance: Fire (High Severity) [Type],,LULC: Emission Live CH4,,0.01,,,,,
,,,,Oak/Hickory Group,Forest:All,,Biomass: Foliage,,,,Atmosphere: CO,Disturbance: Fire (High Severity) [Type],,LULC: Emission Live CO,,0.09,,,,,
,,,,Oak/Hickory Group,Forest:All,,Biomass: Foliage,,,,Atmosphere: CO2,Disturbance: Fire (High Severity) [Type],,LULC: Emission Live CO2,,0.9,,,,,
,,,,Oak/Hickory Group,Forest:All,,Biomass: Foliage,,,,DOM: Aboveground Very Fast,Disturbance: Harvest (Clearcut) [Type],,LULC: Mortality Live,,1,,,,,
,,,,Oak/Hickory Group,Forest:All,,Biomass: Merchantable,,,,DOM: Aboveground Medium,Disturbance: Harvest (Clearcut) [Type],,LULC: Mortality Live,,0.03,,,,,
,,,,Oak/Hickory Group,Forest:All,,Biomass: Merchantable,,,,DOM: Snag Stem,Disturbance: Fire (High Severity) [Type],,LULC: Mortality Live,,1,,,,,
,,,,Oak/Hickory Group,Forest:All,,Biomass: Merchantable,,,,Forestry Sector,Disturbance: Harvest (Clearcut) [Type],,LULC: Harvest Live,,0.97,,,,,
,,,,Oak/Hickory Group,Forest:All,,Biomass: Other Wood,,,,Atmosphere: CH4,Disturbance: Fire (High Severity) [Type],,LULC: Emission Live CH4,,0.0003,,,,,
,,,,Oak/Hickory Group,Forest:All,,Biomass: Other Wood,,,,Atmosphere: CO,Disturbance: Fire (High Severity) [Type],,LULC: Emission Live CO,,0.0031,,,,,
,,,,Oak/Hickory Group,Forest:All,,Biomass: Other Wood,,,,Atmosphere: CO2,Disturbance: Fire (High Severity) [Type],,LULC: Emission Live CO2,,0.0306,,,,,
,,,,Oak/Hickory Group,Forest:All,,Biomass: Other Wood,,,,DOM: Aboveground Fast,Disturbance: Harvest (Clearcut) [Type],,LULC: Mortality Live,,1,,,,,
,,,,Oak/Hickory Group,Forest:All,,Biomass: Other Wood,,,,DOM: Snag Branch,Disturbance: Fire (High Severity) [Type],,LULC: Mortality Live,,0.966,,,,,
,,,,Oak/Hickory Group,Forest:All,,DOM: Aboveground Fast,,,,Atmosphere: CH4,Disturbance: Fire (High Severity) [Type],,LULC: Emission DOM CH4,,0.0067,,,,,
,,,,Oak/Hickory Group,Forest:All,,DOM: Aboveground Fast,,,,Atmosphere: CO,Disturbance: Fire (High Severity) [Type],,LULC: Emission DOM CO,,0.0606,,,,,
,,,,Oak/Hickory Group,Forest:All,,DOM: Aboveground Fast,,,,Atmosphere: CO2,Disturbance: Fire (High Severity) [Type],,LULC: Emission DOM CO2,,0.6056,,,,,
,,,,Oak/Hickory Group,Forest:All,,DOM: Aboveground Medium,,,,Atmosphere: CH4,Disturbance: Fire (High Severity) [Type],,LULC: Emission DOM CH4,,0.0058,,,,,
,,,,Oak/Hickory Group,Forest:All,,DOM: Aboveground Medium,,,,Atmosphere: CO,Disturbance: Fire (High Severity) [Type],,LULC: Emission DOM CO,,0.0519,,,,,
,,,,Oak/Hickory Group,Forest:All,,DOM: Aboveground Medium,,,,Atmosphere: CO2,Disturbance: Fire (High Severity) [Type],,LULC: Emission DOM CO2,,0.5189,,,,,
,,,,Oak/Hickory Group,Forest:All,,DOM: Aboveground Slow,,,,Atmosphere: CH4,Disturbance: Fire (High Severity) [Type],,LULC: Emission DOM CH4,,0.0027,,,,,
,,,,Oak/Hickory Group,Forest:All,,DOM: Aboveground Slow,,,,Atmosphere: CO,Disturbance: Fire (High Severity) [Type],,LULC: Emission DOM CO,,0.024,,,,,
,,,,Oak/Hickory Group,Forest:All,,DOM: Aboveground Slow,,,,Atmosphere: CO2,Disturbance: Fire (High Severity) [Type],,LULC: Emission DOM CO2,,0.2403,,,,,
,,,,Oak/Hickory Group,Forest:All,,DOM: Aboveground Very Fast,,,,Atmosphere: CH4,Disturbance: Fire (High Severity) [Type],,LULC: Emission DOM CH4,,0.0099,,,,,
,,,,Oak/Hickory Group,Forest:All,,DOM: Aboveground Very Fast,,,,Atmosphere: CO,Disturbance: Fire (High Severity) [Type],,LULC: Emission DOM CO,,0.0888,,,,,
,,,,Oak/Hickory Group,Forest:All,,DOM: Aboveground Very Fast,,,,Atmosphere: CO2,Disturbance: Fire (High Severity) [Type],,LULC: Emission DOM CO2,,0.8882,,,,,
,,,,Oak/Hickory Group,Forest:All,,DOM: Snag Branch,,,,DOM: Aboveground Fast,Disturbance: Fire (High Severity) [Type],,LULC: Transfer DOM,,1,,,,,
,,,,Oak/Hickory Group,Forest:All,,DOM: Snag Branch,,,,DOM: Aboveground Fast,Disturbance: Harvest (Clearcut) [Type],,LULC: Transfer DOM,,1,,,,,
,,,,Oak/Hickory Group,Forest:All,,DOM: Snag Stem,,,,DOM: Aboveground Medium,Disturbance: Fire (High Severity) [Type],,LULC: Transfer DOM,,1,,,,,
,,,,Oak/Hickory Group,Forest:All,,DOM: Snag Stem,,,,DOM: Aboveground Medium,Disturbance: Harvest (Clearcut) [Type],,LULC: Transfer DOM,,1,,,,,
,,,,Oak/Hickory Group,Wetland:Estuarine Forested,,Biomass: Coarse Root,,,,DOM: Aboveground Fast,Disturbance: Fire (High Severity) [Type],,LULC: Mortality Live,,0.5,,,,,
,,,,Oak/Hickory Group,Wetland:Estuarine Forested,,Biomass: Coarse Root,,,,DOM: Aboveground Fast,Disturbance: Harvest (Clearcut) [Type],,LULC: Mortality Live,,0.5,,,,,
,,,,Oak/Hickory Group,Wetland:Estuarine Forested,,Biomass: Coarse Root,,,,DOM: Belowground Fast,Disturbance: Fire (High Severity) [Type],,LULC: Mortality Live,,0.5,,,,,
,,,,Oak/Hickory Group,Wetland:Estuarine Forested,,Biomass: Coarse Root,,,,DOM: Belowground Fast,Disturbance: Harvest (Clearcut) [Type],,LULC: Mortality Live,,0.5,,,,,
,,,,Oak/Hickory Group,Wetland:Estuarine Forested,,Biomass: Fine Root,,,,Atmosphere: CH4,Disturbance: Fire (High Severity) [Type],,LULC: Emission Live CH4,,0.0013,,,,,
,,,,Oak/Hickory Group,Wetland:Estuarine Forested,,Biomass: Fine Root,,,,Atmosphere: CO,Disturbance: Fire (High Severity) [Type],,LULC: Emission Live CO,,0.0116,,,,,
,,,,Oak/Hickory Group,Wetland:Estuarine Forested,,Biomass: Fine Root,,,,Atmosphere: CO2,Disturbance: Fire (High Severity) [Type],,LULC: Emission Live CO2,,0.116,,,,,
,,,,Oak/Hickory Group,Wetland:Estuarine Forested,,Biomass: Fine Root,,,,DOM: Aboveground Very Fast,Disturbance: Fire (High Severity) [Type],,LULC: Mortality Live,,0.3711,,,,,
,,,,Oak/Hickory Group,Wetland:Estuarine Forested,,Biomass: Fine Root,,,,DOM: Aboveground Very Fast,Disturbance: Harvest (Clearcut) [Type],,LULC: Mortality Live,,0.5,,,,,
,,,,Oak/Hickory Group,Wetland:Estuarine Forested,,Biomass: Fine Root,,,,DOM: Belowground Very Fast,Disturbance: Fire (High Severity) [Type],,LULC: Mortality Live,,0.5,,,,,
,,,,Oak/Hickory Group,Wetland:Estuarine Forested,,Biomass: Fine Root,,,,DOM: Belowground Very Fast,Disturbance: Harvest (Clearcut) [Type],,LULC: Mortality Live,,0.5,,,,,
,,,,Oak/Hickory Group,Wetland:Estuarine Forested,,Biomass: Foliage,,,,Atmosphere: CH4,Disturbance: Fire (High Severity) [Type],,LULC: Emission Live CH4,,0.01,,,,,
,,,,Oak/Hickory Group,Wetland:Estuarine Forested,,Biomass: Foliage,,,,Atmosphere: CO,Disturbance: Fire (High Severity) [Type],,LULC: Emission Live CO,,0.09,,,,,
,,,,Oak/Hickory Group,Wetland:Estuarine Forested,,Biomass: Foliage,,,,Atmosphere: CO2,Disturbance: Fire (High Severity) [Type],,LULC: Emission Live CO2,,0.9,,,,,
,,,,Oak/Hickory Group,Wetland:Estuarine Forested,,Biomass: Foliage,,,,DOM: Aboveground Very Fast,Disturbance: Harvest (Clearcut) [Type],,LULC: Mortality Live,,1,,,,,
,,,,Oak/Hickory Group,Wetland:Estuarine Forested,,Biomass: Merchantable,,,,DOM: Aboveground Medium,Disturbance: Harvest (Clearcut) [Type],,LULC: Mortality Live,,0.03,,,,,
,,,,Oak/Hickory Group,Wetland:Estuarine Forested,,Biomass: Merchantable,,,,DOM: Snag Stem,Disturbance: Fire (High Severity) [Type],,LULC: Mortality Live,,1,,,,,
,,,,Oak/Hickory Group,Wetland:Estuarine Forested,,Biomass: Merchantable,,,,Forestry Sector,Disturbance: Harvest (Clearcut) [Type],,LULC: Harvest Live,,0.97,,,,,
,,,,Oak/Hickory Group,Wetland:Estuarine Forested,,Biomass: Other Wood,,,,Atmosphere: CH4,Disturbance: Fire (High Severity) [Type],,LULC: Emission Live CH4,,0.0003,,,,,
,,,,Oak/Hickory Group,Wetland:Estuarine Forested,,Biomass: Other Wood,,,,Atmosphere: CO,Disturbance: Fire (High Severity) [Type],,LULC: Emission Live CO,,0.0031,,,,,
,,,,Oak/Hickory Group,Wetland:Estuarine Forested,,Biomass: Other Wood,,,,Atmosphere: CO2,Disturbance: Fire (High Severity) [Type],,LULC: Emission Live CO2,,0.0306,,,,,
,,,,Oak/Hickory Group,Wetland:Estuarine Forested,,Biomass: Other Wood,,,,DOM: Aboveground Fast,Disturbance: Harvest (Clearcut) [Type],,LULC: Mortality Live,,1,,,,,
,,,,Oak/Hickory Group,Wetland:Estuarine Forested,,Biomass: Other Wood,,,,DOM: Snag Branch,Disturbance: Fire (High Severity) [Type],,LULC: Mortality Live,,0.966,,,,,
,,,,Oak/Hickory Group,Wetland:Estuarine Forested,,DOM: Aboveground Fast,,,,Atmosphere: CH4,Disturbance: Fire (High Severity) [Type],,LULC: Emission DOM CH4,,0.0067,,,,,
,,,,Oak/Hickory Group,Wetland:Estuarine Forested,,DOM: Aboveground Fast,,,,Atmosphere: CO,Disturbance: Fire (High Severity) [Type],,LULC: Emission DOM CO,,0.0606,,,,,
,,,,Oak/Hickory Group,Wetland:Estuarine Forested,,DOM: Aboveground Fast,,,,Atmosphere: CO2,Disturbance: Fire (High Severity) [Type],,LULC: Emission DOM CO2,,0.6056,,,,,
,,,,Oak/Hickory Group,Wetland:Estuarine Forested,,DOM: Aboveground Medium,,,,Atmosphere: CH4,Disturbance: Fire (High Severity) [Type],,LULC: Emission DOM CH4,,0.0058,,,,,
,,,,Oak/Hickory Group,Wetland:Estuarine Forested,,DOM: Aboveground Medium,,,,Atmosphere: CO,Disturbance: Fire (High Severity) [Type],,LULC: Emission DOM CO,,0.0519,,,,,
,,,,Oak/Hickory Group,Wetland:Estuarine Forested,,DOM: Aboveground Medium,,,,Atmosphere: CO2,Disturbance: Fire (High Severity) [Type],,LULC: Emission DOM CO2,,0.5189,,,,,
,,,,Oak/Hickory Group,Wetland:Estuarine Forested,,DOM: Aboveground Slow,,,,Atmosphere: CH4,Disturbance: Fire (High Severity) [Type],,LULC: Emission DOM CH4,,0.0027,,,,,
,,,,Oak/Hickory Group,Wetland:Estuarine Forested,,DOM: Aboveground Slow,,,,Atmosphere: CO,Disturbance: Fire (High Severity) [Type],,LULC: Emission DOM CO,,0.024,,,,,
,,,,Oak/Hickory Group,Wetland:Estuarine Forested,,DOM: Aboveground Slow,,,,Atmosphere: CO2,Disturbance: Fire (High Severity) [Type],,LULC: Emission DOM CO2,,0.2403,,,,,
,,,,Oak/Hickory Group,Wetland:Estuarine Forested,,DOM: Aboveground Very Fast,,,,Atmosphere: CH4,Disturbance: Fire (High Severity) [Type],,LULC: Emission DOM CH4,,0.0099,,,,,
,,,,Oak/Hickory Group,Wetland:Estuarine Forested,,DOM: Aboveground Very Fast,,,,Atmosphere: CO,Disturbance: Fire (High Severity) [Type],,LULC: Emission DOM CO,,0.0888,,,,,
,,,,Oak/Hickory Group,Wetland:Estuarine Forested,,DOM: Aboveground Very Fast,,,,Atmosphere: CO2,Disturbance: Fire (High Severity) [Type],,LULC: Emission DOM CO2,,0.8882,,,,,
,,,,Oak/Hickory Group,Wetland:Estuarine Forested,,DOM: Snag Branch,,,,DOM: Aboveground Fast,Disturbance: Fire (High Severity) [Type],,LULC: Transfer DOM,,1,,,,,
,,,,Oak/Hickory Group,Wetland:Estuarine Forested,,DOM: Snag Branch,,,,DOM: Aboveground Fast,Disturbance: Harvest (Clearcut) [Type],,LULC: Transfer DOM,,1,,,,,
,,,,Oak/Hickory Group,Wetland:Estuarine Forested,,DOM: Snag Stem,,,,DOM: Aboveground Medium,Disturbance: Fire (High Severity) [Type],,LULC: Transfer DOM,,1,,,,,
,,,,Oak/Hickory Group,Wetland:Estuarine Forested,,DOM: Snag Stem,,,,DOM: Aboveground Medium,Disturbance: Harvest (Clearcut) [Type],,LULC: Transfer DOM,,1,,,,,
,,,,Oak/Hickory Group,Wetland:Palustrine Forested,,Biomass: Coarse Root,,,,DOM: Aboveground Fast,Disturbance: Fire (High Severity) [Type],,LULC: Mortality Live,,0.5,,,,,
,,,,Oak/Hickory Group,Wetland:Palustrine Forested,,Biomass: Coarse Root,,,,DOM: Aboveground Fast,Disturbance: Harvest (Clearcut) [Type],,LULC: Mortality Live,,0.5,,,,,
,,,,Oak/Hickory Group,Wetland:Palustrine Forested,,Biomass: Coarse Root,,,,DOM: Belowground Fast,Disturbance: Fire (High Severity) [Type],,LULC: Mortality Live,,0.5,,,,,
,,,,Oak/Hickory Group,Wetland:Palustrine Forested,,Biomass: Coarse Root,,,,DOM: Belowground Fast,Disturbance: Harvest (Clearcut) [Type],,LULC: Mortality Live,,0.5,,,,,
,,,,Oak/Hickory Group,Wetland:Palustrine Forested,,Biomass: Fine Root,,,,Atmosphere: CH4,Disturbance: Fire (High Severity) [Type],,LULC: Emission Live CH4,,0.0013,,,,,
,,,,Oak/Hickory Group,Wetland:Palustrine Forested,,Biomass: Fine Root,,,,Atmosphere: CO,Disturbance: Fire (High Severity) [Type],,LULC: Emission Live CO,,0.0116,,,,,
,,,,Oak/Hickory Group,Wetland:Palustrine Forested,,Biomass: Fine Root,,,,Atmosphere: CO2,Disturbance: Fire (High Severity) [Type],,LULC: Emission Live CO2,,0.116,,,,,
,,,,Oak/Hickory Group,Wetland:Palustrine Forested,,Biomass: Fine Root,,,,DOM: Aboveground Very Fast,Disturbance: Fire (High Severity) [Type],,LULC: Mortality Live,,0.3711,,,,,
,,,,Oak/Hickory Group,Wetland:Palustrine Forested,,Biomass: Fine Root,,,,DOM: Aboveground Very Fast,Disturbance: Harvest (Clearcut) [Type],,LULC: Mortality Live,,0.5,,,,,
,,,,Oak/Hickory Group,Wetland:Palustrine Forested,,Biomass: Fine Root,,,,DOM: Belowground Very Fast,Disturbance: Fire (High Severity) [Type],,LULC: Mortality Live,,0.5,,,,,
,,,,Oak/Hickory Group,Wetland:Palustrine Forested,,Biomass: Fine Root,,,,DOM: Belowground Very Fast,Disturbance: Harvest (Clearcut) [Type],,LULC: Mortality Live,,0.5,,,,,
,,,,Oak/Hickory Group,Wetland:Palustrine Forested,,Biomass: Foliage,,,,Atmosphere: CH4,Disturbance: Fire (High Severity) [Type],,LULC: Emission Live CH4,,0.01,,,,,
,,,,Oak/Hickory Group,Wetland:Palustrine Forested,,Biomass: Foliage,,,,Atmosphere: CO,Disturbance: Fire (High Severity) [Type],,LULC: Emission Live CO,,0.09,,,,,
,,,,Oak/Hickory Group,Wetland:Palustrine Forested,,Biomass: Foliage,,,,Atmosphere: CO2,Disturbance: Fire (High Severity) [Type],,LULC: Emission Live CO2,,0.9,,,,,
,,,,Oak/Hickory Group,Wetland:Palustrine Forested,,Biomass: Foliage,,,,DOM: Aboveground Very Fast,Disturbance: Harvest (Clearcut) [Type],,LULC: Mortality Live,,1,,,,,
,,,,Oak/Hickory Group,Wetland:Palustrine Forested,,Biomass: Merchantable,,,,DOM: Aboveground Medium,Disturbance: Harvest (Clearcut) [Type],,LULC: Mortality Live,,0.03,,,,,
,,,,Oak/Hickory Group,Wetland:Palustrine Forested,,Biomass: Merchantable,,,,DOM: Snag Stem,Disturbance: Fire (High Severity) [Type],,LULC: Mortality Live,,1,,,,,
,,,,Oak/Hickory Group,Wetland:Palustrine Forested,,Biomass: Merchantable,,,,Forestry Sector,Disturbance: Harvest (Clearcut) [Type],,LULC: Harvest Live,,0.97,,,,,
,,,,Oak/Hickory Group,Wetland:Palustrine Forested,,Biomass: Other Wood,,,,Atmosphere: CH4,Disturbance: Fire (High Severity) [Type],,LULC: Emission Live CH4,,0.0003,,,,,
,,,,Oak/Hickory Group,Wetland:Palustrine Forested,,Biomass: Other Wood,,,,Atmosphere: CO,Disturbance: Fire (High Severity) [Type],,LULC: Emission Live CO,,0.0031,,,,,
,,,,Oak/Hickory Group,Wetland:Palustrine Forested,,Biomass: Other Wood,,,,Atmosphere: CO2,Disturbance: Fire (High Severity) [Type],,LULC: Emission Live CO2,,0.0306,,,,,
,,,,Oak/Hickory Group,Wetland:Palustrine Forested,,Biomass: Other Wood,,,,DOM: Aboveground Fast,Disturbance: Harvest (Clearcut) [Type],,LULC: Mortality Live,,1,,,,,
,,,,Oak/Hickory Group,Wetland:Palustrine Forested,,Biomass: Other Wood,,,,DOM: Snag Branch,Disturbance: Fire (High Severity) [Type],,LULC: Mortality Live,,0.966,,,,,
,,,,Oak/Hickory Group,Wetland:Palustrine Forested,,DOM: Aboveground Fast,,,,Atmosphere: CH4,Disturbance: Fire (High Severity) [Type],,LULC: Emission DOM CH4,,0.0067,,,,,
,,,,Oak/Hickory Group,Wetland:Palustrine Forested,,DOM: Aboveground Fast,,,,Atmosphere: CO,Disturbance: Fire (High Severity) [Type],,LULC: Emission DOM CO,,0.0606,,,,,
,,,,Oak/Hickory Group,Wetland:Palustrine Forested,,DOM: Aboveground Fast,,,,Atmosphere: CO2,Disturbance: Fire (High Severity) [Type],,LULC: Emission DOM CO2,,0.6056,,,,,
,,,,Oak/Hickory Group,Wetland:Palustrine Forested,,DOM: Aboveground Medium,,,,Atmosphere: CH4,Disturbance: Fire (High Severity) [Type],,LULC: Emission DOM CH4,,0.0058,,,,,
,,,,Oak/Hickory Group,Wetland:Palustrine Forested,,DOM: Aboveground Medium,,,,Atmosphere: CO,Disturbance: Fire (High Severity) [Type],,LULC: Emission DOM CO,,0.0519,,,,,
,,,,Oak/Hickory Group,Wetland:Palustrine Forested,,DOM: Aboveground Medium,,,,Atmosphere: CO2,Disturbance: Fire (High Severity) [Type],,LULC: Emission DOM CO2,,0.5189,,,,,
,,,,Oak/Hickory Group,Wetland:Palustrine Forested,,DOM: Aboveground Slow,,,,Atmosphere: CH4,Disturbance: Fire (High Severity) [Type],,LULC: Emission DOM CH4,,0.0027,,,,,
,,,,Oak/Hickory Group,Wetland:Palustrine Forested,,DOM: Aboveground Slow,,,,Atmosphere: CO,Disturbance: Fire (High Severity) [Type],,LULC: Emission DOM CO,,0.024,,,,,
,,,,Oak/Hickory Group,Wetland:Palustrine Forested,,DOM: Aboveground Slow,,,,Atmosphere: CO2,Disturbance: Fire (High Severity) [Type],,LULC: Emission DOM CO2,,0.2403,,,,,
,,,,Oak/Hickory Group,Wetland:Palustrine Forested,,DOM: Aboveground Very Fast,,,,Atmosphere: CH4,Disturbance: Fire (High Severity) [Type],,LULC: Emission DOM CH4,,0.0099,,,,,
,,,,Oak/Hickory Group,Wetland:Palustrine Forested,,DOM: Aboveground Very Fast,,,,Atmosphere: CO,Disturbance: Fire (High Severity) [Type],,LULC: Emission DOM CO,,0.0888,,,,,
,,,,Oak/Hickory Group,Wetland:Palustrine Forested,,DOM: Aboveground Very Fast,,,,Atmosphere: CO2,Disturbance: Fire (High Severity) [Type],,LULC: Emission DOM CO2,,0.8882,,,,,
,,,,Oak/Hickory Group,Wetland:Palustrine Forested,,DOM: Snag Branch,,,,DOM: Aboveground Fast,Disturbance: Fire (High Severity) [Type],,LULC: Transfer DOM,,1,,,,,
,,,,Oak/Hickory Group,Wetland:Palustrine Forested,,DOM: Snag Branch,,,,DOM: Aboveground Fast,Disturbance: Harvest (Clearcut) [Type],,LULC: Transfer DOM,,1,,,,,
,,,,Oak/Hickory Group,Wetland:Palustrine Forested,,DOM: Snag Stem,,,,DOM: Aboveground Medium,Disturbance: Fire (High Severity) [Type],,LULC: Transfer DOM,,1,,,,,
,,,,Oak/Hickory Group,Wetland:Palustrine Forested,,DOM: Snag Stem,,,,DOM: Aboveground Medium,Disturbance: Harvest (Clearcut) [Type],,LULC: Transfer DOM,,1,,,,,
,,,,Oak/Pine Group,Forest:All,,Biomass: Coarse Root,,,,DOM: Aboveground Fast,Disturbance: Fire (High Severity) [Type],,LULC: Mortality Live,,0.5,,,,,
,,,,Oak/Pine Group,Forest:All,,Biomass: Coarse Root,,,,DOM: Aboveground Fast,Disturbance: Harvest (Clearcut) [Type],,LULC: Mortality Live,,0.5,,,,,
,,,,Oak/Pine Group,Forest:All,,Biomass: Coarse Root,,,,DOM: Belowground Fast,Disturbance: Fire (High Severity) [Type],,LULC: Mortality Live,,0.5,,,,,
,,,,Oak/Pine Group,Forest:All,,Biomass: Coarse Root,,,,DOM: Belowground Fast,Disturbance: Harvest (Clearcut) [Type],,LULC: Mortality Live,,0.5,,,,,
,,,,Oak/Pine Group,Forest:All,,Biomass: Fine Root,,,,Atmosphere: CH4,Disturbance: Fire (High Severity) [Type],,LULC: Emission Live CH4,,0.0013,,,,,
,,,,Oak/Pine Group,Forest:All,,Biomass: Fine Root,,,,Atmosphere: CO,Disturbance: Fire (High Severity) [Type],,LULC: Emission Live CO,,0.0116,,,,,
,,,,Oak/Pine Group,Forest:All,,Biomass: Fine Root,,,,Atmosphere: CO2,Disturbance: Fire (High Severity) [Type],,LULC: Emission Live CO2,,0.116,,,,,
,,,,Oak/Pine Group,Forest:All,,Biomass: Fine Root,,,,DOM: Aboveground Very Fast,Disturbance: Fire (High Severity) [Type],,LULC: Mortality Live,,0.3711,,,,,
,,,,Oak/Pine Group,Forest:All,,Biomass: Fine Root,,,,DOM: Aboveground Very Fast,Disturbance: Harvest (Clearcut) [Type],,LULC: Mortality Live,,0.5,,,,,
,,,,Oak/Pine Group,Forest:All,,Biomass: Fine Root,,,,DOM: Belowground Very Fast,Disturbance: Fire (High Severity) [Type],,LULC: Mortality Live,,0.5,,,,,
,,,,Oak/Pine Group,Forest:All,,Biomass: Fine Root,,,,DOM: Belowground Very Fast,Disturbance: Harvest (Clearcut) [Type],,LULC: Mortality Live,,0.5,,,,,
,,,,Oak/Pine Group,Forest:All,,Biomass: Foliage,,,,Atmosphere: CH4,Disturbance: Fire (High Severity) [Type],,LULC: Emission Live CH4,,0.01,,,,,
,,,,Oak/Pine Group,Forest:All,,Biomass: Foliage,,,,Atmosphere: CO,Disturbance: Fire (High Severity) [Type],,LULC: Emission Live CO,,0.09,,,,,
,,,,Oak/Pine Group,Forest:All,,Biomass: Foliage,,,,Atmosphere: CO2,Disturbance: Fire (High Severity) [Type],,LULC: Emission Live CO2,,0.9,,,,,
,,,,Oak/Pine Group,Forest:All,,Biomass: Foliage,,,,DOM: Aboveground Very Fast,Disturbance: Harvest (Clearcut) [Type],,LULC: Mortality Live,,1,,,,,
,,,,Oak/Pine Group,Forest:All,,Biomass: Merchantable,,,,DOM: Aboveground Medium,Disturbance: Harvest (Clearcut) [Type],,LULC: Mortality Live,,0.03,,,,,
,,,,Oak/Pine Group,Forest:All,,Biomass: Merchantable,,,,DOM: Snag Stem,Disturbance: Fire (High Severity) [Type],,LULC: Mortality Live,,1,,,,,
,,,,Oak/Pine Group,Forest:All,,Biomass: Merchantable,,,,Forestry Sector,Disturbance: Harvest (Clearcut) [Type],,LULC: Harvest Live,,0.97,,,,,
,,,,Oak/Pine Group,Forest:All,,Biomass: Other Wood,,,,Atmosphere: CH4,Disturbance: Fire (High Severity) [Type],,LULC: Emission Live CH4,,0.0003,,,,,
,,,,Oak/Pine Group,Forest:All,,Biomass: Other Wood,,,,Atmosphere: CO,Disturbance: Fire (High Severity) [Type],,LULC: Emission Live CO,,0.0031,,,,,
,,,,Oak/Pine Group,Forest:All,,Biomass: Other Wood,,,,Atmosphere: CO2,Disturbance: Fire (High Severity) [Type],,LULC: Emission Live CO2,,0.0306,,,,,
,,,,Oak/Pine Group,Forest:All,,Biomass: Other Wood,,,,DOM: Aboveground Fast,Disturbance: Harvest (Clearcut) [Type],,LULC: Mortality Live,,1,,,,,
,,,,Oak/Pine Group,Forest:All,,Biomass: Other Wood,,,,DOM: Snag Branch,Disturbance: Fire (High Severity) [Type],,LULC: Mortality Live,,0.966,,,,,
,,,,Oak/Pine Group,Forest:All,,DOM: Aboveground Fast,,,,Atmosphere: CH4,Disturbance: Fire (High Severity) [Type],,LULC: Emission DOM CH4,,0.0067,,,,,
,,,,Oak/Pine Group,Forest:All,,DOM: Aboveground Fast,,,,Atmosphere: CO,Disturbance: Fire (High Severity) [Type],,LULC: Emission DOM CO,,0.0606,,,,,
,,,,Oak/Pine Group,Forest:All,,DOM: Aboveground Fast,,,,Atmosphere: CO2,Disturbance: Fire (High Severity) [Type],,LULC: Emission DOM CO2,,0.6056,,,,,
,,,,Oak/Pine Group,Forest:All,,DOM: Aboveground Medium,,,,Atmosphere: CH4,Disturbance: Fire (High Severity) [Type],,LULC: Emission DOM CH4,,0.0058,,,,,
,,,,Oak/Pine Group,Forest:All,,DOM: Aboveground Medium,,,,Atmosphere: CO,Disturbance: Fire (High Severity) [Type],,LULC: Emission DOM CO,,0.0519,,,,,
,,,,Oak/Pine Group,Forest:All,,DOM: Aboveground Medium,,,,Atmosphere: CO2,Disturbance: Fire (High Severity) [Type],,LULC: Emission DOM CO2,,0.5189,,,,,
,,,,Oak/Pine Group,Forest:All,,DOM: Aboveground Slow,,,,Atmosphere: CH4,Disturbance: Fire (High Severity) [Type],,LULC: Emission DOM CH4,,0.0027,,,,,
,,,,Oak/Pine Group,Forest:All,,DOM: Aboveground Slow,,,,Atmosphere: CO,Disturbance: Fire (High Severity) [Type],,LULC: Emission DOM CO,,0.024,,,,,
,,,,Oak/Pine Group,Forest:All,,DOM: Aboveground Slow,,,,Atmosphere: CO2,Disturbance: Fire (High Severity) [Type],,LULC: Emission DOM CO2,,0.2403,,,,,
,,,,Oak/Pine Group,Forest:All,,DOM: Aboveground Very Fast,,,,Atmosphere: CH4,Disturbance: Fire (High Severity) [Type],,LULC: Emission DOM CH4,,0.0099,,,,,
,,,,Oak/Pine Group,Forest:All,,DOM: Aboveground Very Fast,,,,Atmosphere: CO,Disturbance: Fire (High Severity) [Type],,LULC: Emission DOM CO,,0.0888,,,,,
,,,,Oak/Pine Group,Forest:All,,DOM: Aboveground Very Fast,,,,Atmosphere: CO2,Disturbance: Fire (High Severity) [Type],,LULC: Emission DOM CO2,,0.8882,,,,,
,,,,Oak/Pine Group,Forest:All,,DOM: Snag Branch,,,,DOM: Aboveground Fast,Disturbance: Fire (High Severity) [Type],,LULC: Transfer DOM,,1,,,,,
,,,,Oak/Pine Group,Forest:All,,DOM: Snag Branch,,,,DOM: Aboveground Fast,Disturbance: Harvest (Clearcut) [Type],,LULC: Transfer DOM,,1,,,,,
,,,,Oak/Pine Group,Forest:All,,DOM: Snag Stem,,,,DOM: Aboveground Medium,Disturbance: Fire (High Severity) [Type],,LULC: Transfer DOM,,1,,,,,
,,,,Oak/Pine Group,Forest:All,,DOM: Snag Stem,,,,DOM: Aboveground Medium,Disturbance: Harvest (Clearcut) [Type],,LULC: Transfer DOM,,1,,,,,
,,,,Oak/Pine Group,Wetland:Estuarine Forested,,Biomass: Coarse Root,,,,DOM: Aboveground Fast,Disturbance: Fire (High Severity) [Type],,LULC: Mortality Live,,0.5,,,,,
,,,,Oak/Pine Group,Wetland:Estuarine Forested,,Biomass: Coarse Root,,,,DOM: Aboveground Fast,Disturbance: Harvest (Clearcut) [Type],,LULC: Mortality Live,,0.5,,,,,
,,,,Oak/Pine Group,Wetland:Estuarine Forested,,Biomass: Coarse Root,,,,DOM: Belowground Fast,Disturbance: Fire (High Severity) [Type],,LULC: Mortality Live,,0.5,,,,,
,,,,Oak/Pine Group,Wetland:Estuarine Forested,,Biomass: Coarse Root,,,,DOM: Belowground Fast,Disturbance: Harvest (Clearcut) [Type],,LULC: Mortality Live,,0.5,,,,,
,,,,Oak/Pine Group,Wetland:Estuarine Forested,,Biomass: Fine Root,,,,Atmosphere: CH4,Disturbance: Fire (High Severity) [Type],,LULC: Emission Live CH4,,0.0013,,,,,
,,,,Oak/Pine Group,Wetland:Estuarine Forested,,Biomass: Fine Root,,,,Atmosphere: CO,Disturbance: Fire (High Severity) [Type],,LULC: Emission Live CO,,0.0116,,,,,
,,,,Oak/Pine Group,Wetland:Estuarine Forested,,Biomass: Fine Root,,,,Atmosphere: CO2,Disturbance: Fire (High Severity) [Type],,LULC: Emission Live CO2,,0.116,,,,,
,,,,Oak/Pine Group,Wetland:Estuarine Forested,,Biomass: Fine Root,,,,DOM: Aboveground Very Fast,Disturbance: Fire (High Severity) [Type],,LULC: Mortality Live,,0.3711,,,,,
,,,,Oak/Pine Group,Wetland:Estuarine Forested,,Biomass: Fine Root,,,,DOM: Aboveground Very Fast,Disturbance: Harvest (Clearcut) [Type],,LULC: Mortality Live,,0.5,,,,,
,,,,Oak/Pine Group,Wetland:Estuarine Forested,,Biomass: Fine Root,,,,DOM: Belowground Very Fast,Disturbance: Fire (High Severity) [Type],,LULC: Mortality Live,,0.5,,,,,
,,,,Oak/Pine Group,Wetland:Estuarine Forested,,Biomass: Fine Root,,,,DOM: Belowground Very Fast,Disturbance: Harvest (Clearcut) [Type],,LULC: Mortality Live,,0.5,,,,,
,,,,Oak/Pine Group,Wetland:Estuarine Forested,,Biomass: Foliage,,,,Atmosphere: CH4,Disturbance: Fire (High Severity) [Type],,LULC: Emission Live CH4,,0.01,,,,,
,,,,Oak/Pine Group,Wetland:Estuarine Forested,,Biomass: Foliage,,,,Atmosphere: CO,Disturbance: Fire (High Severity) [Type],,LULC: Emission Live CO,,0.09,,,,,
,,,,Oak/Pine Group,Wetland:Estuarine Forested,,Biomass: Foliage,,,,Atmosphere: CO2,Disturbance: Fire (High Severity) [Type],,LULC: Emission Live CO2,,0.9,,,,,
,,,,Oak/Pine Group,Wetland:Estuarine Forested,,Biomass: Foliage,,,,DOM: Aboveground Very Fast,Disturbance: Harvest (Clearcut) [Type],,LULC: Mortality Live,,1,,,,,
,,,,Oak/Pine Group,Wetland:Estuarine Forested,,Biomass: Merchantable,,,,DOM: Aboveground Medium,Disturbance: Harvest (Clearcut) [Type],,LULC: Mortality Live,,0.03,,,,,
,,,,Oak/Pine Group,Wetland:Estuarine Forested,,Biomass: Merchantable,,,,DOM: Snag Stem,Disturbance: Fire (High Severity) [Type],,LULC: Mortality Live,,1,,,,,
,,,,Oak/Pine Group,Wetland:Estuarine Forested,,Biomass: Merchantable,,,,Forestry Sector,Disturbance: Harvest (Clearcut) [Type],,LULC: Harvest Live,,0.97,,,,,
,,,,Oak/Pine Group,Wetland:Estuarine Forested,,Biomass: Other Wood,,,,Atmosphere: CH4,Disturbance: Fire (High Severity) [Type],,LULC: Emission Live CH4,,0.0003,,,,,
,,,,Oak/Pine Group,Wetland:Estuarine Forested,,Biomass: Other Wood,,,,Atmosphere: CO,Disturbance: Fire (High Severity) [Type],,LULC: Emission Live CO,,0.0031,,,,,
,,,,Oak/Pine Group,Wetland:Estuarine Forested,,Biomass: Other Wood,,,,Atmosphere: CO2,Disturbance: Fire (High Severity) [Type],,LULC: Emission Live CO2,,0.0306,,,,,
,,,,Oak/Pine Group,Wetland:Estuarine Forested,,Biomass: Other Wood,,,,DOM: Aboveground Fast,Disturbance: Harvest (Clearcut) [Type],,LULC: Mortality Live,,1,,,,,
,,,,Oak/Pine Group,Wetland:Estuarine Forested,,Biomass: Other Wood,,,,DOM: Snag Branch,Disturbance: Fire (High Severity) [Type],,LULC: Mortality Live,,0.966,,,,,
,,,,Oak/Pine Group,Wetland:Estuarine Forested,,DOM: Aboveground Fast,,,,Atmosphere: CH4,Disturbance: Fire (High Severity) [Type],,LULC: Emission DOM CH4,,0.0067,,,,,
,,,,Oak/Pine Group,Wetland:Estuarine Forested,,DOM: Aboveground Fast,,,,Atmosphere: CO,Disturbance: Fire (High Severity) [Type],,LULC: Emission DOM CO,,0.0606,,,,,
,,,,Oak/Pine Group,Wetland:Estuarine Forested,,DOM: Aboveground Fast,,,,Atmosphere: CO2,Disturbance: Fire (High Severity) [Type],,LULC: Emission DOM CO2,,0.6056,,,,,
,,,,Oak/Pine Group,Wetland:Estuarine Forested,,DOM: Aboveground Medium,,,,Atmosphere: CH4,Disturbance: Fire (High Severity) [Type],,LULC: Emission DOM CH4,,0.0058,,,,,
,,,,Oak/Pine Group,Wetland:Estuarine Forested,,DOM: Aboveground Medium,,,,Atmosphere: CO,Disturbance: Fire (High Severity) [Type],,LULC: Emission DOM CO,,0.0519,,,,,
,,,,Oak/Pine Group,Wetland:Estuarine Forested,,DOM: Aboveground Medium,,,,Atmosphere: CO2,Disturbance: Fire (High Severity) [Type],,LULC: Emission DOM CO2,,0.5189,,,,,
,,,,Oak/Pine Group,Wetland:Estuarine Forested,,DOM: Aboveground Slow,,,,Atmosphere: CH4,Disturbance: Fire (High Severity) [Type],,LULC: Emission DOM CH4,,0.0027,,,,,
,,,,Oak/Pine Group,Wetland:Estuarine Forested,,DOM: Aboveground Slow,,,,Atmosphere: CO,Disturbance: Fire (High Severity) [Type],,LULC: Emission DOM CO,,0.024,,,,,
,,,,Oak/Pine Group,Wetland:Estuarine Forested,,DOM: Aboveground Slow,,,,Atmosphere: CO2,Disturbance: Fire (High Severity) [Type],,LULC: Emission DOM CO2,,0.2403,,,,,
,,,,Oak/Pine Group,Wetland:Estuarine Forested,,DOM: Aboveground Very Fast,,,,Atmosphere: CH4,Disturbance: Fire (High Severity) [Type],,LULC: Emission DOM CH4,,0.0099,,,,,
,,,,Oak/Pine Group,Wetland:Estuarine Forested,,DOM: Aboveground Very Fast,,,,Atmosphere: CO,Disturbance: Fire (High Severity) [Type],,LULC: Emission DOM CO,,0.0888,,,,,
,,,,Oak/Pine Group,Wetland:Estuarine Forested,,DOM: Aboveground Very Fast,,,,Atmosphere: CO2,Disturbance: Fire (High Severity) [Type],,LULC: Emission DOM CO2,,0.8882,,,,,
,,,,Oak/Pine Group,Wetland:Estuarine Forested,,DOM: Snag Branch,,,,DOM: Aboveground Fast,Disturbance: Fire (High Severity) [Type],,LULC: Transfer DOM,,1,,,,,
,,,,Oak/Pine Group,Wetland:Estuarine Forested,,DOM: Snag Branch,,,,DOM: Aboveground Fast,Disturbance: Harvest (Clearcut) [Type],,LULC: Transfer DOM,,1,,,,,
,,,,Oak/Pine Group,Wetland:Estuarine Forested,,DOM: Snag Stem,,,,DOM: Aboveground Medium,Disturbance: Fire (High Severity) [Type],,LULC: Transfer DOM,,1,,,,,
,,,,Oak/Pine Group,Wetland:Estuarine Forested,,DOM: Snag Stem,,,,DOM: Aboveground Medium,Disturbance: Harvest (Clearcut) [Type],,LULC: Transfer DOM,,1,,,,,
,,,,Oak/Pine Group,Wetland:Palustrine Forested,,Biomass: Coarse Root,,,,DOM: Aboveground Fast,Disturbance: Fire (High Severity) [Type],,LULC: Mortality Live,,0.5,,,,,
,,,,Oak/Pine Group,Wetland:Palustrine Forested,,Biomass: Coarse Root,,,,DOM: Aboveground Fast,Disturbance: Harvest (Clearcut) [Type],,LULC: Mortality Live,,0.5,,,,,
,,,,Oak/Pine Group,Wetland:Palustrine Forested,,Biomass: Coarse Root,,,,DOM: Belowground Fast,Disturbance: Fire (High Severity) [Type],,LULC: Mortality Live,,0.5,,,,,
,,,,Oak/Pine Group,Wetland:Palustrine Forested,,Biomass: Coarse Root,,,,DOM: Belowground Fast,Disturbance: Harvest (Clearcut) [Type],,LULC: Mortality Live,,0.5,,,,,
,,,,Oak/Pine Group,Wetland:Palustrine Forested,,Biomass: Fine Root,,,,Atmosphere: CH4,Disturbance: Fire (High Severity) [Type],,LULC: Emission Live CH4,,0.0013,,,,,
,,,,Oak/Pine Group,Wetland:Palustrine Forested,,Biomass: Fine Root,,,,Atmosphere: CO,Disturbance: Fire (High Severity) [Type],,LULC: Emission Live CO,,0.0116,,,,,
,,,,Oak/Pine Group,Wetland:Palustrine Forested,,Biomass: Fine Root,,,,Atmosphere: CO2,Disturbance: Fire (High Severity) [Type],,LULC: Emission Live CO2,,0.116,,,,,
,,,,Oak/Pine Group,Wetland:Palustrine Forested,,Biomass: Fine Root,,,,DOM: Aboveground Very Fast,Disturbance: Fire (High Severity) [Type],,LULC: Mortality Live,,0.3711,,,,,
,,,,Oak/Pine Group,Wetland:Palustrine Forested,,Biomass: Fine Root,,,,DOM: Aboveground Very Fast,Disturbance: Harvest (Clearcut) [Type],,LULC: Mortality Live,,0.5,,,,,
,,,,Oak/Pine Group,Wetland:Palustrine Forested,,Biomass: Fine Root,,,,DOM: Belowground Very Fast,Disturbance: Fire (High Severity) [Type],,LULC: Mortality Live,,0.5,,,,,
,,,,Oak/Pine Group,Wetland:Palustrine Forested,,Biomass: Fine Root,,,,DOM: Belowground Very Fast,Disturbance: Harvest (Clearcut) [Type],,LULC: Mortality Live,,0.5,,,,,
,,,,Oak/Pine Group,Wetland:Palustrine Forested,,Biomass: Foliage,,,,Atmosphere: CH4,Disturbance: Fire (High Severity) [Type],,LULC: Emission Live CH4,,0.01,,,,,
,,,,Oak/Pine Group,Wetland:Palustrine Forested,,Biomass: Foliage,,,,Atmosphere: CO,Disturbance: Fire (High Severity) [Type],,LULC: Emission Live CO,,0.09,,,,,
,,,,Oak/Pine Group,Wetland:Palustrine Forested,,Biomass: Foliage,,,,Atmosphere: CO2,Disturbance: Fire (High Severity) [Type],,LULC: Emission Live CO2,,0.9,,,,,
,,,,Oak/Pine Group,Wetland:Palustrine Forested,,Biomass: Foliage,,,,DOM: Aboveground Very Fast,Disturbance: Harvest (Clearcut) [Type],,LULC: Mortality Live,,1,,,,,
,,,,Oak/Pine Group,Wetland:Palustrine Forested,,Biomass: Merchantable,,,,DOM: Aboveground Medium,Disturbance: Harvest (Clearcut) [Type],,LULC: Mortality Live,,0.03,,,,,
,,,,Oak/Pine Group,Wetland:Palustrine Forested,,Biomass: Merchantable,,,,DOM: Snag Stem,Disturbance: Fire (High Severity) [Type],,LULC: Mortality Live,,1,,,,,
,,,,Oak/Pine Group,Wetland:Palustrine Forested,,Biomass: Merchantable,,,,Forestry Sector,Disturbance: Harvest (Clearcut) [Type],,LULC: Harvest Live,,0.97,,,,,
,,,,Oak/Pine Group,Wetland:Palustrine Forested,,Biomass: Other Wood,,,,Atmosphere: CH4,Disturbance: Fire (High Severity) [Type],,LULC: Emission Live CH4,,0.0003,,,,,
,,,,Oak/Pine Group,Wetland:Palustrine Forested,,Biomass: Other Wood,,,,Atmosphere: CO,Disturbance: Fire (High Severity) [Type],,LULC: Emission Live CO,,0.0031,,,,,
,,,,Oak/Pine Group,Wetland:Palustrine Forested,,Biomass: Other Wood,,,,Atmosphere: CO2,Disturbance: Fire (High Severity) [Type],,LULC: Emission Live CO2,,0.0306,,,,,
,,,,Oak/Pine Group,Wetland:Palustrine Forested,,Biomass: Other Wood,,,,DOM: Aboveground Fast,Disturbance: Harvest (Clearcut) [Type],,LULC: Mortality Live,,1,,,,,
,,,,Oak/Pine Group,Wetland:Palustrine Forested,,Biomass: Other Wood,,,,DOM: Snag Branch,Disturbance: Fire (High Severity) [Type],,LULC: Mortality Live,,0.966,,,,,
,,,,Oak/Pine Group,Wetland:Palustrine Forested,,DOM: Aboveground Fast,,,,Atmosphere: CH4,Disturbance: Fire (High Severity) [Type],,LULC: Emission DOM CH4,,0.0067,,,,,
,,,,Oak/Pine Group,Wetland:Palustrine Forested,,DOM: Aboveground Fast,,,,Atmosphere: CO,Disturbance: Fire (High Severity) [Type],,LULC: Emission DOM CO,,0.0606,,,,,
,,,,Oak/Pine Group,Wetland:Palustrine Forested,,DOM: Aboveground Fast,,,,Atmosphere: CO2,Disturbance: Fire (High Severity) [Type],,LULC: Emission DOM CO2,,0.6056,,,,,
,,,,Oak/Pine Group,Wetland:Palustrine Forested,,DOM: Aboveground Medium,,,,Atmosphere: CH4,Disturbance: Fire (High Severity) [Type],,LULC: Emission DOM CH4,,0.0058,,,,,
,,,,Oak/Pine Group,Wetland:Palustrine Forested,,DOM: Aboveground Medium,,,,Atmosphere: CO,Disturbance: Fire (High Severity) [Type],,LULC: Emission DOM CO,,0.0519,,,,,
,,,,Oak/Pine Group,Wetland:Palustrine Forested,,DOM: Aboveground Medium,,,,Atmosphere: CO2,Disturbance: Fire (High Severity) [Type],,LULC: Emission DOM CO2,,0.5189,,,,,
,,,,Oak/Pine Group,Wetland:Palustrine Forested,,DOM: Aboveground Slow,,,,Atmosphere: CH4,Disturbance: Fire (High Severity) [Type],,LULC: Emission DOM CH4,,0.0027,,,,,
,,,,Oak/Pine Group,Wetland:Palustrine Forested,,DOM: Aboveground Slow,,,,Atmosphere: CO,Disturbance: Fire (High Severity) [Type],,LULC: Emission DOM CO,,0.024,,,,,
,,,,Oak/Pine Group,Wetland:Palustrine Forested,,DOM: Aboveground Slow,,,,Atmosphere: CO2,Disturbance: Fire (High Severity) [Type],,LULC: Emission DOM CO2,,0.2403,,,,,
,,,,Oak/Pine Group,Wetland:Palustrine Forested,,DOM: Aboveground Very Fast,,,,Atmosphere: CH4,Disturbance: Fire (High Severity) [Type],,LULC: Emission DOM CH4,,0.0099,,,,,
,,,,Oak/Pine Group,Wetland:Palustrine Forested,,DOM: Aboveground Very Fast,,,,Atmosphere: CO,Disturbance: Fire (High Severity) [Type],,LULC: Emission DOM CO,,0.0888,,,,,
,,,,Oak/Pine Group,Wetland:Palustrine Forested,,DOM: Aboveground Very Fast,,,,Atmosphere: CO2,Disturbance: Fire (High Severity) [Type],,LULC: Emission DOM CO2,,0.8882,,,,,
,,,,Oak/Pine Group,Wetland:Palustrine Forested,,DOM: Snag Branch,,,,DOM: Aboveground Fast,Disturbance: Fire (High Severity) [Type],,LULC: Transfer DOM,,1,,,,,
,,,,Oak/Pine Group,Wetland:Palustrine Forested,,DOM: Snag Branch,,,,DOM: Aboveground Fast,Disturbance: Harvest (Clearcut) [Type],,LULC: Transfer DOM,,1,,,,,
,,,,Oak/Pine Group,Wetland:Palustrine Forested,,DOM: Snag Stem,,,,DOM: Aboveground Medium,Disturbance: Fire (High Severity) [Type],,LULC: Transfer DOM,,1,,,,,
,,,,Oak/Pine Group,Wetland:Palustrine Forested,,DOM: Snag Stem,,,,DOM: Aboveground Medium,Disturbance: Harvest (Clearcut) [Type],,LULC: Transfer DOM,,1,,,,,
,,,,Other Western Hardwoods Group,Forest:All,,Biomass: Coarse Root,,,,DOM: Aboveground Fast,Disturbance: Fire (High Severity) [Type],,LULC: Mortality Live,,0.5,,,,,
,,,,Other Western Hardwoods Group,Forest:All,,Biomass: Coarse Root,,,,DOM: Aboveground Fast,Disturbance: Harvest (Clearcut) [Type],,LULC: Mortality Live,,0.5,,,,,
,,,,Other Western Hardwoods Group,Forest:All,,Biomass: Coarse Root,,,,DOM: Belowground Fast,Disturbance: Fire (High Severity) [Type],,LULC: Mortality Live,,0.5,,,,,
,,,,Other Western Hardwoods Group,Forest:All,,Biomass: Coarse Root,,,,DOM: Belowground Fast,Disturbance: Harvest (Clearcut) [Type],,LULC: Mortality Live,,0.5,,,,,
,,,,Other Western Hardwoods Group,Forest:All,,Biomass: Fine Root,,,,Atmosphere: CH4,Disturbance: Fire (High Severity) [Type],,LULC: Emission Live CH4,,0.0018,,,,,
,,,,Other Western Hardwoods Group,Forest:All,,Biomass: Fine Root,,,,Atmosphere: CO,Disturbance: Fire (High Severity) [Type],,LULC: Emission Live CO,,0.0162,,,,,
,,,,Other Western Hardwoods Group,Forest:All,,Biomass: Fine Root,,,,Atmosphere: CO2,Disturbance: Fire (High Severity) [Type],,LULC: Emission Live CO2,,0.1619,,,,,
,,,,Other Western Hardwoods Group,Forest:All,,Biomass: Fine Root,,,,DOM: Aboveground Very Fast,Disturbance: Fire (High Severity) [Type],,LULC: Mortality Live,,0.3201,,,,,
,,,,Other Western Hardwoods Group,Forest:All,,Biomass: Fine Root,,,,DOM: Aboveground Very Fast,Disturbance: Harvest (Clearcut) [Type],,LULC: Mortality Live,,0.5,,,,,
,,,,Other Western Hardwoods Group,Forest:All,,Biomass: Fine Root,,,,DOM: Belowground Very Fast,Disturbance: Fire (High Severity) [Type],,LULC: Mortality Live,,0.5,,,,,
,,,,Other Western Hardwoods Group,Forest:All,,Biomass: Fine Root,,,,DOM: Belowground Very Fast,Disturbance: Harvest (Clearcut) [Type],,LULC: Mortality Live,,0.5,,,,,
,,,,Other Western Hardwoods Group,Forest:All,,Biomass: Foliage,,,,Atmosphere: CH4,Disturbance: Fire (High Severity) [Type],,LULC: Emission Live CH4,,0.01,,,,,
,,,,Other Western Hardwoods Group,Forest:All,,Biomass: Foliage,,,,Atmosphere: CO,Disturbance: Fire (High Severity) [Type],,LULC: Emission Live CO,,0.0899,,,,,
,,,,Other Western Hardwoods Group,Forest:All,,Biomass: Foliage,,,,Atmosphere: CO2,Disturbance: Fire (High Severity) [Type],,LULC: Emission Live CO2,,0.8985,,,,,
,,,,Other Western Hardwoods Group,Forest:All,,Biomass: Foliage,,,,DOM: Aboveground Very Fast,Disturbance: Fire (High Severity) [Type],,LULC: Mortality Live,,0.0016,,,,,
,,,,Other Western Hardwoods Group,Forest:All,,Biomass: Foliage,,,,DOM: Aboveground Very Fast,Disturbance: Harvest (Clearcut) [Type],,LULC: Mortality Live,,1,,,,,
,,,,Other Western Hardwoods Group,Forest:All,,Biomass: Merchantable,,,,DOM: Aboveground Medium,Disturbance: Harvest (Clearcut) [Type],,LULC: Mortality Live,,0.03,,,,,
,,,,Other Western Hardwoods Group,Forest:All,,Biomass: Merchantable,,,,DOM: Snag Stem,Disturbance: Fire (High Severity) [Type],,LULC: Mortality Live,,1,,,,,
,,,,Other Western Hardwoods Group,Forest:All,,Biomass: Merchantable,,,,Forestry Sector,Disturbance: Harvest (Clearcut) [Type],,LULC: Harvest Live,,0.97,,,,,
,,,,Other Western Hardwoods Group,Forest:All,,Biomass: Other Wood,,,,DOM: Aboveground Fast,Disturbance: Harvest (Clearcut) [Type],,LULC: Mortality Live,,1,,,,,
,,,,Other Western Hardwoods Group,Forest:All,,Biomass: Other Wood,,,,DOM: Snag Branch,Disturbance: Fire (High Severity) [Type],,LULC: Mortality Live,,1,,,,,
,,,,Other Western Hardwoods Group,Forest:All,,DOM: Aboveground Fast,,,,Atmosphere: CH4,Disturbance: Fire (High Severity) [Type],,LULC: Emission DOM CH4,,0.0094,,,,,
,,,,Other Western Hardwoods Group,Forest:All,,DOM: Aboveground Fast,,,,Atmosphere: CO,Disturbance: Fire (High Severity) [Type],,LULC: Emission DOM CO,,0.0843,,,,,
,,,,Other Western Hardwoods Group,Forest:All,,DOM: Aboveground Fast,,,,Atmosphere: CO2,Disturbance: Fire (High Severity) [Type],,LULC: Emission DOM CO2,,0.8428,,,,,
,,,,Other Western Hardwoods Group,Forest:All,,DOM: Aboveground Medium,,,,Atmosphere: CH4,Disturbance: Fire (High Severity) [Type],,LULC: Emission DOM CH4,,0.0082,,,,,
,,,,Other Western Hardwoods Group,Forest:All,,DOM: Aboveground Medium,,,,Atmosphere: CO,Disturbance: Fire (High Severity) [Type],,LULC: Emission DOM CO,,0.0734,,,,,
,,,,Other Western Hardwoods Group,Forest:All,,DOM: Aboveground Medium,,,,Atmosphere: CO2,Disturbance: Fire (High Severity) [Type],,LULC: Emission DOM CO2,,0.7338,,,,,
,,,,Other Western Hardwoods Group,Forest:All,,DOM: Aboveground Slow,,,,Atmosphere: CH4,Disturbance: Fire (High Severity) [Type],,LULC: Emission DOM CH4,,0.0052,,,,,
,,,,Other Western Hardwoods Group,Forest:All,,DOM: Aboveground Slow,,,,Atmosphere: CO,Disturbance: Fire (High Severity) [Type],,LULC: Emission DOM CO,,0.047,,,,,
,,,,Other Western Hardwoods Group,Forest:All,,DOM: Aboveground Slow,,,,Atmosphere: CO2,Disturbance: Fire (High Severity) [Type],,LULC: Emission DOM CO2,,0.4699,,,,,
,,,,Other Western Hardwoods Group,Forest:All,,DOM: Aboveground Very Fast,,,,Atmosphere: CH4,Disturbance: Fire (High Severity) [Type],,LULC: Emission DOM CH4,,0.01,,,,,
,,,,Other Western Hardwoods Group,Forest:All,,DOM: Aboveground Very Fast,,,,Atmosphere: CO,Disturbance: Fire (High Severity) [Type],,LULC: Emission DOM CO,,0.09,,,,,
,,,,Other Western Hardwoods Group,Forest:All,,DOM: Aboveground Very Fast,,,,Atmosphere: CO2,Disturbance: Fire (High Severity) [Type],,LULC: Emission DOM CO2,,0.9,,,,,
,,,,Other Western Hardwoods Group,Forest:All,,DOM: Snag Branch,,,,DOM: Aboveground Fast,Disturbance: Fire (High Severity) [Type],,LULC: Transfer DOM,,1,,,,,
,,,,Other Western Hardwoods Group,Forest:All,,DOM: Snag Branch,,,,DOM: Aboveground Fast,Disturbance: Harvest (Clearcut) [Type],,LULC: Transfer DOM,,1,,,,,
,,,,Other Western Hardwoods Group,Forest:All,,DOM: Snag Stem,,,,DOM: Aboveground Medium,Disturbance: Fire (High Severity) [Type],,LULC: Transfer DOM,,1,,,,,
,,,,Other Western Hardwoods Group,Forest:All,,DOM: Snag Stem,,,,DOM: Aboveground Medium,Disturbance: Harvest (Clearcut) [Type],,LULC: Transfer DOM,,1,,,,,
,,,,Other Western Hardwoods Group,Wetland:Estuarine Forested,,Biomass: Coarse Root,,,,DOM: Aboveground Fast,Disturbance: Fire (High Severity) [Type],,LULC: Mortality Live,,0.5,,,,,
,,,,Other Western Hardwoods Group,Wetland:Estuarine Forested,,Biomass: Coarse Root,,,,DOM: Aboveground Fast,Disturbance: Harvest (Clearcut) [Type],,LULC: Mortality Live,,0.5,,,,,
,,,,Other Western Hardwoods Group,Wetland:Estuarine Forested,,Biomass: Coarse Root,,,,DOM: Belowground Fast,Disturbance: Fire (High Severity) [Type],,LULC: Mortality Live,,0.5,,,,,
,,,,Other Western Hardwoods Group,Wetland:Estuarine Forested,,Biomass: Coarse Root,,,,DOM: Belowground Fast,Disturbance: Harvest (Clearcut) [Type],,LULC: Mortality Live,,0.5,,,,,
,,,,Other Western Hardwoods Group,Wetland:Estuarine Forested,,Biomass: Fine Root,,,,Atmosphere: CH4,Disturbance: Fire (High Severity) [Type],,LULC: Emission Live CH4,,0.0018,,,,,
,,,,Other Western Hardwoods Group,Wetland:Estuarine Forested,,Biomass: Fine Root,,,,Atmosphere: CO,Disturbance: Fire (High Severity) [Type],,LULC: Emission Live CO,,0.0162,,,,,
,,,,Other Western Hardwoods Group,Wetland:Estuarine Forested,,Biomass: Fine Root,,,,Atmosphere: CO2,Disturbance: Fire (High Severity) [Type],,LULC: Emission Live CO2,,0.1619,,,,,
,,,,Other Western Hardwoods Group,Wetland:Estuarine Forested,,Biomass: Fine Root,,,,DOM: Aboveground Very Fast,Disturbance: Fire (High Severity) [Type],,LULC: Mortality Live,,0.3201,,,,,
,,,,Other Western Hardwoods Group,Wetland:Estuarine Forested,,Biomass: Fine Root,,,,DOM: Aboveground Very Fast,Disturbance: Harvest (Clearcut) [Type],,LULC: Mortality Live,,0.5,,,,,
,,,,Other Western Hardwoods Group,Wetland:Estuarine Forested,,Biomass: Fine Root,,,,DOM: Belowground Very Fast,Disturbance: Fire (High Severity) [Type],,LULC: Mortality Live,,0.5,,,,,
,,,,Other Western Hardwoods Group,Wetland:Estuarine Forested,,Biomass: Fine Root,,,,DOM: Belowground Very Fast,Disturbance: Harvest (Clearcut) [Type],,LULC: Mortality Live,,0.5,,,,,
,,,,Other Western Hardwoods Group,Wetland:Estuarine Forested,,Biomass: Foliage,,,,Atmosphere: CH4,Disturbance: Fire (High Severity) [Type],,LULC: Emission Live CH4,,0.01,,,,,
,,,,Other Western Hardwoods Group,Wetland:Estuarine Forested,,Biomass: Foliage,,,,Atmosphere: CO,Disturbance: Fire (High Severity) [Type],,LULC: Emission Live CO,,0.0899,,,,,
,,,,Other Western Hardwoods Group,Wetland:Estuarine Forested,,Biomass: Foliage,,,,Atmosphere: CO2,Disturbance: Fire (High Severity) [Type],,LULC: Emission Live CO2,,0.8985,,,,,
,,,,Other Western Hardwoods Group,Wetland:Estuarine Forested,,Biomass: Foliage,,,,DOM: Aboveground Very Fast,Disturbance: Fire (High Severity) [Type],,LULC: Mortality Live,,0.0016,,,,,
,,,,Other Western Hardwoods Group,Wetland:Estuarine Forested,,Biomass: Foliage,,,,DOM: Aboveground Very Fast,Disturbance: Harvest (Clearcut) [Type],,LULC: Mortality Live,,1,,,,,
,,,,Other Western Hardwoods Group,Wetland:Estuarine Forested,,Biomass: Merchantable,,,,DOM: Aboveground Medium,Disturbance: Harvest (Clearcut) [Type],,LULC: Mortality Live,,0.03,,,,,
,,,,Other Western Hardwoods Group,Wetland:Estuarine Forested,,Biomass: Merchantable,,,,DOM: Snag Stem,Disturbance: Fire (High Severity) [Type],,LULC: Mortality Live,,1,,,,,
,,,,Other Western Hardwoods Group,Wetland:Estuarine Forested,,Biomass: Merchantable,,,,Forestry Sector,Disturbance: Harvest (Clearcut) [Type],,LULC: Harvest Live,,0.97,,,,,
,,,,Other Western Hardwoods Group,Wetland:Estuarine Forested,,Biomass: Other Wood,,,,DOM: Aboveground Fast,Disturbance: Harvest (Clearcut) [Type],,LULC: Mortality Live,,1,,,,,
,,,,Other Western Hardwoods Group,Wetland:Estuarine Forested,,Biomass: Other Wood,,,,DOM: Snag Branch,Disturbance: Fire (High Severity) [Type],,LULC: Mortality Live,,1,,,,,
,,,,Other Western Hardwoods Group,Wetland:Estuarine Forested,,DOM: Aboveground Fast,,,,Atmosphere: CH4,Disturbance: Fire (High Severity) [Type],,LULC: Emission DOM CH4,,0.0094,,,,,
,,,,Other Western Hardwoods Group,Wetland:Estuarine Forested,,DOM: Aboveground Fast,,,,Atmosphere: CO,Disturbance: Fire (High Severity) [Type],,LULC: Emission DOM CO,,0.0843,,,,,
,,,,Other Western Hardwoods Group,Wetland:Estuarine Forested,,DOM: Aboveground Fast,,,,Atmosphere: CO2,Disturbance: Fire (High Severity) [Type],,LULC: Emission DOM CO2,,0.8428,,,,,
,,,,Other Western Hardwoods Group,Wetland:Estuarine Forested,,DOM: Aboveground Medium,,,,Atmosphere: CH4,Disturbance: Fire (High Severity) [Type],,LULC: Emission DOM CH4,,0.0082,,,,,
,,,,Other Western Hardwoods Group,Wetland:Estuarine Forested,,DOM: Aboveground Medium,,,,Atmosphere: CO,Disturbance: Fire (High Severity) [Type],,LULC: Emission DOM CO,,0.0734,,,,,
,,,,Other Western Hardwoods Group,Wetland:Estuarine Forested,,DOM: Aboveground Medium,,,,Atmosphere: CO2,Disturbance: Fire (High Severity) [Type],,LULC: Emission DOM CO2,,0.7338,,,,,
,,,,Other Western Hardwoods Group,Wetland:Estuarine Forested,,DOM: Aboveground Slow,,,,Atmosphere: CH4,Disturbance: Fire (High Severity) [Type],,LULC: Emission DOM CH4,,0.0052,,,,,
,,,,Other Western Hardwoods Group,Wetland:Estuarine Forested,,DOM: Aboveground Slow,,,,Atmosphere: CO,Disturbance: Fire (High Severity) [Type],,LULC: Emission DOM CO,,0.047,,,,,
,,,,Other Western Hardwoods Group,Wetland:Estuarine Forested,,DOM: Aboveground Slow,,,,Atmosphere: CO2,Disturbance: Fire (High Severity) [Type],,LULC: Emission DOM CO2,,0.4699,,,,,
,,,,Other Western Hardwoods Group,Wetland:Estuarine Forested,,DOM: Aboveground Very Fast,,,,Atmosphere: CH4,Disturbance: Fire (High Severity) [Type],,LULC: Emission DOM CH4,,0.01,,,,,
,,,,Other Western Hardwoods Group,Wetland:Estuarine Forested,,DOM: Aboveground Very Fast,,,,Atmosphere: CO,Disturbance: Fire (High Severity) [Type],,LULC: Emission DOM CO,,0.09,,,,,
,,,,Other Western Hardwoods Group,Wetland:Estuarine Forested,,DOM: Aboveground Very Fast,,,,Atmosphere: CO2,Disturbance: Fire (High Severity) [Type],,LULC: Emission DOM CO2,,0.9,,,,,
,,,,Other Western Hardwoods Group,Wetland:Estuarine Forested,,DOM: Snag Branch,,,,DOM: Aboveground Fast,Disturbance: Fire (High Severity) [Type],,LULC: Transfer DOM,,1,,,,,
,,,,Other Western Hardwoods Group,Wetland:Estuarine Forested,,DOM: Snag Branch,,,,DOM: Aboveground Fast,Disturbance: Harvest (Clearcut) [Type],,LULC: Transfer DOM,,1,,,,,
,,,,Other Western Hardwoods Group,Wetland:Estuarine Forested,,DOM: Snag Stem,,,,DOM: Aboveground Medium,Disturbance: Fire (High Severity) [Type],,LULC: Transfer DOM,,1,,,,,
,,,,Other Western Hardwoods Group,Wetland:Estuarine Forested,,DOM: Snag Stem,,,,DOM: Aboveground Medium,Disturbance: Harvest (Clearcut) [Type],,LULC: Transfer DOM,,1,,,,,
,,,,Other Western Hardwoods Group,Wetland:Palustrine Forested,,Biomass: Coarse Root,,,,DOM: Aboveground Fast,Disturbance: Fire (High Severity) [Type],,LULC: Mortality Live,,0.5,,,,,
,,,,Other Western Hardwoods Group,Wetland:Palustrine Forested,,Biomass: Coarse Root,,,,DOM: Aboveground Fast,Disturbance: Harvest (Clearcut) [Type],,LULC: Mortality Live,,0.5,,,,,
,,,,Other Western Hardwoods Group,Wetland:Palustrine Forested,,Biomass: Coarse Root,,,,DOM: Belowground Fast,Disturbance: Fire (High Severity) [Type],,LULC: Mortality Live,,0.5,,,,,
,,,,Other Western Hardwoods Group,Wetland:Palustrine Forested,,Biomass: Coarse Root,,,,DOM: Belowground Fast,Disturbance: Harvest (Clearcut) [Type],,LULC: Mortality Live,,0.5,,,,,
,,,,Other Western Hardwoods Group,Wetland:Palustrine Forested,,Biomass: Fine Root,,,,Atmosphere: CH4,Disturbance: Fire (High Severity) [Type],,LULC: Emission Live CH4,,0.0018,,,,,
,,,,Other Western Hardwoods Group,Wetland:Palustrine Forested,,Biomass: Fine Root,,,,Atmosphere: CO,Disturbance: Fire (High Severity) [Type],,LULC: Emission Live CO,,0.0162,,,,,
,,,,Other Western Hardwoods Group,Wetland:Palustrine Forested,,Biomass: Fine Root,,,,Atmosphere: CO2,Disturbance: Fire (High Severity) [Type],,LULC: Emission Live CO2,,0.1619,,,,,
,,,,Other Western Hardwoods Group,Wetland:Palustrine Forested,,Biomass: Fine Root,,,,DOM: Aboveground Very Fast,Disturbance: Fire (High Severity) [Type],,LULC: Mortality Live,,0.3201,,,,,
,,,,Other Western Hardwoods Group,Wetland:Palustrine Forested,,Biomass: Fine Root,,,,DOM: Aboveground Very Fast,Disturbance: Harvest (Clearcut) [Type],,LULC: Mortality Live,,0.5,,,,,
,,,,Other Western Hardwoods Group,Wetland:Palustrine Forested,,Biomass: Fine Root,,,,DOM: Belowground Very Fast,Disturbance: Fire (High Severity) [Type],,LULC: Mortality Live,,0.5,,,,,
,,,,Other Western Hardwoods Group,Wetland:Palustrine Forested,,Biomass: Fine Root,,,,DOM: Belowground Very Fast,Disturbance: Harvest (Clearcut) [Type],,LULC: Mortality Live,,0.5,,,,,
,,,,Other Western Hardwoods Group,Wetland:Palustrine Forested,,Biomass: Foliage,,,,Atmosphere: CH4,Disturbance: Fire (High Severity) [Type],,LULC: Emission Live CH4,,0.01,,,,,
,,,,Other Western Hardwoods Group,Wetland:Palustrine Forested,,Biomass: Foliage,,,,Atmosphere: CO,Disturbance: Fire (High Severity) [Type],,LULC: Emission Live CO,,0.0899,,,,,
,,,,Other Western Hardwoods Group,Wetland:Palustrine Forested,,Biomass: Foliage,,,,Atmosphere: CO2,Disturbance: Fire (High Severity) [Type],,LULC: Emission Live CO2,,0.8985,,,,,
,,,,Other Western Hardwoods Group,Wetland:Palustrine Forested,,Biomass: Foliage,,,,DOM: Aboveground Very Fast,Disturbance: Fire (High Severity) [Type],,LULC: Mortality Live,,0.0016,,,,,
,,,,Other Western Hardwoods Group,Wetland:Palustrine Forested,,Biomass: Foliage,,,,DOM: Aboveground Very Fast,Disturbance: Harvest (Clearcut) [Type],,LULC: Mortality Live,,1,,,,,
,,,,Other Western Hardwoods Group,Wetland:Palustrine Forested,,Biomass: Merchantable,,,,DOM: Aboveground Medium,Disturbance: Harvest (Clearcut) [Type],,LULC: Mortality Live,,0.03,,,,,
,,,,Other Western Hardwoods Group,Wetland:Palustrine Forested,,Biomass: Merchantable,,,,DOM: Snag Stem,Disturbance: Fire (High Severity) [Type],,LULC: Mortality Live,,1,,,,,
,,,,Other Western Hardwoods Group,Wetland:Palustrine Forested,,Biomass: Merchantable,,,,Forestry Sector,Disturbance: Harvest (Clearcut) [Type],,LULC: Harvest Live,,0.97,,,,,
,,,,Other Western Hardwoods Group,Wetland:Palustrine Forested,,Biomass: Other Wood,,,,DOM: Aboveground Fast,Disturbance: Harvest (Clearcut) [Type],,LULC: Mortality Live,,1,,,,,
,,,,Other Western Hardwoods Group,Wetland:Palustrine Forested,,Biomass: Other Wood,,,,DOM: Snag Branch,Disturbance: Fire (High Severity) [Type],,LULC: Mortality Live,,1,,,,,
,,,,Other Western Hardwoods Group,Wetland:Palustrine Forested,,DOM: Aboveground Fast,,,,Atmosphere: CH4,Disturbance: Fire (High Severity) [Type],,LULC: Emission DOM CH4,,0.0094,,,,,
,,,,Other Western Hardwoods Group,Wetland:Palustrine Forested,,DOM: Aboveground Fast,,,,Atmosphere: CO,Disturbance: Fire (High Severity) [Type],,LULC: Emission DOM CO,,0.0843,,,,,
,,,,Other Western Hardwoods Group,Wetland:Palustrine Forested,,DOM: Aboveground Fast,,,,Atmosphere: CO2,Disturbance: Fire (High Severity) [Type],,LULC: Emission DOM CO2,,0.8428,,,,,
,,,,Other Western Hardwoods Group,Wetland:Palustrine Forested,,DOM: Aboveground Medium,,,,Atmosphere: CH4,Disturbance: Fire (High Severity) [Type],,LULC: Emission DOM CH4,,0.0082,,,,,
,,,,Other Western Hardwoods Group,Wetland:Palustrine Forested,,DOM: Aboveground Medium,,,,Atmosphere: CO,Disturbance: Fire (High Severity) [Type],,LULC: Emission DOM CO,,0.0734,,,,,
,,,,Other Western Hardwoods Group,Wetland:Palustrine Forested,,DOM: Aboveground Medium,,,,Atmosphere: CO2,Disturbance: Fire (High Severity) [Type],,LULC: Emission DOM CO2,,0.7338,,,,,
,,,,Other Western Hardwoods Group,Wetland:Palustrine Forested,,DOM: Aboveground Slow,,,,Atmosphere: CH4,Disturbance: Fire (High Severity) [Type],,LULC: Emission DOM CH4,,0.0052,,,,,
,,,,Other Western Hardwoods Group,Wetland:Palustrine Forested,,DOM: Aboveground Slow,,,,Atmosphere: CO,Disturbance: Fire (High Severity) [Type],,LULC: Emission DOM CO,,0.047,,,,,
,,,,Other Western Hardwoods Group,Wetland:Palustrine Forested,,DOM: Aboveground Slow,,,,Atmosphere: CO2,Disturbance: Fire (High Severity) [Type],,LULC: Emission DOM CO2,,0.4699,,,,,
,,,,Other Western Hardwoods Group,Wetland:Palustrine Forested,,DOM: Aboveground Very Fast,,,,Atmosphere: CH4,Disturbance: Fire (High Severity) [Type],,LULC: Emission DOM CH4,,0.01,,,,,
,,,,Other Western Hardwoods Group,Wetland:Palustrine Forested,,DOM: Aboveground Very Fast,,,,Atmosphere: CO,Disturbance: Fire (High Severity) [Type],,LULC: Emission DOM CO,,0.09,,,,,
,,,,Other Western Hardwoods Group,Wetland:Palustrine Forested,,DOM: Aboveground Very Fast,,,,Atmosphere: CO2,Disturbance: Fire (High Severity) [Type],,LULC: Emission DOM CO2,,0.9,,,,,
,,,,Other Western Hardwoods Group,Wetland:Palustrine Forested,,DOM: Snag Branch,,,,DOM: Aboveground Fast,Disturbance: Fire (High Severity) [Type],,LULC: Transfer DOM,,1,,,,,
,,,,Other Western Hardwoods Group,Wetland:Palustrine Forested,,DOM: Snag Branch,,,,DOM: Aboveground Fast,Disturbance: Harvest (Clearcut) [Type],,LULC: Transfer DOM,,1,,,,,
,,,,Other Western Hardwoods Group,Wetland:Palustrine Forested,,DOM: Snag Stem,,,,DOM: Aboveground Medium,Disturbance: Fire (High Severity) [Type],,LULC: Transfer DOM,,1,,,,,
,,,,Other Western Hardwoods Group,Wetland:Palustrine Forested,,DOM: Snag Stem,,,,DOM: Aboveground Medium,Disturbance: Harvest (Clearcut) [Type],,LULC: Transfer DOM,,1,,,,,
,,,,Tropical Hardwoods Group,Forest:All,,Biomass: Coarse Root,,,,DOM: Aboveground Fast,Disturbance: Fire (High Severity) [Type],,LULC: Mortality Live,,0.5,,,,,
,,,,Tropical Hardwoods Group,Forest:All,,Biomass: Coarse Root,,,,DOM: Aboveground Fast,Disturbance: Harvest (Clearcut) [Type],,LULC: Mortality Live,,0.5,,,,,
,,,,Tropical Hardwoods Group,Forest:All,,Biomass: Coarse Root,,,,DOM: Belowground Fast,Disturbance: Fire (High Severity) [Type],,LULC: Mortality Live,,0.5,,,,,
,,,,Tropical Hardwoods Group,Forest:All,,Biomass: Coarse Root,,,,DOM: Belowground Fast,Disturbance: Harvest (Clearcut) [Type],,LULC: Mortality Live,,0.5,,,,,
,,,,Tropical Hardwoods Group,Forest:All,,Biomass: Fine Root,,,,Atmosphere: CH4,Disturbance: Fire (High Severity) [Type],,LULC: Emission Live CH4,,0.0013,,,,,
,,,,Tropical Hardwoods Group,Forest:All,,Biomass: Fine Root,,,,Atmosphere: CO,Disturbance: Fire (High Severity) [Type],,LULC: Emission Live CO,,0.0116,,,,,
,,,,Tropical Hardwoods Group,Forest:All,,Biomass: Fine Root,,,,Atmosphere: CO2,Disturbance: Fire (High Severity) [Type],,LULC: Emission Live CO2,,0.116,,,,,
,,,,Tropical Hardwoods Group,Forest:All,,Biomass: Fine Root,,,,DOM: Aboveground Very Fast,Disturbance: Fire (High Severity) [Type],,LULC: Mortality Live,,0.3711,,,,,
,,,,Tropical Hardwoods Group,Forest:All,,Biomass: Fine Root,,,,DOM: Aboveground Very Fast,Disturbance: Harvest (Clearcut) [Type],,LULC: Mortality Live,,0.5,,,,,
,,,,Tropical Hardwoods Group,Forest:All,,Biomass: Fine Root,,,,DOM: Belowground Very Fast,Disturbance: Fire (High Severity) [Type],,LULC: Mortality Live,,0.5,,,,,
,,,,Tropical Hardwoods Group,Forest:All,,Biomass: Fine Root,,,,DOM: Belowground Very Fast,Disturbance: Harvest (Clearcut) [Type],,LULC: Mortality Live,,0.5,,,,,
,,,,Tropical Hardwoods Group,Forest:All,,Biomass: Foliage,,,,Atmosphere: CH4,Disturbance: Fire (High Severity) [Type],,LULC: Emission Live CH4,,0.01,,,,,
,,,,Tropical Hardwoods Group,Forest:All,,Biomass: Foliage,,,,Atmosphere: CO,Disturbance: Fire (High Severity) [Type],,LULC: Emission Live CO,,0.09,,,,,
,,,,Tropical Hardwoods Group,Forest:All,,Biomass: Foliage,,,,Atmosphere: CO2,Disturbance: Fire (High Severity) [Type],,LULC: Emission Live CO2,,0.9,,,,,
,,,,Tropical Hardwoods Group,Forest:All,,Biomass: Foliage,,,,DOM: Aboveground Very Fast,Disturbance: Harvest (Clearcut) [Type],,LULC: Mortality Live,,1,,,,,
,,,,Tropical Hardwoods Group,Forest:All,,Biomass: Merchantable,,,,DOM: Aboveground Medium,Disturbance: Harvest (Clearcut) [Type],,LULC: Mortality Live,,0.03,,,,,
,,,,Tropical Hardwoods Group,Forest:All,,Biomass: Merchantable,,,,DOM: Snag Stem,Disturbance: Fire (High Severity) [Type],,LULC: Mortality Live,,1,,,,,
,,,,Tropical Hardwoods Group,Forest:All,,Biomass: Merchantable,,,,Forestry Sector,Disturbance: Harvest (Clearcut) [Type],,LULC: Harvest Live,,0.97,,,,,
,,,,Tropical Hardwoods Group,Forest:All,,Biomass: Other Wood,,,,Atmosphere: CH4,Disturbance: Fire (High Severity) [Type],,LULC: Emission Live CH4,,0.0003,,,,,
,,,,Tropical Hardwoods Group,Forest:All,,Biomass: Other Wood,,,,Atmosphere: CO,Disturbance: Fire (High Severity) [Type],,LULC: Emission Live CO,,0.0031,,,,,
,,,,Tropical Hardwoods Group,Forest:All,,Biomass: Other Wood,,,,Atmosphere: CO2,Disturbance: Fire (High Severity) [Type],,LULC: Emission Live CO2,,0.0306,,,,,
,,,,Tropical Hardwoods Group,Forest:All,,Biomass: Other Wood,,,,DOM: Aboveground Fast,Disturbance: Harvest (Clearcut) [Type],,LULC: Mortality Live,,1,,,,,
,,,,Tropical Hardwoods Group,Forest:All,,Biomass: Other Wood,,,,DOM: Snag Branch,Disturbance: Fire (High Severity) [Type],,LULC: Mortality Live,,0.966,,,,,
,,,,Tropical Hardwoods Group,Forest:All,,DOM: Aboveground Fast,,,,Atmosphere: CH4,Disturbance: Fire (High Severity) [Type],,LULC: Emission DOM CH4,,0.0067,,,,,
,,,,Tropical Hardwoods Group,Forest:All,,DOM: Aboveground Fast,,,,Atmosphere: CO,Disturbance: Fire (High Severity) [Type],,LULC: Emission DOM CO,,0.0606,,,,,
,,,,Tropical Hardwoods Group,Forest:All,,DOM: Aboveground Fast,,,,Atmosphere: CO2,Disturbance: Fire (High Severity) [Type],,LULC: Emission DOM CO2,,0.6056,,,,,
,,,,Tropical Hardwoods Group,Forest:All,,DOM: Aboveground Medium,,,,Atmosphere: CH4,Disturbance: Fire (High Severity) [Type],,LULC: Emission DOM CH4,,0.0058,,,,,
,,,,Tropical Hardwoods Group,Forest:All,,DOM: Aboveground Medium,,,,Atmosphere: CO,Disturbance: Fire (High Severity) [Type],,LULC: Emission DOM CO,,0.0519,,,,,
,,,,Tropical Hardwoods Group,Forest:All,,DOM: Aboveground Medium,,,,Atmosphere: CO2,Disturbance: Fire (High Severity) [Type],,LULC: Emission DOM CO2,,0.5189,,,,,
,,,,Tropical Hardwoods Group,Forest:All,,DOM: Aboveground Slow,,,,Atmosphere: CH4,Disturbance: Fire (High Severity) [Type],,LULC: Emission DOM CH4,,0.0027,,,,,
,,,,Tropical Hardwoods Group,Forest:All,,DOM: Aboveground Slow,,,,Atmosphere: CO,Disturbance: Fire (High Severity) [Type],,LULC: Emission DOM CO,,0.024,,,,,
,,,,Tropical Hardwoods Group,Forest:All,,DOM: Aboveground Slow,,,,Atmosphere: CO2,Disturbance: Fire (High Severity) [Type],,LULC: Emission DOM CO2,,0.2403,,,,,
,,,,Tropical Hardwoods Group,Forest:All,,DOM: Aboveground Very Fast,,,,Atmosphere: CH4,Disturbance: Fire (High Severity) [Type],,LULC: Emission DOM CH4,,0.0099,,,,,
,,,,Tropical Hardwoods Group,Forest:All,,DOM: Aboveground Very Fast,,,,Atmosphere: CO,Disturbance: Fire (High Severity) [Type],,LULC: Emission DOM CO,,0.0888,,,,,
,,,,Tropical Hardwoods Group,Forest:All,,DOM: Aboveground Very Fast,,,,Atmosphere: CO2,Disturbance: Fire (High Severity) [Type],,LULC: Emission DOM CO2,,0.8882,,,,,
,,,,Tropical Hardwoods Group,Forest:All,,DOM: Snag Branch,,,,DOM: Aboveground Fast,Disturbance: Fire (High Severity) [Type],,LULC: Transfer DOM,,1,,,,,
,,,,Tropical Hardwoods Group,Forest:All,,DOM: Snag Branch,,,,DOM: Aboveground Fast,Disturbance: Harvest (Clearcut) [Type],,LULC: Transfer DOM,,1,,,,,
,,,,Tropical Hardwoods Group,Forest:All,,DOM: Snag Stem,,,,DOM: Aboveground Medium,Disturbance: Fire (High Severity) [Type],,LULC: Transfer DOM,,1,,,,,
,,,,Tropical Hardwoods Group,Forest:All,,DOM: Snag Stem,,,,DOM: Aboveground Medium,Disturbance: Harvest (Clearcut) [Type],,LULC: Transfer DOM,,1,,,,,
,,,,Tropical Hardwoods Group,Wetland:Estuarine Forested,,Biomass: Coarse Root,,,,DOM: Aboveground Fast,Disturbance: Fire (High Severity) [Type],,LULC: Mortality Live,,0.5,,,,,
,,,,Tropical Hardwoods Group,Wetland:Estuarine Forested,,Biomass: Coarse Root,,,,DOM: Aboveground Fast,Disturbance: Harvest (Clearcut) [Type],,LULC: Mortality Live,,0.5,,,,,
,,,,Tropical Hardwoods Group,Wetland:Estuarine Forested,,Biomass: Coarse Root,,,,DOM: Belowground Fast,Disturbance: Fire (High Severity) [Type],,LULC: Mortality Live,,0.5,,,,,
,,,,Tropical Hardwoods Group,Wetland:Estuarine Forested,,Biomass: Coarse Root,,,,DOM: Belowground Fast,Disturbance: Harvest (Clearcut) [Type],,LULC: Mortality Live,,0.5,,,,,
,,,,Tropical Hardwoods Group,Wetland:Estuarine Forested,,Biomass: Fine Root,,,,Atmosphere: CH4,Disturbance: Fire (High Severity) [Type],,LULC: Emission Live CH4,,0.0013,,,,,
,,,,Tropical Hardwoods Group,Wetland:Estuarine Forested,,Biomass: Fine Root,,,,Atmosphere: CO,Disturbance: Fire (High Severity) [Type],,LULC: Emission Live CO,,0.0116,,,,,
,,,,Tropical Hardwoods Group,Wetland:Estuarine Forested,,Biomass: Fine Root,,,,Atmosphere: CO2,Disturbance: Fire (High Severity) [Type],,LULC: Emission Live CO2,,0.116,,,,,
,,,,Tropical Hardwoods Group,Wetland:Estuarine Forested,,Biomass: Fine Root,,,,DOM: Aboveground Very Fast,Disturbance: Fire (High Severity) [Type],,LULC: Mortality Live,,0.3711,,,,,
,,,,Tropical Hardwoods Group,Wetland:Estuarine Forested,,Biomass: Fine Root,,,,DOM: Aboveground Very Fast,Disturbance: Harvest (Clearcut) [Type],,LULC: Mortality Live,,0.5,,,,,
,,,,Tropical Hardwoods Group,Wetland:Estuarine Forested,,Biomass: Fine Root,,,,DOM: Belowground Very Fast,Disturbance: Fire (High Severity) [Type],,LULC: Mortality Live,,0.5,,,,,
,,,,Tropical Hardwoods Group,Wetland:Estuarine Forested,,Biomass: Fine Root,,,,DOM: Belowground Very Fast,Disturbance: Harvest (Clearcut) [Type],,LULC: Mortality Live,,0.5,,,,,
,,,,Tropical Hardwoods Group,Wetland:Estuarine Forested,,Biomass: Foliage,,,,Atmosphere: CH4,Disturbance: Fire (High Severity) [Type],,LULC: Emission Live CH4,,0.01,,,,,
,,,,Tropical Hardwoods Group,Wetland:Estuarine Forested,,Biomass: Foliage,,,,Atmosphere: CO,Disturbance: Fire (High Severity) [Type],,LULC: Emission Live CO,,0.09,,,,,
,,,,Tropical Hardwoods Group,Wetland:Estuarine Forested,,Biomass: Foliage,,,,Atmosphere: CO2,Disturbance: Fire (High Severity) [Type],,LULC: Emission Live CO2,,0.9,,,,,
,,,,Tropical Hardwoods Group,Wetland:Estuarine Forested,,Biomass: Foliage,,,,DOM: Aboveground Very Fast,Disturbance: Harvest (Clearcut) [Type],,LULC: Mortality Live,,1,,,,,
,,,,Tropical Hardwoods Group,Wetland:Estuarine Forested,,Biomass: Merchantable,,,,DOM: Aboveground Medium,Disturbance: Harvest (Clearcut) [Type],,LULC: Mortality Live,,0.03,,,,,
,,,,Tropical Hardwoods Group,Wetland:Estuarine Forested,,Biomass: Merchantable,,,,DOM: Snag Stem,Disturbance: Fire (High Severity) [Type],,LULC: Mortality Live,,1,,,,,
,,,,Tropical Hardwoods Group,Wetland:Estuarine Forested,,Biomass: Merchantable,,,,Forestry Sector,Disturbance: Harvest (Clearcut) [Type],,LULC: Harvest Live,,0.97,,,,,
,,,,Tropical Hardwoods Group,Wetland:Estuarine Forested,,Biomass: Other Wood,,,,Atmosphere: CH4,Disturbance: Fire (High Severity) [Type],,LULC: Emission Live CH4,,0.0003,,,,,
,,,,Tropical Hardwoods Group,Wetland:Estuarine Forested,,Biomass: Other Wood,,,,Atmosphere: CO,Disturbance: Fire (High Severity) [Type],,LULC: Emission Live CO,,0.0031,,,,,
,,,,Tropical Hardwoods Group,Wetland:Estuarine Forested,,Biomass: Other Wood,,,,Atmosphere: CO2,Disturbance: Fire (High Severity) [Type],,LULC: Emission Live CO2,,0.0306,,,,,
,,,,Tropical Hardwoods Group,Wetland:Estuarine Forested,,Biomass: Other Wood,,,,DOM: Aboveground Fast,Disturbance: Harvest (Clearcut) [Type],,LULC: Mortality Live,,1,,,,,
,,,,Tropical Hardwoods Group,Wetland:Estuarine Forested,,Biomass: Other Wood,,,,DOM: Snag Branch,Disturbance: Fire (High Severity) [Type],,LULC: Mortality Live,,0.966,,,,,
,,,,Tropical Hardwoods Group,Wetland:Estuarine Forested,,DOM: Aboveground Fast,,,,Atmosphere: CH4,Disturbance: Fire (High Severity) [Type],,LULC: Emission DOM CH4,,0.0067,,,,,
,,,,Tropical Hardwoods Group,Wetland:Estuarine Forested,,DOM: Aboveground Fast,,,,Atmosphere: CO,Disturbance: Fire (High Severity) [Type],,LULC: Emission DOM CO,,0.0606,,,,,
,,,,Tropical Hardwoods Group,Wetland:Estuarine Forested,,DOM: Aboveground Fast,,,,Atmosphere: CO2,Disturbance: Fire (High Severity) [Type],,LULC: Emission DOM CO2,,0.6056,,,,,
,,,,Tropical Hardwoods Group,Wetland:Estuarine Forested,,DOM: Aboveground Medium,,,,Atmosphere: CH4,Disturbance: Fire (High Severity) [Type],,LULC: Emission DOM CH4,,0.0058,,,,,
,,,,Tropical Hardwoods Group,Wetland:Estuarine Forested,,DOM: Aboveground Medium,,,,Atmosphere: CO,Disturbance: Fire (High Severity) [Type],,LULC: Emission DOM CO,,0.0519,,,,,
,,,,Tropical Hardwoods Group,Wetland:Estuarine Forested,,DOM: Aboveground Medium,,,,Atmosphere: CO2,Disturbance: Fire (High Severity) [Type],,LULC: Emission DOM CO2,,0.5189,,,,,
,,,,Tropical Hardwoods Group,Wetland:Estuarine Forested,,DOM: Aboveground Slow,,,,Atmosphere: CH4,Disturbance: Fire (High Severity) [Type],,LULC: Emission DOM CH4,,0.0027,,,,,
,,,,Tropical Hardwoods Group,Wetland:Estuarine Forested,,DOM: Aboveground Slow,,,,Atmosphere: CO,Disturbance: Fire (High Severity) [Type],,LULC: Emission DOM CO,,0.024,,,,,
,,,,Tropical Hardwoods Group,Wetland:Estuarine Forested,,DOM: Aboveground Slow,,,,Atmosphere: CO2,Disturbance: Fire (High Severity) [Type],,LULC: Emission DOM CO2,,0.2403,,,,,
,,,,Tropical Hardwoods Group,Wetland:Estuarine Forested,,DOM: Aboveground Very Fast,,,,Atmosphere: CH4,Disturbance: Fire (High Severity) [Type],,LULC: Emission DOM CH4,,0.0099,,,,,
,,,,Tropical Hardwoods Group,Wetland:Estuarine Forested,,DOM: Aboveground Very Fast,,,,Atmosphere: CO,Disturbance: Fire (High Severity) [Type],,LULC: Emission DOM CO,,0.0888,,,,,
,,,,Tropical Hardwoods Group,Wetland:Estuarine Forested,,DOM: Aboveground Very Fast,,,,Atmosphere: CO2,Disturbance: Fire (High Severity) [Type],,LULC: Emission DOM CO2,,0.8882,,,,,
,,,,Tropical Hardwoods Group,Wetland:Estuarine Forested,,DOM: Snag Branch,,,,DOM: Aboveground Fast,Disturbance: Fire (High Severity) [Type],,LULC: Transfer DOM,,1,,,,,
,,,,Tropical Hardwoods Group,Wetland:Estuarine Forested,,DOM: Snag Branch,,,,DOM: Aboveground Fast,Disturbance: Harvest (Clearcut) [Type],,LULC: Transfer DOM,,1,,,,,
,,,,Tropical Hardwoods Group,Wetland:Estuarine Forested,,DOM: Snag Stem,,,,DOM: Aboveground Medium,Disturbance: Fire (High Severity) [Type],,LULC: Transfer DOM,,1,,,,,
,,,,Tropical Hardwoods Group,Wetland:Estuarine Forested,,DOM: Snag Stem,,,,DOM: Aboveground Medium,Disturbance: Harvest (Clearcut) [Type],,LULC: Transfer DOM,,1,,,,,
,,,,Tropical Hardwoods Group,Wetland:Palustrine Forested,,Biomass: Coarse Root,,,,DOM: Aboveground Fast,Disturbance: Fire (High Severity) [Type],,LULC: Mortality Live,,0.5,,,,,
,,,,Tropical Hardwoods Group,Wetland:Palustrine Forested,,Biomass: Coarse Root,,,,DOM: Aboveground Fast,Disturbance: Harvest (Clearcut) [Type],,LULC: Mortality Live,,0.5,,,,,
,,,,Tropical Hardwoods Group,Wetland:Palustrine Forested,,Biomass: Coarse Root,,,,DOM: Belowground Fast,Disturbance: Fire (High Severity) [Type],,LULC: Mortality Live,,0.5,,,,,
,,,,Tropical Hardwoods Group,Wetland:Palustrine Forested,,Biomass: Coarse Root,,,,DOM: Belowground Fast,Disturbance: Harvest (Clearcut) [Type],,LULC: Mortality Live,,0.5,,,,,
,,,,Tropical Hardwoods Group,Wetland:Palustrine Forested,,Biomass: Fine Root,,,,Atmosphere: CH4,Disturbance: Fire (High Severity) [Type],,LULC: Emission Live CH4,,0.0013,,,,,
,,,,Tropical Hardwoods Group,Wetland:Palustrine Forested,,Biomass: Fine Root,,,,Atmosphere: CO,Disturbance: Fire (High Severity) [Type],,LULC: Emission Live CO,,0.0116,,,,,
,,,,Tropical Hardwoods Group,Wetland:Palustrine Forested,,Biomass: Fine Root,,,,Atmosphere: CO2,Disturbance: Fire (High Severity) [Type],,LULC: Emission Live CO2,,0.116,,,,,
,,,,Tropical Hardwoods Group,Wetland:Palustrine Forested,,Biomass: Fine Root,,,,DOM: Aboveground Very Fast,Disturbance: Fire (High Severity) [Type],,LULC: Mortality Live,,0.3711,,,,,
,,,,Tropical Hardwoods Group,Wetland:Palustrine Forested,,Biomass: Fine Root,,,,DOM: Aboveground Very Fast,Disturbance: Harvest (Clearcut) [Type],,LULC: Mortality Live,,0.5,,,,,
,,,,Tropical Hardwoods Group,Wetland:Palustrine Forested,,Biomass: Fine Root,,,,DOM: Belowground Very Fast,Disturbance: Fire (High Severity) [Type],,LULC: Mortality Live,,0.5,,,,,
,,,,Tropical Hardwoods Group,Wetland:Palustrine Forested,,Biomass: Fine Root,,,,DOM: Belowground Very Fast,Disturbance: Harvest (Clearcut) [Type],,LULC: Mortality Live,,0.5,,,,,
,,,,Tropical Hardwoods Group,Wetland:Palustrine Forested,,Biomass: Foliage,,,,Atmosphere: CH4,Disturbance: Fire (High Severity) [Type],,LULC: Emission Live CH4,,0.01,,,,,
,,,,Tropical Hardwoods Group,Wetland:Palustrine Forested,,Biomass: Foliage,,,,Atmosphere: CO,Disturbance: Fire (High Severity) [Type],,LULC: Emission Live CO,,0.09,,,,,
,,,,Tropical Hardwoods Group,Wetland:Palustrine Forested,,Biomass: Foliage,,,,Atmosphere: CO2,Disturbance: Fire (High Severity) [Type],,LULC: Emission Live CO2,,0.9,,,,,
,,,,Tropical Hardwoods Group,Wetland:Palustrine Forested,,Biomass: Foliage,,,,DOM: Aboveground Very Fast,Disturbance: Harvest (Clearcut) [Type],,LULC: Mortality Live,,1,,,,,
,,,,Tropical Hardwoods Group,Wetland:Palustrine Forested,,Biomass: Merchantable,,,,DOM: Aboveground Medium,Disturbance: Harvest (Clearcut) [Type],,LULC: Mortality Live,,0.03,,,,,
,,,,Tropical Hardwoods Group,Wetland:Palustrine Forested,,Biomass: Merchantable,,,,DOM: Snag Stem,Disturbance: Fire (High Severity) [Type],,LULC: Mortality Live,,1,,,,,
,,,,Tropical Hardwoods Group,Wetland:Palustrine Forested,,Biomass: Merchantable,,,,Forestry Sector,Disturbance: Harvest (Clearcut) [Type],,LULC: Harvest Live,,0.97,,,,,
,,,,Tropical Hardwoods Group,Wetland:Palustrine Forested,,Biomass: Other Wood,,,,Atmosphere: CH4,Disturbance: Fire (High Severity) [Type],,LULC: Emission Live CH4,,0.0003,,,,,
,,,,Tropical Hardwoods Group,Wetland:Palustrine Forested,,Biomass: Other Wood,,,,Atmosphere: CO,Disturbance: Fire (High Severity) [Type],,LULC: Emission Live CO,,0.0031,,,,,
,,,,Tropical Hardwoods Group,Wetland:Palustrine Forested,,Biomass: Other Wood,,,,Atmosphere: CO2,Disturbance: Fire (High Severity) [Type],,LULC: Emission Live CO2,,0.0306,,,,,
,,,,Tropical Hardwoods Group,Wetland:Palustrine Forested,,Biomass: Other Wood,,,,DOM: Aboveground Fast,Disturbance: Harvest (Clearcut) [Type],,LULC: Mortality Live,,1,,,,,
,,,,Tropical Hardwoods Group,Wetland:Palustrine Forested,,Biomass: Other Wood,,,,DOM: Snag Branch,Disturbance: Fire (High Severity) [Type],,LULC: Mortality Live,,0.966,,,,,
,,,,Tropical Hardwoods Group,Wetland:Palustrine Forested,,DOM: Aboveground Fast,,,,Atmosphere: CH4,Disturbance: Fire (High Severity) [Type],,LULC: Emission DOM CH4,,0.0067,,,,,
,,,,Tropical Hardwoods Group,Wetland:Palustrine Forested,,DOM: Aboveground Fast,,,,Atmosphere: CO,Disturbance: Fire (High Severity) [Type],,LULC: Emission DOM CO,,0.0606,,,,,
,,,,Tropical Hardwoods Group,Wetland:Palustrine Forested,,DOM: Aboveground Fast,,,,Atmosphere: CO2,Disturbance: Fire (High Severity) [Type],,LULC: Emission DOM CO2,,0.6056,,,,,
,,,,Tropical Hardwoods Group,Wetland:Palustrine Forested,,DOM: Aboveground Medium,,,,Atmosphere: CH4,Disturbance: Fire (High Severity) [Type],,LULC: Emission DOM CH4,,0.0058,,,,,
,,,,Tropical Hardwoods Group,Wetland:Palustrine Forested,,DOM: Aboveground Medium,,,,Atmosphere: CO,Disturbance: Fire (High Severity) [Type],,LULC: Emission DOM CO,,0.0519,,,,,
,,,,Tropical Hardwoods Group,Wetland:Palustrine Forested,,DOM: Aboveground Medium,,,,Atmosphere: CO2,Disturbance: Fire (High Severity) [Type],,LULC: Emission DOM CO2,,0.5189,,,,,
,,,,Tropical Hardwoods Group,Wetland:Palustrine Forested,,DOM: Aboveground Slow,,,,Atmosphere: CH4,Disturbance: Fire (High Severity) [Type],,LULC: Emission DOM CH4,,0.0027,,,,,
,,,,Tropical Hardwoods Group,Wetland:Palustrine Forested,,DOM: Aboveground Slow,,,,Atmosphere: CO,Disturbance: Fire (High Severity) [Type],,LULC: Emission DOM CO,,0.024,,,,,
,,,,Tropical Hardwoods Group,Wetland:Palustrine Forested,,DOM: Aboveground Slow,,,,Atmosphere: CO2,Disturbance: Fire (High Severity) [Type],,LULC: Emission DOM CO2,,0.2403,,,,,
,,,,Tropical Hardwoods Group,Wetland:Palustrine Forested,,DOM: Aboveground Very Fast,,,,Atmosphere: CH4,Disturbance: Fire (High Severity) [Type],,LULC: Emission DOM CH4,,0.0099,,,,,
,,,,Tropical Hardwoods Group,Wetland:Palustrine Forested,,DOM: Aboveground Very Fast,,,,Atmosphere: CO,Disturbance: Fire (High Severity) [Type],,LULC: Emission DOM CO,,0.0888,,,,,
,,,,Tropical Hardwoods Group,Wetland:Palustrine Forested,,DOM: Aboveground Very Fast,,,,Atmosphere: CO2,Disturbance: Fire (High Severity) [Type],,LULC: Emission DOM CO2,,0.8882,,,,,
,,,,Tropical Hardwoods Group,Wetland:Palustrine Forested,,DOM: Snag Branch,,,,DOM: Aboveground Fast,Disturbance: Fire (High Severity) [Type],,LULC: Transfer DOM,,1,,,,,
,,,,Tropical Hardwoods Group,Wetland:Palustrine Forested,,DOM: Snag Branch,,,,DOM: Aboveground Fast,Disturbance: Harvest (Clearcut) [Type],,LULC: Transfer DOM,,1,,,,,
,,,,Tropical Hardwoods Group,Wetland:Palustrine Forested,,DOM: Snag Stem,,,,DOM: Aboveground Medium,Disturbance: Fire (High Severity) [Type],,LULC: Transfer DOM,,1,,,,,
,,,,Tropical Hardwoods Group,Wetland:Palustrine Forested,,DOM: Snag Stem,,,,DOM: Aboveground Medium,Disturbance: Harvest (Clearcut) [Type],,LULC: Transfer DOM,,1,,,,,
