Site.ID,Wetland Subclass LUCAS,FoliageStock,RootStock,AGVFStock,BGVFStock,BGSStock,FoliageNPP,RootNPP,BGVFPercentLoss,Burial210Pb TC.g.m.2,MethaneFlux,ExternalVariableValue,TotalLatTrans_Amount,externalVariableLat,externalVariableLatSite,TotalNPP_Amount,SedimentTransport_Amount,FoliageGrowth_PropTotalNPP,RootGrowth_PropTotalNPP,FoliageMaxStock,FoliageMortality_PropMaxStock,FoliageMortality_Amount,RootMaxStock,RootMortality_PropMaxStock,RootMortality_Amount,AGVFMaxStock,AGVFOut_PropMaxStock,AGVFOut_Amount,AGVFStabilization_Amount,AGVFStabilization_PropOut,AGVFStabilization_PropMaxStock,BGVFMaxStock,BGVFOut_PropMaxStock,BGVFOut_Amount,BGVFStabilization_PropOut,BGVFStabilization_Amount,BGVFStabilization_PropMaxStock,BGSDeposition,BGSIn_Amount,BGSMaxStock,BGSOut_PropMaxStock,BGSOut_Amount,TotalOut_Amount,AGVFOut_PropOut,BGVFOut_PropOut,BGSOut_PropOut,TotalMaxStock,AGVFMaxStock_PropMaxStock,BGVFMaxStock_PropMaxStock,BGSMaxStock_PropMaxStock,BGSStabilization_PropOut,BGSStabilization_Amount,BGSStabilization_PropMaxStock,TotalStabilization_Amount,AGVFEmissionLatTrans_Amount,BGVFEmissionLatTrans_Amount,BGSEmissionLatTrans_Amount,TotalEmissionLatTrans_Amount,TotalLatTrans_PropEmissionLatTrans,AGVFLatTrans_Amount,BGVFLatTrans_Amount,BGSLatTrans_Amount,AGVFLatTrans_PropMaxStock,BGVFLatTrans_PropMaxStock,BGSLatTrans_PropMaxStock,AGVFLatTrans_PropOut,BGVFLatTrans_PropOut,BGSLatTrans_PropOut,AGVFEmission_Amount,BGVFEmission_Amount,BGSEmission_Amount,AGVFEmissionCH4_Amount,BGVFEmissionCH4_Amount,BGSEmissionCH4_Amount,AGVFEmissionCO2_Amount,BGVFEmissionCO2_Amount,BGSEmissionCO2_Amount,AGVFEmissionCH4_PropMaxStock,BGVFEmissionCH4_PropMaxStock,BGSEmissionCH4_PropMaxStock,AGVFEmissionCO2_PropMaxStock,BGVFEmissionCO2_PropMaxStock,BGSEmissionCO2_PropMaxStock,AGVFEmission_PropMaxStock,BGVFEmission_PropMaxStock,BGSEmission_PropMaxStock,AGVFEmission_PropOut,BGVFEmission_PropOut,BGSEmission_PropOut,outAGVFCheck,outBGVFCheck,outBGSCheck,massBalanceCheck,checkAGVFratio,checkBGVFratio,checkBGSratio,checkpropAGVF
BA-01-04,Wetland: Estuarine Emergent,46.4482,120.7959,606.9508,1841.9246,56376.7713,533.7701,3700.6247,0.7146,254.9638,14.49,13,10,7,1,4234.3948,0,0.1261,0.8739,580.2183,0.9199,533.7701,3821.4207,0.9684,3700.6247,1140.7209,0.4679,533.7701,0,0,0,5542.5494,0.6677,3700.6247,0.2854,1056.057,0.1905,0,1056.057,57432.8283,0.0184,1056.057,5290.4518,0.1009,0.6995,0.1996,64116.0985,0.0178,0.0864,0.8958,0.2414,254.9638,0.0044,1311.0208,533.7701,2644.5678,801.0932,3979.431,0.0025,1.3413,6.6456,2.0131,0.0012,0.0012,0,0.0025,0.0018,0.0019,532.4288,2637.9222,799.0801,1.9436,9.6295,2.917,530.4852,2628.2927,796.1631,0.0017,0.0017,1e-4,0.465,0.4742,0.0139,0.4667,0.4759,0.0139,0.9975,0.7128,0.7567,1,1,1,-0,396.9431,396.9431,396.9431,0
BA-01-04,Wetland: Estuarine Emergent,46.4482,120.7959,606.9508,1841.9246,56376.7713,533.7701,3700.6247,0.7146,254.9638,14.49,13,105,9,19,4234.3948,0,0.1261,0.8739,580.2183,0.9199,533.7701,3821.4207,0.9684,3700.6247,1140.7209,0.4679,533.7701,0,0,0,5542.5494,0.6677,3700.6247,0.2854,1056.057,0.1905,0,1056.057,57432.8283,0.0184,1056.057,5290.4518,0.1009,0.6995,0.1996,64116.0985,0.0178,0.0864,0.8958,0.2414,254.9638,0.0044,1311.0208,533.7701,2644.5678,801.0932,3979.431,0.0264,14.0839,69.7787,21.1374,0.0123,0.0126,4e-4,0.0264,0.0189,0.02,519.6862,2574.789,779.9558,1.9436,9.6295,2.917,517.7426,2565.1596,777.0388,0.0017,0.0017,1e-4,0.4539,0.4628,0.0135,0.4556,0.4645,0.0136,0.9736,0.6958,0.7386,1,1,1,-0,36.8993,36.8993,36.8993,0
BA-01-04,Wetland: Estuarine Emergent,46.4482,120.7959,606.9508,1841.9246,56376.7713,533.7701,3700.6247,0.7146,254.9638,14.49,13,123,6,37,4234.3948,0,0.1261,0.8739,580.2183,0.9199,533.7701,3821.4207,0.9684,3700.6247,1140.7209,0.4679,533.7701,0,0,0,5542.5494,0.6677,3700.6247,0.2854,1056.057,0.1905,0,1056.057,57432.8283,0.0184,1056.057,5290.4518,0.1009,0.6995,0.1996,64116.0985,0.0178,0.0864,0.8958,0.2414,254.9638,0.0044,1311.0208,533.7701,2644.5678,801.0932,3979.431,0.0309,16.4983,81.7408,24.7609,0.0145,0.0147,4e-4,0.0309,0.0221,0.0234,517.2718,2562.827,776.3322,1.9436,9.6295,2.917,515.3283,2553.1975,773.4153,0.0017,0.0017,1e-4,0.4518,0.4607,0.0135,0.4535,0.4624,0.0135,0.9691,0.6925,0.7351,1,1,1,-0,31.3531,31.3531,31.3531,0
BA-01-04,Wetland: Estuarine Emergent,46.4482,120.7959,606.9508,1841.9246,56376.7713,533.7701,3700.6247,0.7146,254.9638,14.49,13,156,4,55,4234.3948,0,0.1261,0.8739,580.2183,0.9199,533.7701,3821.4207,0.9684,3700.6247,1140.7209,0.4679,533.7701,0,0,0,5542.5494,0.6677,3700.6247,0.2854,1056.057,0.1905,0,1056.057,57432.8283,0.0184,1056.057,5290.4518,0.1009,0.6995,0.1996,64116.0985,0.0178,0.0864,0.8958,0.2414,254.9638,0.0044,1311.0208,533.7701,2644.5678,801.0932,3979.431,0.0392,20.9246,103.6712,31.4041,0.0183,0.0187,5e-4,0.0392,0.028,0.0297,512.8455,2540.8965,769.689,1.9436,9.6295,2.917,510.9019,2531.2671,766.7721,0.0017,0.0017,1e-4,0.4479,0.4567,0.0134,0.4496,0.4584,0.0134,0.9608,0.6866,0.7288,1,1,1,-0,24.5092,24.5092,24.5092,0
BA-01-04,Wetland: Estuarine Emergent,46.4482,120.7959,606.9508,1841.9246,56376.7713,533.7701,3700.6247,0.7146,254.9638,14.49,13,175,2,73,4234.3948,0,0.1261,0.8739,580.2183,0.9199,533.7701,3821.4207,0.9684,3700.6247,1140.7209,0.4679,533.7701,0,0,0,5542.5494,0.6677,3700.6247,0.2854,1056.057,0.1905,0,1056.057,57432.8283,0.0184,1056.057,5290.4518,0.1009,0.6995,0.1996,64116.0985,0.0178,0.0864,0.8958,0.2414,254.9638,0.0044,1311.0208,533.7701,2644.5678,801.0932,3979.431,0.044,23.4731,116.2979,35.229,0.0206,0.021,6e-4,0.044,0.0314,0.0334,510.297,2528.2699,765.8642,1.9436,9.6295,2.917,508.3534,2518.6404000000002,762.9472,0.0017,0.0017,1e-4,0.4456,0.4544,0.0133,0.4473,0.4562,0.0133,0.956,0.6832,0.7252,1,1,1,-0,21.7396,21.7396,21.7396,0
BA-01-04,Wetland: Estuarine Emergent,46.4482,120.7959,606.9508,1841.9246,56376.7713,533.7701,3700.6247,0.7146,254.9638,14.49,13,201,8,91,4234.3948,0,0.1261,0.8739,580.2183,0.9199,533.7701,3821.4207,0.9684,3700.6247,1140.7209,0.4679,533.7701,0,0,0,5542.5494,0.6677,3700.6247,0.2854,1056.057,0.1905,0,1056.057,57432.8283,0.0184,1056.057,5290.4518,0.1009,0.6995,0.1996,64116.0985,0.0178,0.0864,0.8958,0.2414,254.9638,0.0044,1311.0208,533.7701,2644.5678,801.0932,3979.431,0.0505,26.9606,133.5764,40.463,0.0236,0.0241,7e-4,0.0505,0.0361,0.0383,506.8095,2510.9914,760.6302,1.9436,9.6295,2.917,504.8659,2501.3619,757.7132,0.0017,0.0017,1e-4,0.4426,0.4513,0.0132,0.4443,0.453,0.0132,0.9495,0.6785,0.7203,1,1,1,-0,18.7982,18.7982,18.7982,0
BA-01-04,Wetland: Estuarine Emergent,46.4482,120.7959,606.9508,1841.9246,56376.7713,533.7701,3700.6247,0.7146,254.9638,14.49,13,320,5,109,4234.3948,0,0.1261,0.8739,580.2183,0.9199,533.7701,3821.4207,0.9684,3700.6247,1140.7209,0.4679,533.7701,0,0,0,5542.5494,0.6677,3700.6247,0.2854,1056.057,0.1905,0,1056.057,57432.8283,0.0184,1056.057,5290.4518,0.1009,0.6995,0.1996,64116.0985,0.0178,0.0864,0.8958,0.2414,254.9638,0.0044,1311.0208,533.7701,2644.5678,801.0932,3979.431,0.0804,42.9223,212.659,64.4187,0.0376,0.0384,0.0011,0.0804,0.0575,0.061,490.8478,2431.9088,736.6745,1.9436,9.6295,2.917,488.9042,2422.2793,733.7575,0.0017,0.0017,1e-4,0.4286,0.437,0.0128,0.4303,0.4388,0.0128,0.9196,0.6572,0.6976,1,1,1,-0,11.4357,11.4357,11.4357,0
BA-01-04,Wetland: Estuarine Emergent,46.4482,120.7959,606.9508,1841.9246,56376.7713,533.7701,3700.6247,0.7146,254.9638,14.49,13,414,1,127,4234.3948,0,0.1261,0.8739,580.2183,0.9199,533.7701,3821.4207,0.9684,3700.6247,1140.7209,0.4679,533.7701,0,0,0,5542.5494,0.6677,3700.6247,0.2854,1056.057,0.1905,0,1056.057,57432.8283,0.0184,1056.057,5290.4518,0.1009,0.6995,0.1996,64116.0985,0.0178,0.0864,0.8958,0.2414,254.9638,0.0044,1311.0208,533.7701,2644.5678,801.0932,3979.431,0.104,55.5308,275.1275,83.3417,0.0487,0.0496,0.0015,0.104,0.0743,0.0789,478.2394,2369.4402,717.7515,1.9436,9.6295,2.917,476.2958,2359.8108,714.8345,0.0017,0.0017,1e-4,0.4175,0.4258,0.0124,0.4192,0.4275,0.0125,0.896,0.6403,0.6797,1,1,1,-0,8.6122,8.6122,8.6122,0
BA-01-04,Wetland: Estuarine Emergent,46.4482,120.7959,606.9508,1841.9246,56376.7713,533.7701,3700.6247,0.7146,254.9638,14.49,13,456,3,145,4234.3948,0,0.1261,0.8739,580.2183,0.9199,533.7701,3821.4207,0.9684,3700.6247,1140.7209,0.4679,533.7701,0,0,0,5542.5494,0.6677,3700.6247,0.2854,1056.057,0.1905,0,1056.057,57432.8283,0.0184,1056.057,5290.4518,0.1009,0.6995,0.1996,64116.0985,0.0178,0.0864,0.8958,0.2414,254.9638,0.0044,1311.0208,533.7701,2644.5678,801.0932,3979.431,0.1146,61.1643,303.039,91.7967,0.0536,0.0547,0.0016,0.1146,0.0819,0.0869,472.6058,2341.5287,709.2965,1.9436,9.6295,2.917,470.6622,2331.8993,706.3795,0.0017,0.0017,1e-4,0.4126,0.4207,0.0123,0.4143,0.4225,0.0124,0.8854,0.6327,0.6716,1,1,1,-0,7.7268,7.7268,7.7268,0
CRMS0175,Wetland: Estuarine Emergent,19.5014,225.5661,99.6337,1284.6989,37892.0709,156.0924,1380.3128,0.3593,134.3121,14.49,1,10,7,2,1536.4052,0,0.1016,0.8984,175.5938,0.8889,156.0924,1605.8789,0.8595,1380.3128,255.7261,0.6104,156.0924,0,0,0,2665.0117,0.5179,1380.3128,0.6407,884.3705,0.3318,0,884.3705,38776.4414,0.0228,884.3705,2420.7758,0.0645,0.5702,0.3653,41697.1792,0.0061,0.0639,0.93,0.1519,134.3121,0.0035,1018.6826,156.0924,495.9423,750.0584,1402.0932,0.0071,1.1133,3.5372,5.3496,0.0044,0.0013,1e-4,0.0071,0.0026,0.006,154.9791,492.4051,744.7089,1.6131,5.1253,7.7515,153.366,487.2798,736.9574,0.0063,0.0019,2e-4,0.5997,0.1828,0.019,0.606,0.1848,0.0192,0.9929,0.3567,0.8421,1,1,1,0,139.2093,139.2093,139.2093,0
CRMS0175,Wetland: Estuarine Emergent,19.5014,225.5661,99.6337,1284.6989,37892.0709,156.0924,1380.3128,0.3593,134.3121,14.49,1,105,9,20,1536.4052,0,0.1016,0.8984,175.5938,0.8889,156.0924,1605.8789,0.8595,1380.3128,255.7261,0.6104,156.0924,0,0,0,2665.0117,0.5179,1380.3128,0.6407,884.3705,0.3318,0,884.3705,38776.4414,0.0228,884.3705,2420.7758,0.0645,0.5702,0.3653,41697.1792,0.0061,0.0639,0.93,0.1519,134.3121,0.0035,1018.6826,156.0924,495.9423,750.0584,1402.0932,0.0749,11.6895,37.1401,56.1704,0.0457,0.0139,0.0014,0.0749,0.0269,0.0635,144.403,458.8022,693.888,1.6131,5.1253,7.7515,142.7898,453.6768,686.1365,0.0063,0.0019,2e-4,0.5584,0.1702,0.0177,0.5647,0.1722,0.0179,0.9251,0.3324,0.7846,1,1,1,0,12.3533,12.3533,12.3533,0
CRMS0175,Wetland: Estuarine Emergent,19.5014,225.5661,99.6337,1284.6989,37892.0709,156.0924,1380.3128,0.3593,134.3121,14.49,1,123,6,38,1536.4052,0,0.1016,0.8984,175.5938,0.8889,156.0924,1605.8789,0.8595,1380.3128,255.7261,0.6104,156.0924,0,0,0,2665.0117,0.5179,1380.3128,0.6407,884.3705,0.3318,0,884.3705,38776.4414,0.0228,884.3705,2420.7758,0.0645,0.5702,0.3653,41697.1792,0.0061,0.0639,0.93,0.1519,134.3121,0.0035,1018.6826,156.0924,495.9423,750.0584,1402.0932,0.0877,13.6934,43.507,65.7996,0.0535,0.0163,0.0017,0.0877,0.0315,0.0744,142.3991,452.4353,684.2588,1.6131,5.1253,7.7515,140.7859,447.3099,676.5073,0.0063,0.0019,2e-4,0.5505,0.1678,0.0174,0.5568,0.1698,0.0176,0.9123,0.3278,0.7737,1,1,1,0,10.3991,10.3991,10.3991,0
CRMS0175,Wetland: Estuarine Emergent,19.5014,225.5661,99.6337,1284.6989,37892.0709,156.0924,1380.3128,0.3593,134.3121,14.49,1,156,4,56,1536.4052,0,0.1016,0.8984,175.5938,0.8889,156.0924,1605.8789,0.8595,1380.3128,255.7261,0.6104,156.0924,0,0,0,2665.0117,0.5179,1380.3128,0.6407,884.3705,0.3318,0,884.3705,38776.4414,0.0228,884.3705,2420.7758,0.0645,0.5702,0.3653,41697.1792,0.0061,0.0639,0.93,0.1519,134.3121,0.0035,1018.6826,156.0924,495.9423,750.0584,1402.0932,0.1113,17.3672,55.1796,83.4532,0.0679,0.0207,0.0022,0.1113,0.04,0.0944,138.7252,440.7627,666.6053,1.6131,5.1253,7.7515,137.1121,435.6373,658.8537,0.0063,0.0019,2e-4,0.5362,0.1635,0.017,0.5425,0.1654,0.0172,0.8887,0.3193,0.7538,1,1,1,0,7.9878,7.9878,7.9878,0
CRMS0175,Wetland: Estuarine Emergent,19.5014,225.5661,99.6337,1284.6989,37892.0709,156.0924,1380.3128,0.3593,134.3121,14.49,1,175,2,74,1536.4052,0,0.1016,0.8984,175.5938,0.8889,156.0924,1605.8789,0.8595,1380.3128,255.7261,0.6104,156.0924,0,0,0,2665.0117,0.5179,1380.3128,0.6407,884.3705,0.3318,0,884.3705,38776.4414,0.0228,884.3705,2420.7758,0.0645,0.5702,0.3653,41697.1792,0.0061,0.0639,0.93,0.1519,134.3121,0.0035,1018.6826,156.0924,495.9423,750.0584,1402.0932,0.1248,19.4824,61.9002,93.6173,0.0762,0.0232,0.0024,0.1248,0.0448,0.1059,136.61,434.0421,656.4411,1.6131,5.1253,7.7515,134.9969,428.9167,648.6896,0.0063,0.0019,2e-4,0.5279,0.1609,0.0167,0.5342,0.1629,0.0169,0.8752,0.3145,0.7423,1,1,1,0,7.012,7.012,7.012,0
CRMS0175,Wetland: Estuarine Emergent,19.5014,225.5661,99.6337,1284.6989,37892.0709,156.0924,1380.3128,0.3593,134.3121,14.49,1,201,8,92,1536.4052,0,0.1016,0.8984,175.5938,0.8889,156.0924,1605.8789,0.8595,1380.3128,255.7261,0.6104,156.0924,0,0,0,2665.0117,0.5179,1380.3128,0.6407,884.3705,0.3318,0,884.3705,38776.4414,0.0228,884.3705,2420.7758,0.0645,0.5702,0.3653,41697.1792,0.0061,0.0639,0.93,0.1519,134.3121,0.0035,1018.6826,156.0924,495.9423,750.0584,1402.0932,0.1434,22.377,71.0968,107.5262,0.0875,0.0267,0.0028,0.1434,0.0515,0.1216,133.7155,424.8455,642.5322,1.6131,5.1253,7.7515,132.1023,419.7201,634.7807,0.0063,0.0019,2e-4,0.5166,0.1575,0.0164,0.5229,0.1594,0.0166,0.8566,0.3078,0.7265,1,1,1,0,5.9756,5.9756,5.9756,0
CRMS0175,Wetland: Estuarine Emergent,19.5014,225.5661,99.6337,1284.6989,37892.0709,156.0924,1380.3128,0.3593,134.3121,14.49,1,320,5,110,1536.4052,0,0.1016,0.8984,175.5938,0.8889,156.0924,1605.8789,0.8595,1380.3128,255.7261,0.6104,156.0924,0,0,0,2665.0117,0.5179,1380.3128,0.6407,884.3705,0.3318,0,884.3705,38776.4414,0.0228,884.3705,2420.7758,0.0645,0.5702,0.3653,41697.1792,0.0061,0.0639,0.93,0.1519,134.3121,0.0035,1018.6826,156.0924,495.9423,750.0584,1402.0932,0.2282,35.625,113.189,171.186,0.1393,0.0425,0.0044,0.2282,0.082,0.1936,120.4674,382.7533,578.8724,1.6131,5.1253,7.7515,118.8543,377.6279,571.1209,0.0063,0.0019,2e-4,0.4648,0.1417,0.0147,0.4711,0.1436,0.0149,0.7718,0.2773,0.6546,1,1,1,0,3.3815,3.3815,3.3815,0
CRMS0175,Wetland: Estuarine Emergent,19.5014,225.5661,99.6337,1284.6989,37892.0709,156.0924,1380.3128,0.3593,134.3121,14.49,1,414,1,128,1536.4052,0,0.1016,0.8984,175.5938,0.8889,156.0924,1605.8789,0.8595,1380.3128,255.7261,0.6104,156.0924,0,0,0,2665.0117,0.5179,1380.3128,0.6407,884.3705,0.3318,0,884.3705,38776.4414,0.0228,884.3705,2420.7758,0.0645,0.5702,0.3653,41697.1792,0.0061,0.0639,0.93,0.1519,134.3121,0.0035,1018.6826,156.0924,495.9423,750.0584,1402.0932,0.2953,46.0899,146.4383,221.4719,0.1802,0.0549,0.0057,0.2953,0.1061,0.2504,110.0026,349.504,528.5866,1.6131,5.1253,7.7515,108.3894,344.3787,520.835,0.0063,0.0019,2e-4,0.4238,0.1292,0.0134,0.4302,0.1311,0.0136,0.7047,0.2532,0.5977,1,1,1,0,2.3867,2.3867,2.3867,0
CRMS0175,Wetland: Estuarine Emergent,19.5014,225.5661,99.6337,1284.6989,37892.0709,156.0924,1380.3128,0.3593,134.3121,14.49,1,456,3,146,1536.4052,0,0.1016,0.8984,175.5938,0.8889,156.0924,1605.8789,0.8595,1380.3128,255.7261,0.6104,156.0924,0,0,0,2665.0117,0.5179,1380.3128,0.6407,884.3705,0.3318,0,884.3705,38776.4414,0.0228,884.3705,2420.7758,0.0645,0.5702,0.3653,41697.1792,0.0061,0.0639,0.93,0.1519,134.3121,0.0035,1018.6826,156.0924,495.9423,750.0584,1402.0932,0.3252,50.7656,161.2943,243.94,0.1985,0.0605,0.0063,0.3252,0.1169,0.2758,105.3268,334.648,506.1184,1.6131,5.1253,7.7515,103.7137,329.5226,498.3669,0.0063,0.0019,2e-4,0.4056,0.1236,0.0129,0.4119,0.1256,0.0131,0.6748,0.2424,0.5723,1,1,1,0,2.0748,2.0748,2.0748,0
CRMS0211,Wetland: Palustrine Emergent,32.2195,505.1845,265.1979,1286.3314,49762.3521,401.8266,2228.0608,0.4261,198.4919,14.49,1,-22.7,1,1,2629.8874,0,0.1528,0.8472,434.0461,0.9258,401.8266,2733.2453,0.8152,2228.0608,667.0245,0.6024,401.8266,0,0,0,3514.3922,0.634,2228.0608,0.5739,1278.7702,0.3639,0,1278.7702,51041.1223,0.0251,1278.7702,3908.6576,0.1028,0.57,0.3272,55222.539,0.0121,0.0636,0.9243,0.1552,198.4919,0.0039,1477.2621,401.8266,949.2906,1080.2783,2431.3955,-0.0093,-3.7515,-8.8628,-10.0857,-0.0056,-0.0025,-2e-4,-0.0093,-0.004,-0.0079,405.5781,958.1534,1090.364,2.3947,5.6573,6.438,403.1834,952.496,1083.9261,0.0036,0.0016,1e-4,0.6045,0.271,0.0212,0.608,0.2726,0.0214,1.0093,0.43,0.8527,1,1,1,0,-108.1099,-108.1099,-108.1099,0
CRMS0211,Wetland: Palustrine Emergent,32.2195,505.1845,265.1979,1286.3314,49762.3521,401.8266,2228.0608,0.4261,198.4919,14.49,1,73,3,7,2629.8874,0,0.1528,0.8472,434.0461,0.9258,401.8266,2733.2453,0.8152,2228.0608,667.0245,0.6024,401.8266,0,0,0,3514.3922,0.634,2228.0608,0.5739,1278.7702,0.3639,0,1278.7702,51041.1223,0.0251,1278.7702,3908.6576,0.1028,0.57,0.3272,55222.539,0.0121,0.0636,0.9243,0.1552,198.4919,0.0039,1477.2621,401.8266,949.2906,1080.2783,2431.3955,0.03,12.0644,28.5014,32.4342,0.0181,0.0081,6e-4,0.03,0.0128,0.0254,389.7621,920.7892,1047.8441,2.3947,5.6573,6.438,387.3674,915.1318,1041.4062,0.0036,0.0016,1e-4,0.5807,0.2604,0.0204,0.5843,0.262,0.0205,0.97,0.4133,0.8194,1,1,1,0,32.3068,32.3068,32.3068,0
CRMS0211,Wetland: Palustrine Emergent,32.2195,505.1845,265.1979,1286.3314,49762.3521,401.8266,2228.0608,0.4261,198.4919,14.49,1,197,2,13,2629.8874,0,0.1528,0.8472,434.0461,0.9258,401.8266,2733.2453,0.8152,2228.0608,667.0245,0.6024,401.8266,0,0,0,3514.3922,0.634,2228.0608,0.5739,1278.7702,0.3639,0,1278.7702,51041.1223,0.0251,1278.7702,3908.6576,0.1028,0.57,0.3272,55222.539,0.0121,0.0636,0.9243,0.1552,198.4919,0.0039,1477.2621,401.8266,949.2906,1080.2783,2431.3955,0.081,32.5574,76.9148,87.5279,0.0488,0.0219,0.0017,0.081,0.0345,0.0684,369.2692,872.3758,992.7505,2.3947,5.6573,6.438,366.8745,866.7185,986.3125,0.0036,0.0016,1e-4,0.55,0.2466,0.0193,0.5536,0.2482,0.0195,0.919,0.3915,0.7763,1,1,1,0,11.3421,11.3421,11.3421,0
CRMS0224,Wetland: Estuarine Emergent,215.5916,463.2255,329.3042,1918.1409,45950.8201,662.5361,2440.6978,0.3669,199.4783,14.49,2,10,7,3,3103.2339,0,0.2135,0.7865,878.1277,0.7545,662.5361,2903.9233,0.8405,2440.6978,991.8403,0.668,662.5361,0,0,0,4358.8387,0.5599,2440.6978,0.6331,1545.1891,0.3545,0,1545.1891,47496.0092,0.0325,1545.1891,4648.423,0.1425,0.5251,0.3324,52846.6882,0.0188,0.0825,0.8988,0.1291,199.4783,0.0042,1744.6674,662.5361,895.5087,1345.7107,2903.7556,0.0034,2.2817,3.084,4.6344,0.0023,7e-4,1e-4,0.0034,0.0013,0.003,660.2544,892.4248,1341.0764,3.3061,4.4687,6.7152,656.9483,887.9561,1334.3611,0.0033,0.001,1e-4,0.6624,0.2037,0.0281,0.6657,0.2047,0.0282,0.9966,0.3656,0.8679,1,1,1,0,289.3756,289.3756,289.3756,0
CRMS0224,Wetland: Estuarine Emergent,215.5916,463.2255,329.3042,1918.1409,45950.8201,662.5361,2440.6978,0.3669,199.4783,14.49,2,105,9,21,3103.2339,0,0.2135,0.7865,878.1277,0.7545,662.5361,2903.9233,0.8405,2440.6978,991.8403,0.668,662.5361,0,0,0,4358.8387,0.5599,2440.6978,0.6331,1545.1891,0.3545,0,1545.1891,47496.0092,0.0325,1545.1891,4648.423,0.1425,0.5251,0.3324,52846.6882,0.0188,0.0825,0.8988,0.1291,199.4783,0.0042,1744.6674,662.5361,895.5087,1345.7107,2903.7556,0.0362,23.9574,32.3817,48.661,0.0242,0.0074,0.001,0.0362,0.0133,0.0315,638.5787,863.1271,1297.0497,3.3061,4.4687,6.7152,635.2726,858.6584,1290.3345,0.0033,0.001,1e-4,0.6405,0.197,0.0272,0.6438,0.198,0.0273,0.9638,0.3536,0.8394,1,1,1,0,26.6548,26.6548,26.6548,0
CRMS0224,Wetland: Estuarine Emergent,215.5916,463.2255,329.3042,1918.1409,45950.8201,662.5361,2440.6978,0.3669,199.4783,14.49,2,123,6,39,3103.2339,0,0.2135,0.7865,878.1277,0.7545,662.5361,2903.9233,0.8405,2440.6978,991.8403,0.668,662.5361,0,0,0,4358.8387,0.5599,2440.6978,0.6331,1545.1891,0.3545,0,1545.1891,47496.0092,0.0325,1545.1891,4648.423,0.1425,0.5251,0.3324,52846.6882,0.0188,0.0825,0.8988,0.1291,199.4783,0.0042,1744.6674,662.5361,895.5087,1345.7107,2903.7556,0.0424,28.0643,37.9328,57.0029,0.0283,0.0087,0.0012,0.0424,0.0155,0.0369,634.4718,857.5759,1288.7079,3.3061,4.4687,6.7152,631.1656,853.1073,1281.9926,0.0033,0.001,1e-4,0.6364,0.1957,0.027,0.6397,0.1967,0.0271,0.9576,0.3514,0.834,1,1,1,0,22.6078,22.6078,22.6078,0
CRMS0224,Wetland: Estuarine Emergent,215.5916,463.2255,329.3042,1918.1409,45950.8201,662.5361,2440.6978,0.3669,199.4783,14.49,2,156,4,57,3103.2339,0,0.2135,0.7865,878.1277,0.7545,662.5361,2903.9233,0.8405,2440.6978,991.8403,0.668,662.5361,0,0,0,4358.8387,0.5599,2440.6978,0.6331,1545.1891,0.3545,0,1545.1891,47496.0092,0.0325,1545.1891,4648.423,0.1425,0.5251,0.3324,52846.6882,0.0188,0.0825,0.8988,0.1291,199.4783,0.0042,1744.6674,662.5361,895.5087,1345.7107,2903.7556,0.0537,35.5938,48.1099,72.2963,0.0359,0.011,0.0015,0.0537,0.0197,0.0468,626.9423,847.3988,1273.4144,3.3061,4.4687,6.7152,623.6362,842.9302,1266.6992,0.0033,0.001,1e-4,0.6288,0.1934,0.0267,0.6321,0.1944,0.0268,0.9463,0.3472,0.8241,1,1,1,0,17.6138,17.6138,17.6138,0
CRMS0224,Wetland: Estuarine Emergent,215.5916,463.2255,329.3042,1918.1409,45950.8201,662.5361,2440.6978,0.3669,199.4783,14.49,2,175,2,75,3103.2339,0,0.2135,0.7865,878.1277,0.7545,662.5361,2903.9233,0.8405,2440.6978,991.8403,0.668,662.5361,0,0,0,4358.8387,0.5599,2440.6978,0.6331,1545.1891,0.3545,0,1545.1891,47496.0092,0.0325,1545.1891,4648.423,0.1425,0.5251,0.3324,52846.6882,0.0188,0.0825,0.8988,0.1291,199.4783,0.0042,1744.6674,662.5361,895.5087,1345.7107,2903.7556,0.0603,39.9289,53.9694,81.1017,0.0403,0.0124,0.0017,0.0603,0.0221,0.0525,622.6072,841.5393,1264.6091,3.3061,4.4687,6.7152,619.3011,837.0706,1257.8939,0.0033,0.001,1e-4,0.6244,0.192,0.0265,0.6277,0.1931,0.0266,0.9397,0.3448,0.8184,1,1,1,0,15.5929,15.5929,15.5929,0
CRMS0224,Wetland: Estuarine Emergent,215.5916,463.2255,329.3042,1918.1409,45950.8201,662.5361,2440.6978,0.3669,199.4783,14.49,2,201,8,93,3103.2339,0,0.2135,0.7865,878.1277,0.7545,662.5361,2903.9233,0.8405,2440.6978,991.8403,0.668,662.5361,0,0,0,4358.8387,0.5599,2440.6978,0.6331,1545.1891,0.3545,0,1545.1891,47496.0092,0.0325,1545.1891,4648.423,0.1425,0.5251,0.3324,52846.6882,0.0188,0.0825,0.8988,0.1291,199.4783,0.0042,1744.6674,662.5361,895.5087,1345.7107,2903.7556,0.0692,45.8612,61.9877,93.151,0.0462,0.0142,0.002,0.0692,0.0254,0.0603,616.6749,833.521,1252.5597,3.3061,4.4687,6.7152,613.3688,829.0523,1245.8445,0.0033,0.001,1e-4,0.6184,0.1902,0.0262,0.6217,0.1912,0.0264,0.9308,0.3415,0.8106,1,1,1,0,13.4465,13.4465,13.4465,0
CRMS0224,Wetland: Estuarine Emergent,215.5916,463.2255,329.3042,1918.1409,45950.8201,662.5361,2440.6978,0.3669,199.4783,14.49,2,320,5,111,3103.2339,0,0.2135,0.7865,878.1277,0.7545,662.5361,2903.9233,0.8405,2440.6978,991.8403,0.668,662.5361,0,0,0,4358.8387,0.5599,2440.6978,0.6331,1545.1891,0.3545,0,1545.1891,47496.0092,0.0325,1545.1891,4648.423,0.1425,0.5251,0.3324,52846.6882,0.0188,0.0825,0.8988,0.1291,199.4783,0.0042,1744.6674,662.5361,895.5087,1345.7107,2903.7556,0.1102,73.0129,98.687,148.3002,0.0736,0.0226,0.0031,0.1102,0.0404,0.096,589.5232,796.8218,1197.4106,3.3061,4.4687,6.7152,586.2171,792.3531,1190.6953,0.0033,0.001,1e-4,0.591,0.1818,0.0251,0.5944,0.1828,0.0252,0.8898,0.3265,0.7749,1,1,1,0,8.0742,8.0742,8.0742,0
CRMS0224,Wetland: Estuarine Emergent,215.5916,463.2255,329.3042,1918.1409,45950.8201,662.5361,2440.6978,0.3669,199.4783,14.49,2,414,1,129,3103.2339,0,0.2135,0.7865,878.1277,0.7545,662.5361,2903.9233,0.8405,2440.6978,991.8403,0.668,662.5361,0,0,0,4358.8387,0.5599,2440.6978,0.6331,1545.1891,0.3545,0,1545.1891,47496.0092,0.0325,1545.1891,4648.423,0.1425,0.5251,0.3324,52846.6882,0.0188,0.0825,0.8988,0.1291,199.4783,0.0042,1744.6674,662.5361,895.5087,1345.7107,2903.7556,0.1426,94.4604,127.6762,191.8633,0.0952,0.0293,0.004,0.1426,0.0523,0.1242,568.0757,767.8325,1153.8474,3.3061,4.4687,6.7152,564.7696,763.3638,1147.1322,0.0033,0.001,1e-4,0.5694,0.1751,0.0242,0.5727,0.1762,0.0243,0.8574,0.3146,0.7467,1,1,1,0,6.0139,6.0139,6.0139,0
CRMS0224,Wetland: Estuarine Emergent,215.5916,463.2255,329.3042,1918.1409,45950.8201,662.5361,2440.6978,0.3669,199.4783,14.49,2,456,3,147,3103.2339,0,0.2135,0.7865,878.1277,0.7545,662.5361,2903.9233,0.8405,2440.6978,991.8403,0.668,662.5361,0,0,0,4358.8387,0.5599,2440.6978,0.6331,1545.1891,0.3545,0,1545.1891,47496.0092,0.0325,1545.1891,4648.423,0.1425,0.5251,0.3324,52846.6882,0.0188,0.0825,0.8988,0.1291,199.4783,0.0042,1744.6674,662.5361,895.5087,1345.7107,2903.7556,0.157,104.0433,140.6289,211.3277,0.1049,0.0323,0.0044,0.157,0.0576,0.1368,558.4927,754.8798,1134.383,3.3061,4.4687,6.7152,555.1866,750.4112,1127.6678,0.0033,0.001,1e-4,0.5598,0.1722,0.0237,0.5631,0.1732,0.0239,0.843,0.3093,0.7341,1,1,1,0,5.3679,5.3679,5.3679,0
CRMS0225,Wetland: Estuarine Emergent,39.846,419.3216,194.2173,1785.8784,62630.0595,441.2509,2085.7215,0.4566,245.763,14.49,14,10,7,4,2526.9724,0,0.1746,0.8254,481.0969,0.9172,441.2509,2505.043,0.8326,2085.7215,635.4682,0.6944,441.2509,0,0,0,3871.5999,0.5387,2085.7215,0.5434,1133.287,0.2927,0,1133.287,63763.3465,0.0178,1133.287,3660.2593,0.1206,0.5698,0.3096,68270.4145,0.0093,0.0567,0.934,0.2169,245.763,0.0039,1379.05,441.2509,952.4345,887.524,2281.2094,0.0044,1.9343,4.1751,3.8906,0.003,0.0011,1e-4,0.0044,0.002,0.0034,439.3166,948.2594,883.6334,2.8028,6.0498,5.6375,436.5138,942.2096,877.9959,0.0044,0.0016,1e-4,0.6869,0.2434,0.0138,0.6913,0.2449,0.0139,0.9956,0.4546,0.7797,1,1,1,0,227.1209,227.1209,227.1209,0
CRMS0225,Wetland: Estuarine Emergent,39.846,419.3216,194.2173,1785.8784,62630.0595,441.2509,2085.7215,0.4566,245.763,14.49,14,105,9,22,2526.9724,0,0.1746,0.8254,481.0969,0.9172,441.2509,2505.043,0.8326,2085.7215,635.4682,0.6944,441.2509,0,0,0,3871.5999,0.5387,2085.7215,0.5434,1133.287,0.2927,0,1133.287,63763.3465,0.0178,1133.287,3660.2593,0.1206,0.5698,0.3096,68270.4145,0.0093,0.0567,0.934,0.2169,245.763,0.0039,1379.05,441.2509,952.4345,887.524,2281.2094,0.046,20.31,43.8389,40.8511,0.032,0.0113,6e-4,0.046,0.021,0.036,420.9409,908.5956,846.6728,2.8028,6.0498,5.6375,418.1381,902.5459,841.0354,0.0044,0.0016,1e-4,0.658,0.2331,0.0132,0.6624,0.2347,0.0133,0.954,0.4356,0.7471,1,1,1,0,20.7258,20.7258,20.7258,0
CRMS0225,Wetland: Estuarine Emergent,39.846,419.3216,194.2173,1785.8784,62630.0595,441.2509,2085.7215,0.4566,245.763,14.49,14,123,6,40,2526.9724,0,0.1746,0.8254,481.0969,0.9172,441.2509,2505.043,0.8326,2085.7215,635.4682,0.6944,441.2509,0,0,0,3871.5999,0.5387,2085.7215,0.5434,1133.287,0.2927,0,1133.287,63763.3465,0.0178,1133.287,3660.2593,0.1206,0.5698,0.3096,68270.4145,0.0093,0.0567,0.934,0.2169,245.763,0.0039,1379.05,441.2509,952.4345,887.524,2281.2094,0.053900000000000003,23.7917,51.3541,47.8542,0.0374,0.0133,8e-4,0.053900000000000003,0.0246,0.0422,417.4592,901.0804,839.6698,2.8028,6.0498,5.6375,414.6564,895.0306,834.0323,0.0044,0.0016,1e-4,0.6525,0.2312,0.0131,0.6569,0.2327,0.0132,0.9461,0.432,0.7409,1,1,1,0,17.5464,17.5464,17.5464,0
CRMS0225,Wetland: Estuarine Emergent,39.846,419.3216,194.2173,1785.8784,62630.0595,441.2509,2085.7215,0.4566,245.763,14.49,14,156,4,58,2526.9724,0,0.1746,0.8254,481.0969,0.9172,441.2509,2505.043,0.8326,2085.7215,635.4682,0.6944,441.2509,0,0,0,3871.5999,0.5387,2085.7215,0.5434,1133.287,0.2927,0,1133.287,63763.3465,0.0178,1133.287,3660.2593,0.1206,0.5698,0.3096,68270.4145,0.0093,0.0567,0.934,0.2169,245.763,0.0039,1379.05,441.2509,952.4345,887.524,2281.2094,0.0684,30.1748,65.132,60.6931,0.0475,0.0168,0.001,0.0684,0.0312,0.0536,411.0761,887.3025,826.8308,2.8028,6.0498,5.6375,408.2733,881.2527,821.1934,0.0044,0.0016,1e-4,0.6425,0.2276,0.0129,0.6469,0.2292,0.013,0.9316,0.4254,0.7296,1,1,1,0,13.6231,13.6231,13.6231,0
CRMS0225,Wetland: Estuarine Emergent,39.846,419.3216,194.2173,1785.8784,62630.0595,441.2509,2085.7215,0.4566,245.763,14.49,14,175,2,76,2526.9724,0,0.1746,0.8254,481.0969,0.9172,441.2509,2505.043,0.8326,2085.7215,635.4682,0.6944,441.2509,0,0,0,3871.5999,0.5387,2085.7215,0.5434,1133.287,0.2927,0,1133.287,63763.3465,0.0178,1133.287,3660.2593,0.1206,0.5698,0.3096,68270.4145,0.0093,0.0567,0.934,0.2169,245.763,0.0039,1379.05,441.2509,952.4345,887.524,2281.2094,0.0767,33.85,73.0648,68.0852,0.0533,0.0189,0.0011,0.0767,0.035,0.0601,407.4009,879.3697,819.4387,2.8028,6.0498,5.6375,404.5981,873.3199,813.8013,0.0044,0.0016,1e-4,0.6367,0.2256,0.0128,0.6411,0.2271,0.0129,0.9233,0.4216,0.7231,1,1,1,0,12.0355,12.0355,12.0355,0
CRMS0225,Wetland: Estuarine Emergent,39.846,419.3216,194.2173,1785.8784,62630.0595,441.2509,2085.7215,0.4566,245.763,14.49,14,201,8,94,2526.9724,0,0.1746,0.8254,481.0969,0.9172,441.2509,2505.043,0.8326,2085.7215,635.4682,0.6944,441.2509,0,0,0,3871.5999,0.5387,2085.7215,0.5434,1133.287,0.2927,0,1133.287,63763.3465,0.0178,1133.287,3660.2593,0.1206,0.5698,0.3096,68270.4145,0.0093,0.0567,0.934,0.2169,245.763,0.0039,1379.05,441.2509,952.4345,887.524,2281.2094,0.0881,38.8791,83.9201,78.2008,0.0612,0.0217,0.0012,0.0881,0.0402,0.069,402.3718,868.5144,809.3232,2.8028,6.0498,5.6375,399.569,862.4646,803.6857,0.0044,0.0016,1e-4,0.6288,0.2228,0.0126,0.6332,0.2243,0.0127,0.9119,0.4164,0.7141,1,1,1,0,10.3493,10.3493,10.3493,0
CRMS0225,Wetland: Estuarine Emergent,39.846,419.3216,194.2173,1785.8784,62630.0595,441.2509,2085.7215,0.4566,245.763,14.49,14,320,5,112,2526.9724,0,0.1746,0.8254,481.0969,0.9172,441.2509,2505.043,0.8326,2085.7215,635.4682,0.6944,441.2509,0,0,0,3871.5999,0.5387,2085.7215,0.5434,1133.287,0.2927,0,1133.287,63763.3465,0.0178,1133.287,3660.2593,0.1206,0.5698,0.3096,68270.4145,0.0093,0.0567,0.934,0.2169,245.763,0.0039,1379.05,441.2509,952.4345,887.524,2281.2094,0.1403,61.8971,133.6041,124.4987,0.0974,0.0345,0.002,0.1403,0.0641,0.1099,379.3538,818.8303,763.0252,2.8028,6.0498,5.6375,376.551,812.7806,757.3878,0.0044,0.0016,1e-4,0.5926,0.2099,0.0119,0.597,0.2115,0.012,0.8597,0.3926,0.6733,1,1,1,0,6.1288,6.1288,6.1288,0
CRMS0225,Wetland: Estuarine Emergent,39.846,419.3216,194.2173,1785.8784,62630.0595,441.2509,2085.7215,0.4566,245.763,14.49,14,414,1,130,2526.9724,0,0.1746,0.8254,481.0969,0.9172,441.2509,2505.043,0.8326,2085.7215,635.4682,0.6944,441.2509,0,0,0,3871.5999,0.5387,2085.7215,0.5434,1133.287,0.2927,0,1133.287,63763.3465,0.0178,1133.287,3660.2593,0.1206,0.5698,0.3096,68270.4145,0.0093,0.0567,0.934,0.2169,245.763,0.0039,1379.05,441.2509,952.4345,887.524,2281.2094,0.1815,80.0794,172.8504,161.0702,0.126,0.0446,0.0025,0.1815,0.0829,0.1421,361.1715,779.5841,726.4537,2.8028,6.0498,5.6375,358.3687,773.5344,720.8163,0.0044,0.0016,1e-4,0.5639,0.1998,0.0113,0.5684,0.2014,0.0114,0.8185,0.3738,0.641,1,1,1,0,4.5102,4.5102,4.5102,0
CRMS0225,Wetland: Estuarine Emergent,39.846,419.3216,194.2173,1785.8784,62630.0595,441.2509,2085.7215,0.4566,245.763,14.49,14,456,3,148,2526.9724,0,0.1746,0.8254,481.0969,0.9172,441.2509,2505.043,0.8326,2085.7215,635.4682,0.6944,441.2509,0,0,0,3871.5999,0.5387,2085.7215,0.5434,1133.287,0.2927,0,1133.287,63763.3465,0.0178,1133.287,3660.2593,0.1206,0.5698,0.3096,68270.4145,0.0093,0.0567,0.934,0.2169,245.763,0.0039,1379.05,441.2509,952.4345,887.524,2281.2094,0.1999,88.2034,190.3859,177.4107,0.1388,0.0492,0.0028,0.1999,0.0913,0.1565,353.0475,762.0486,710.1133,2.8028,6.0498,5.6375,350.2447,755.9988,704.4758,0.0044,0.0016,1e-4,0.5512,0.1953,0.011,0.5556,0.1968,0.0111,0.8001,0.3654,0.6266,1,1,1,0,4.0027,4.0027,4.0027,0
CRMS0237,Wetland: Estuarine Emergent,135.8578,684.7753,253.6529,1533.1645,35093.9149,436.4609,1934.8596,0.2846,123.0184,14.49,3,10,7,5,2371.3205,0,0.1841,0.8159,572.3187,0.7626,436.4609,2619.635,0.7386,1934.8596,690.1138,0.6324,436.4609,0,0,0,3468.0241,0.5579,1934.8596,0.7154,1384.1637,0.3991,0,1384.1637,36478.0786,0.0379,1384.1637,3755.4842,0.1162,0.5152,0.3686,40636.2166,0.017,0.0853,0.8977,0.0889,123.0184,0.0034,1507.1821,436.4609,550.6959,1261.1454,2248.3021,0.0044,1.9413,2.4494,5.6093,0.0028,7e-4,2e-4,0.0044,0.0013,0.0041,434.5196,548.2465,1255.536,2.8129,3.5492,8.1279,431.7066,544.6973,1247.4081,0.0041,0.001,2e-4,0.6256,0.1571,0.0342,0.6296,0.1581,0.0344,0.9956,0.2834,0.9071,1,1,1,-0,223.8302,223.8302,223.8302,0
CRMS0237,Wetland: Estuarine Emergent,135.8578,684.7753,253.6529,1533.1645,35093.9149,436.4609,1934.8596,0.2846,123.0184,14.49,3,105,9,23,2371.3205,0,0.1841,0.8159,572.3187,0.7626,436.4609,2619.635,0.7386,1934.8596,690.1138,0.6324,436.4609,0,0,0,3468.0241,0.5579,1934.8596,0.7154,1384.1637,0.3991,0,1384.1637,36478.0786,0.0379,1384.1637,3755.4842,0.1162,0.5152,0.3686,40636.2166,0.017,0.0853,0.8977,0.0889,123.0184,0.0034,1507.1821,436.4609,550.6959,1261.1454,2248.3021,0.0467,20.3836,25.7185,58.8979,0.0295,0.0074,0.0016,0.0467,0.0133,0.0426,416.0773,524.9773,1202.2475,2.8129,3.5492,8.1279,413.2644,521.4282,1194.1195,0.0041,0.001,2e-4,0.5988,0.1504,0.0327,0.6029,0.1514,0.033,0.9533,0.2713,0.8686,1,1,1,-0,20.4124,20.4124,20.4124,0
CRMS0237,Wetland: Estuarine Emergent,135.8578,684.7753,253.6529,1533.1645,35093.9149,436.4609,1934.8596,0.2846,123.0184,14.49,3,123,6,41,2371.3205,0,0.1841,0.8159,572.3187,0.7626,436.4609,2619.635,0.7386,1934.8596,690.1138,0.6324,436.4609,0,0,0,3468.0241,0.5579,1934.8596,0.7154,1384.1637,0.3991,0,1384.1637,36478.0786,0.0379,1384.1637,3755.4842,0.1162,0.5152,0.3686,40636.2166,0.017,0.0853,0.8977,0.0889,123.0184,0.0034,1507.1821,436.4609,550.6959,1261.1454,2248.3021,0.0547,23.8779,30.1274,68.9947,0.0346,0.0087,0.0019,0.0547,0.0156,0.0498,412.583,520.5684,1192.1507,2.8129,3.5492,8.1279,409.77,517.0193,1184.0228,0.0041,0.001,2e-4,0.5938,0.1491,0.0325,0.5978,0.1501,0.0327,0.9453,0.269,0.8613,1,1,1,-0,17.2789,17.2789,17.2789,0
CRMS0237,Wetland: Estuarine Emergent,135.8578,684.7753,253.6529,1533.1645,35093.9149,436.4609,1934.8596,0.2846,123.0184,14.49,3,156,4,59,2371.3205,0,0.1841,0.8159,572.3187,0.7626,436.4609,2619.635,0.7386,1934.8596,690.1138,0.6324,436.4609,0,0,0,3468.0241,0.5579,1934.8596,0.7154,1384.1637,0.3991,0,1384.1637,36478.0786,0.0379,1384.1637,3755.4842,0.1162,0.5152,0.3686,40636.2166,0.017,0.0853,0.8977,0.0889,123.0184,0.0034,1507.1821,436.4609,550.6959,1261.1454,2248.3021,0.0694,30.2841,38.2104,87.5054,0.0439,0.011,0.0024,0.0694,0.0197,0.0632,406.1767,512.4855,1173.6399,2.8129,3.5492,8.1279,403.3638,508.9363,1165.512,0.0041,0.001,2e-4,0.5845,0.1468,0.032,0.5886,0.1478,0.0322,0.9306,0.2649,0.8479,1,1,1,-0,13.4122,13.4122,13.4122,0
CRMS0237,Wetland: Estuarine Emergent,135.8578,684.7753,253.6529,1533.1645,35093.9149,436.4609,1934.8596,0.2846,123.0184,14.49,3,175,2,77,2371.3205,0,0.1841,0.8159,572.3187,0.7626,436.4609,2619.635,0.7386,1934.8596,690.1138,0.6324,436.4609,0,0,0,3468.0241,0.5579,1934.8596,0.7154,1384.1637,0.3991,0,1384.1637,36478.0786,0.0379,1384.1637,3755.4842,0.1162,0.5152,0.3686,40636.2166,0.017,0.0853,0.8977,0.0889,123.0184,0.0034,1507.1821,436.4609,550.6959,1261.1454,2248.3021,0.0778,33.9726,42.8642,98.1632,0.0492,0.0124,0.0027,0.0778,0.0222,0.0709,402.4883,507.8316,1162.9822,2.8129,3.5492,8.1279,399.6753,504.2825,1154.8543,0.0041,0.001,2e-4,0.5791,0.1454,0.0317,0.5832,0.1464,0.0319,0.9222,0.2625,0.8402,1,1,1,-0,11.8474,11.8474,11.8474,0
CRMS0237,Wetland: Estuarine Emergent,135.8578,684.7753,253.6529,1533.1645,35093.9149,436.4609,1934.8596,0.2846,123.0184,14.49,3,201,8,95,2371.3205,0,0.1841,0.8159,572.3187,0.7626,436.4609,2619.635,0.7386,1934.8596,690.1138,0.6324,436.4609,0,0,0,3468.0241,0.5579,1934.8596,0.7154,1384.1637,0.3991,0,1384.1637,36478.0786,0.0379,1384.1637,3755.4842,0.1162,0.5152,0.3686,40636.2166,0.017,0.0853,0.8977,0.0889,123.0184,0.0034,1507.1821,436.4609,550.6959,1261.1454,2248.3021,0.0894,39.0199,49.2327,112.7474,0.0565,0.0142,0.0031,0.0894,0.0254,0.0815,397.4409,501.4632,1148.398,2.8129,3.5492,8.1279,394.628,497.9141,1140.27,0.0041,0.001,2e-4,0.5718,0.1436,0.0313,0.5759,0.1446,0.0315,0.9106,0.2592,0.8297,1,1,1,-0,10.1856,10.1856,10.1856,0
CRMS0237,Wetland: Estuarine Emergent,135.8578,684.7753,253.6529,1533.1645,35093.9149,436.4609,1934.8596,0.2846,123.0184,14.49,3,320,5,113,2371.3205,0,0.1841,0.8159,572.3187,0.7626,436.4609,2619.635,0.7386,1934.8596,690.1138,0.6324,436.4609,0,0,0,3468.0241,0.5579,1934.8596,0.7154,1384.1637,0.3991,0,1384.1637,36478.0786,0.0379,1384.1637,3755.4842,0.1162,0.5152,0.3686,40636.2166,0.017,0.0853,0.8977,0.0889,123.0184,0.0034,1507.1821,436.4609,550.6959,1261.1454,2248.3021,0.1423,62.1213,78.3803,179.4983,0.09,0.0226,0.0049,0.1423,0.0405,0.1297,374.3395,472.3155,1081.647,2.8129,3.5492,8.1279,371.5266,468.7664,1073.5191,0.0041,0.001,2e-4,0.5384,0.1352,0.0294,0.5424,0.1362,0.0297,0.8577,0.2441,0.7814,1,1,1,-0,6.0259,6.0259,6.0259,0
CRMS0237,Wetland: Estuarine Emergent,135.8578,684.7753,253.6529,1533.1645,35093.9149,436.4609,1934.8596,0.2846,123.0184,14.49,3,414,1,131,2371.3205,0,0.1841,0.8159,572.3187,0.7626,436.4609,2619.635,0.7386,1934.8596,690.1138,0.6324,436.4609,0,0,0,3468.0241,0.5579,1934.8596,0.7154,1384.1637,0.3991,0,1384.1637,36478.0786,0.0379,1384.1637,3755.4842,0.1162,0.5152,0.3686,40636.2166,0.017,0.0853,0.8977,0.0889,123.0184,0.0034,1507.1821,436.4609,550.6959,1261.1454,2248.3021,0.1841,80.3694,101.4046,232.226,0.1165,0.0292,0.0064,0.1841,0.0524,0.1678,356.0914,449.2913,1028.9194,2.8129,3.5492,8.1279,353.2785,445.7422,1020.7915,0.0041,0.001,2e-4,0.5119,0.1285,0.028,0.516,0.1296,0.0282,0.8159,0.2322,0.7434,1,1,1,-0,4.4307,4.4307,4.4307,0
CRMS0237,Wetland: Estuarine Emergent,135.8578,684.7753,253.6529,1533.1645,35093.9149,436.4609,1934.8596,0.2846,123.0184,14.49,3,456,3,149,2371.3205,0,0.1841,0.8159,572.3187,0.7626,436.4609,2619.635,0.7386,1934.8596,690.1138,0.6324,436.4609,0,0,0,3468.0241,0.5579,1934.8596,0.7154,1384.1637,0.3991,0,1384.1637,36478.0786,0.0379,1384.1637,3755.4842,0.1162,0.5152,0.3686,40636.2166,0.017,0.0853,0.8977,0.0889,123.0184,0.0034,1507.1821,436.4609,550.6959,1261.1454,2248.3021,0.2028,88.5229,111.692,255.7851,0.1283,0.0322,0.007,0.2028,0.0577,0.1848,347.938,439.0039,1005.3602,2.8129,3.5492,8.1279,345.1251,435.4547,997.2323,0.0041,0.001,2e-4,0.5001,0.1256,0.0273,0.5042,0.1266,0.0276,0.7972,0.2269,0.7263,1,1,1,-0,3.9305,3.9305,3.9305,0
CRMS0253,Wetland: Estuarine Emergent,45.2673,257.1885,309.102,1585.2967,47736.9369,533.0031,2179.3985,0.5144,345.3034,14.49,4,10,7,6,2712.4016,0,0.1965,0.8035,578.2703,0.9217,533.0031,2436.587,0.8944,2179.3985,842.1051,0.6329,533.0031,0,0,0,3764.6952,0.5789,2179.3985,0.4856,1058.2745,0.2811,0,1058.2745,48795.2114,0.0217,1058.2745,3770.6761,0.1414,0.578,0.2807,53402.0117,0.0158,0.0705,0.9137,0.3263,345.3034,0.0071,1403.5778,533.0031,1121.1241,712.9711,2367.0983,0.0042,2.2517,4.7363,3.012,0.0027,0.0013,1e-4,0.0042,0.0022,0.0028,530.7514,1116.3878,709.9591,3.2627,6.8629,4.3644,527.4886,1109.5249,705.5947,0.0039,0.0018,1e-4,0.6264,0.2947,0.0145,0.6303,0.2965,0.0145,0.9958,0.5122,0.6709,1,1,1,0,235.7098,235.7098,235.7098,0
CRMS0253,Wetland: Estuarine Emergent,45.2673,257.1885,309.102,1585.2967,47736.9369,533.0031,2179.3985,0.5144,345.3034,14.49,4,105,9,24,2712.4016,0,0.1965,0.8035,578.2703,0.9217,533.0031,2436.587,0.8944,2179.3985,842.1051,0.6329,533.0031,0,0,0,3764.6952,0.5789,2179.3985,0.4856,1058.2745,0.2811,0,1058.2745,48795.2114,0.0217,1058.2745,3770.6761,0.1414,0.578,0.2807,53402.0117,0.0158,0.0705,0.9137,0.3263,345.3034,0.0071,1403.5778,533.0031,1121.1241,712.9711,2367.0983,0.0444,23.643,49.7309,31.626,0.0281,0.0132,6e-4,0.0444,0.0228,0.0299,509.3601,1071.3931,681.3451,3.2627,6.8629,4.3644,506.0973,1064.5303,676.9807,0.0039,0.0018,1e-4,0.601,0.2828,0.0139,0.6049,0.2846,0.014,0.9556,0.4916,0.6438,1,1,1,0,21.5438,21.5438,21.5438,0
CRMS0253,Wetland: Estuarine Emergent,45.2673,257.1885,309.102,1585.2967,47736.9369,533.0031,2179.3985,0.5144,345.3034,14.49,4,123,6,42,2712.4016,0,0.1965,0.8035,578.2703,0.9217,533.0031,2436.587,0.8944,2179.3985,842.1051,0.6329,533.0031,0,0,0,3764.6952,0.5789,2179.3985,0.4856,1058.2745,0.2811,0,1058.2745,48795.2114,0.0217,1058.2745,3770.6761,0.1414,0.578,0.2807,53402.0117,0.0158,0.0705,0.9137,0.3263,345.3034,0.0071,1403.5778,533.0031,1121.1241,712.9711,2367.0983,0.052,27.6961,58.2562,37.0477,0.0329,0.0155,8e-4,0.052,0.0267,0.035,505.307,1062.8678,675.9235,3.2627,6.8629,4.3644,502.0442,1056.0049,671.5591,0.0039,0.0018,1e-4,0.5962,0.2805,0.0138,0.6001,0.2823,0.0139,0.948,0.4877,0.6387,1,1,1,0,18.2447,18.2447,18.2447,0
CRMS0253,Wetland: Estuarine Emergent,45.2673,257.1885,309.102,1585.2967,47736.9369,533.0031,2179.3985,0.5144,345.3034,14.49,4,156,4,60,2712.4016,0,0.1965,0.8035,578.2703,0.9217,533.0031,2436.587,0.8944,2179.3985,842.1051,0.6329,533.0031,0,0,0,3764.6952,0.5789,2179.3985,0.4856,1058.2745,0.2811,0,1058.2745,48795.2114,0.0217,1058.2745,3770.6761,0.1414,0.578,0.2807,53402.0117,0.0158,0.0705,0.9137,0.3263,345.3034,0.0071,1403.5778,533.0031,1121.1241,712.9711,2367.0983,0.0659,35.1268,73.886,46.9873,0.0417,0.0196,0.001,0.0659,0.0339,0.0444,497.8763,1047.2381,665.9838,3.2627,6.8629,4.3644,494.6136,1040.3752,661.6195,0.0039,0.0018,1e-4,0.5874,0.2764,0.0136,0.5912,0.2782,0.0136,0.9341,0.4805,0.6293,1,1,1,0,14.1737,14.1737,14.1737,0
CRMS0253,Wetland: Estuarine Emergent,45.2673,257.1885,309.102,1585.2967,47736.9369,533.0031,2179.3985,0.5144,345.3034,14.49,4,175,2,78,2712.4016,0,0.1965,0.8035,578.2703,0.9217,533.0031,2436.587,0.8944,2179.3985,842.1051,0.6329,533.0031,0,0,0,3764.6952,0.5789,2179.3985,0.4856,1058.2745,0.2811,0,1058.2745,48795.2114,0.0217,1058.2745,3770.6761,0.1414,0.578,0.2807,53402.0117,0.0158,0.0705,0.9137,0.3263,345.3034,0.0071,1403.5778,533.0031,1121.1241,712.9711,2367.0983,0.0739,39.405,82.8849,52.7101,0.0468,0.022,0.0011,0.0739,0.038,0.0498,493.5981,1038.2392,660.261,3.2627,6.8629,4.3644,490.3353,1031.3763,655.8966,0.0039,0.0018,1e-4,0.5823,0.274,0.0134,0.5861,0.2758,0.0135,0.9261,0.4764,0.6239,1,1,1,0,12.5263,12.5263,12.5263,0
CRMS0253,Wetland: Estuarine Emergent,45.2673,257.1885,309.102,1585.2967,47736.9369,533.0031,2179.3985,0.5144,345.3034,14.49,4,201,8,96,2712.4016,0,0.1965,0.8035,578.2703,0.9217,533.0031,2436.587,0.8944,2179.3985,842.1051,0.6329,533.0031,0,0,0,3764.6952,0.5789,2179.3985,0.4856,1058.2745,0.2811,0,1058.2745,48795.2114,0.0217,1058.2745,3770.6761,0.1414,0.578,0.2807,53402.0117,0.0158,0.0705,0.9137,0.3263,345.3034,0.0071,1403.5778,533.0031,1121.1241,712.9711,2367.0983,0.0849,45.2595,95.1992,60.5413,0.0537,0.0253,0.0012,0.0849,0.0437,0.0572,487.7436,1025.9248,652.4298,3.2627,6.8629,4.3644,484.4809,1019.062,648.0654,0.0039,0.0018,1e-4,0.5753,0.2707,0.0133,0.5792,0.2725,0.0134,0.9151,0.4707,0.6165,1,1,1,0,10.7766,10.7766,10.7766,0
CRMS0253,Wetland: Estuarine Emergent,45.2673,257.1885,309.102,1585.2967,47736.9369,533.0031,2179.3985,0.5144,345.3034,14.49,4,320,5,114,2712.4016,0,0.1965,0.8035,578.2703,0.9217,533.0031,2436.587,0.8944,2179.3985,842.1051,0.6329,533.0031,0,0,0,3764.6952,0.5789,2179.3985,0.4856,1058.2745,0.2811,0,1058.2745,48795.2114,0.0217,1058.2745,3770.6761,0.1414,0.578,0.2807,53402.0117,0.0158,0.0705,0.9137,0.3263,345.3034,0.0071,1403.5778,533.0031,1121.1241,712.9711,2367.0983,0.1352,72.0549,151.561,96.3842,0.0856,0.0403,0.002,0.1352,0.0695,0.0911,460.9482,969.5631,616.587,3.2627,6.8629,4.3644,457.6855,962.7002,612.22260000000006,0.0039,0.0018,1e-4,0.5435,0.2557,0.0125,0.5474,0.2575,0.0126,0.8648,0.4449,0.5826,1,1,1,0,6.3972,6.3972,6.3972,0
CRMS0253,Wetland: Estuarine Emergent,45.2673,257.1885,309.102,1585.2967,47736.9369,533.0031,2179.3985,0.5144,345.3034,14.49,4,414,1,132,2712.4016,0,0.1965,0.8035,578.2703,0.9217,533.0031,2436.587,0.8944,2179.3985,842.1051,0.6329,533.0031,0,0,0,3764.6952,0.5789,2179.3985,0.4856,1058.2745,0.2811,0,1058.2745,48795.2114,0.0217,1058.2745,3770.6761,0.1414,0.578,0.2807,53402.0117,0.0158,0.0705,0.9137,0.3263,345.3034,0.0071,1403.5778,533.0031,1121.1241,712.9711,2367.0983,0.1749,93.221,196.082,124.697,0.1107,0.0521,0.0026,0.1749,0.09,0.1178,439.7821,925.0421,588.2741,3.2627,6.8629,4.3644,436.5193,918.1792,583.9097,0.0039,0.0018,1e-4,0.5184,0.2439,0.012,0.5222,0.2457,0.0121,0.8251,0.4244,0.5559,1,1,1,0,4.7176,4.7176,4.7176,0
CRMS0253,Wetland: Estuarine Emergent,45.2673,257.1885,309.102,1585.2967,47736.9369,533.0031,2179.3985,0.5144,345.3034,14.49,4,456,3,150,2712.4016,0,0.1965,0.8035,578.2703,0.9217,533.0031,2436.587,0.8944,2179.3985,842.1051,0.6329,533.0031,0,0,0,3764.6952,0.5789,2179.3985,0.4856,1058.2745,0.2811,0,1058.2745,48795.2114,0.0217,1058.2745,3770.6761,0.1414,0.578,0.2807,53402.0117,0.0158,0.0705,0.9137,0.3263,345.3034,0.0071,1403.5778,533.0031,1121.1241,712.9711,2367.0983,0.1926,102.6782,215.9744,137.3474,0.1219,0.0574,0.0028,0.1926,0.0991,0.1298,430.3249,905.1497,575.6237,3.2627,6.8629,4.3644,427.0621,898.2868,571.2593,0.0039,0.0018,1e-4,0.5071,0.2386,0.0117,0.511,0.2404,0.0118,0.8074,0.4153,0.5439,1,1,1,0,4.191,4.191,4.191,0
CRMS0273,Wetland: Palustrine Emergent,32.2037,491.5352,388.2532,1371.7894,56445.2232,287.1126,2784.4616,0.319,226.7551,14.49,2,-22.7,1,2,3071.5743,0,0.0935,0.9065,319.3163,0.8991,287.1126,3275.9968,0.85,2784.4616,675.3659,0.4251,287.1126,0,0,0,4156.251,0.6699,2784.4616,0.681,1896.2447,0.4562,0,1896.2447,58341.4679,0.0325,1896.2447,4967.819,0.0578,0.5605,0.3817,63173.0848,0.0107,0.0658,0.9235,0.1196,226.7551,0.0039,2122.9998,287.1126,888.2169,1669.4896,2844.8192,-0.008,-2.291,-7.0875,-13.3216,-0.0034,-0.0017,-2e-4,-0.008,-0.0025,-0.007,289.4036,895.3044,1682.8112,1.4624,4.5241,8.5035,287.9412,890.7803,1674.3077,0.0022,0.0011,1e-4,0.4263,0.2143,0.0287,0.4285,0.2154,0.0288,1.008,0.3215,0.8874,1,1,1,0,-126.3224,-126.3224,-126.3224,0
CRMS0273,Wetland: Palustrine Emergent,32.2037,491.5352,388.2532,1371.7894,56445.2232,287.1126,2784.4616,0.319,226.7551,14.49,2,73,3,8,3071.5743,0,0.0935,0.9065,319.3163,0.8991,287.1126,3275.9968,0.85,2784.4616,675.3659,0.4251,287.1126,0,0,0,4156.251,0.6699,2784.4616,0.681,1896.2447,0.4562,0,1896.2447,58341.4679,0.0325,1896.2447,4967.819,0.0578,0.5605,0.3817,63173.0848,0.0107,0.0658,0.9235,0.1196,226.7551,0.0039,2122.9998,287.1126,888.2169,1669.4896,2844.8192,0.0257,7.3675,22.7923,42.8402,0.0109,0.0055,7e-4,0.0257,0.0082,0.0226,279.7451,865.4247,1626.6494,1.4624,4.5241,8.5035,278.2827,860.9006,1618.1459,0.0022,0.0011,1e-4,0.412,0.2071,0.0277,0.4142,0.2082,0.0279,0.9743,0.3108,0.8578,1,1,1,0,37.9701,37.9701,37.9701,0
CRMS0273,Wetland: Palustrine Emergent,32.2037,491.5352,388.2532,1371.7894,56445.2232,287.1126,2784.4616,0.319,226.7551,14.49,2,197,2,14,3071.5743,0,0.0935,0.9065,319.3163,0.8991,287.1126,3275.9968,0.85,2784.4616,675.3659,0.4251,287.1126,0,0,0,4156.251,0.6699,2784.4616,0.681,1896.2447,0.4562,0,1896.2447,58341.4679,0.0325,1896.2447,4967.819,0.0578,0.5605,0.3817,63173.0848,0.0107,0.0658,0.9235,0.1196,226.7551,0.0039,2122.9998,287.1126,888.2169,1669.4896,2844.8192,0.0692,19.8822,61.5079,115.61,0.0294,0.0148,0.002,0.0692,0.0221,0.061,267.2305,826.7091,1553.8797,1.4624,4.5241,8.5035,265.7681,822.185,1545.3762,0.0022,0.0011,1e-4,0.3935,0.1978,0.0265,0.3957,0.1989,0.0266,0.9308,0.2969,0.8195,1,1,1,0,13.4407,13.4407,13.4407,0
CRMS0305,Wetland: Estuarine Emergent,74.0876,346.2317,146.4482,1202.6956,39816.345,278.5033,3766.839,0.8148,248.927,14.49,15,10,7,7,4045.3422,0,0.0688,0.9312,352.5908,0.7899,278.5033,4113.0707,0.9158,3766.839,424.9514,0.6554,278.5033,0,0,0,4969.5346,0.758,3766.839,0.1852,697.5861,0.1404,0,697.5861,40513.9312,0.0172,697.5861,4742.9284,0.0587,0.7942,0.1471,45908.4172,0.0093,0.1082,0.8825,0.3568,248.927,0.0061,946.5132,278.5033,3069.2529,448.6591,3796.4152,0.0026,0.7336,8.0846,1.1818,0.0017,0.0016,0,0.0026,0.0021,0.0017,277.7697,3061.1683,447.4773,1.063,11.7146,1.7124,276.7067,3049.4537,445.7649,0.0025,0.0024,0,0.6511,0.6136,0.011,0.6537,0.616,0.011,0.9974,0.8127,0.6415,1,1,1,0,378.6415,378.6415,378.6415,0
CRMS0305,Wetland: Estuarine Emergent,74.0876,346.2317,146.4482,1202.6956,39816.345,278.5033,3766.839,0.8148,248.927,14.49,15,105,9,25,4045.3422,0,0.0688,0.9312,352.5908,0.7899,278.5033,4113.0707,0.9158,3766.839,424.9514,0.6554,278.5033,0,0,0,4969.5346,0.758,3766.839,0.1852,697.5861,0.1404,0,697.5861,40513.9312,0.0172,697.5861,4742.9284,0.0587,0.7942,0.1471,45908.4172,0.0093,0.1082,0.8825,0.3568,248.927,0.0061,946.5132,278.5033,3069.2529,448.6591,3796.4152,0.0277,7.7028,84.8884,12.4089,0.0181,0.0171,3e-4,0.0277,0.0225,0.0178,270.8005,2984.3645,436.2502,1.063,11.7146,1.7124,269.7375,2972.6499,434.5378,0.0025,0.0024,0,0.6347,0.5982,0.0107,0.6373,0.6005,0.0108,0.9723,0.7923,0.6254,1,1,1,0,35.1563,35.1563,35.1563,0
CRMS0305,Wetland: Estuarine Emergent,74.0876,346.2317,146.4482,1202.6956,39816.345,278.5033,3766.839,0.8148,248.927,14.49,15,123,6,43,4045.3422,0,0.0688,0.9312,352.5908,0.7899,278.5033,4113.0707,0.9158,3766.839,424.9514,0.6554,278.5033,0,0,0,4969.5346,0.758,3766.839,0.1852,697.5861,0.1404,0,697.5861,40513.9312,0.0172,697.5861,4742.9284,0.0587,0.7942,0.1471,45908.4172,0.0093,0.1082,0.8825,0.3568,248.927,0.0061,946.5132,278.5033,3069.2529,448.6591,3796.4152,0.0324,9.0232,99.4407,14.5361,0.0212,0.02,4e-4,0.0324,0.0264,0.0208,269.48,2969.8122,434.123,1.063,11.7146,1.7124,268.4171,2958.0976,432.4106,0.0025,0.0024,0,0.6316,0.5952,0.0107,0.6341,0.5976,0.0107,0.9676,0.7884,0.6223,1,1,1,0,29.8652,29.8652,29.8652,0
CRMS0305,Wetland: Estuarine Emergent,74.0876,346.2317,146.4482,1202.6956,39816.345,278.5033,3766.839,0.8148,248.927,14.49,15,156,4,61,4045.3422,0,0.0688,0.9312,352.5908,0.7899,278.5033,4113.0707,0.9158,3766.839,424.9514,0.6554,278.5033,0,0,0,4969.5346,0.758,3766.839,0.1852,697.5861,0.1404,0,697.5861,40513.9312,0.0172,697.5861,4742.9284,0.0587,0.7942,0.1471,45908.4172,0.0093,0.1082,0.8825,0.3568,248.927,0.0061,946.5132,278.5033,3069.2529,448.6591,3796.4152,0.0411,11.4441,126.1199,18.436,0.0269,0.0254,5e-4,0.0411,0.0335,0.0264,267.0592,2943.133,430.223,1.063,11.7146,1.7124,265.9962,2931.4184,428.5106,0.0025,0.0024,0,0.6259,0.5899,0.0106,0.6284,0.5922,0.0106,0.9589,0.7813,0.6167,1,1,1,0,23.336,23.336,23.336,0
CRMS0305,Wetland: Estuarine Emergent,74.0876,346.2317,146.4482,1202.6956,39816.345,278.5033,3766.839,0.8148,248.927,14.49,15,175,2,79,4045.3422,0,0.0688,0.9312,352.5908,0.7899,278.5033,4113.0707,0.9158,3766.839,424.9514,0.6554,278.5033,0,0,0,4969.5346,0.758,3766.839,0.1852,697.5861,0.1404,0,697.5861,40513.9312,0.0172,697.5861,4742.9284,0.0587,0.7942,0.1471,45908.4172,0.0093,0.1082,0.8825,0.3568,248.927,0.0061,946.5132,278.5033,3069.2529,448.6591,3796.4152,0.0461,12.8379,141.4806,20.6814,0.0302,0.0285,5e-4,0.0461,0.0376,0.0296,265.6653,2927.7722,427.9776,1.063,11.7146,1.7124,264.6024,2916.0576,426.2652,0.0025,0.0024,0,0.6227,0.5868,0.0105,0.6252,0.5891,0.0106,0.9539,0.7772,0.6135,1,1,1,0,20.6938,20.6938,20.6938,0
CRMS0305,Wetland: Estuarine Emergent,74.0876,346.2317,146.4482,1202.6956,39816.345,278.5033,3766.839,0.8148,248.927,14.49,15,201,8,97,4045.3422,0,0.0688,0.9312,352.5908,0.7899,278.5033,4113.0707,0.9158,3766.839,424.9514,0.6554,278.5033,0,0,0,4969.5346,0.758,3766.839,0.1852,697.5861,0.1404,0,697.5861,40513.9312,0.0172,697.5861,4742.9284,0.0587,0.7942,0.1471,45908.4172,0.0093,0.1082,0.8825,0.3568,248.927,0.0061,946.5132,278.5033,3069.2529,448.6591,3796.4152,0.0529,14.7453,162.5006,23.7541,0.0347,0.0327,6e-4,0.0529,0.0431,0.0341,263.758,2906.7522,424.905,1.063,11.7146,1.7124,262.695,2895.0376,423.1925,0.0025,0.0024,0,0.6182,0.5826,0.0104,0.6207,0.5849,0.0105,0.9471,0.7717,0.6091,1,1,1,0,17.8876,17.8876,17.8876,0
CRMS0305,Wetland: Estuarine Emergent,74.0876,346.2317,146.4482,1202.6956,39816.345,278.5033,3766.839,0.8148,248.927,14.49,15,320,5,115,4045.3422,0,0.0688,0.9312,352.5908,0.7899,278.5033,4113.0707,0.9158,3766.839,424.9514,0.6554,278.5033,0,0,0,4969.5346,0.758,3766.839,0.1852,697.5861,0.1404,0,697.5861,40513.9312,0.0172,697.5861,4742.9284,0.0587,0.7942,0.1471,45908.4172,0.0093,0.1082,0.8825,0.3568,248.927,0.0061,946.5132,278.5033,3069.2529,448.6591,3796.4152,0.0843,23.4751,258.7075,37.8175,0.0552,0.0521,9e-4,0.0843,0.0687,0.0542,255.0282,2810.5454,410.8416,1.063,11.7146,1.7124,253.9652,2798.8308,409.1292,0.0025,0.0024,0,0.5976,0.5632,0.0101,0.6001,0.5656,0.0101,0.9157,0.7461,0.5889,1,1,1,0,10.8638,10.8638,10.8638,0
CRMS0305,Wetland: Estuarine Emergent,74.0876,346.2317,146.4482,1202.6956,39816.345,278.5033,3766.839,0.8148,248.927,14.49,15,414,1,133,4045.3422,0,0.0688,0.9312,352.5908,0.7899,278.5033,4113.0707,0.9158,3766.839,424.9514,0.6554,278.5033,0,0,0,4969.5346,0.758,3766.839,0.1852,697.5861,0.1404,0,697.5861,40513.9312,0.0172,697.5861,4742.9284,0.0587,0.7942,0.1471,45908.4172,0.0093,0.1082,0.8825,0.3568,248.927,0.0061,946.5132,278.5033,3069.2529,448.6591,3796.4152,0.1091,30.3708,334.7028,48.9264,0.0715,0.0674,0.0012,0.1091,0.0889,0.0701,248.1324,2734.5501,399.7327,1.063,11.7146,1.7124,247.0694,2722.8355,398.0203,0.0025,0.0024,0,0.5814,0.5479,0.0098,0.5839,0.5503,0.0099,0.8909,0.726,0.573,1,1,1,0,8.1701,8.1701,8.1701,0
CRMS0305,Wetland: Estuarine Emergent,74.0876,346.2317,146.4482,1202.6956,39816.345,278.5033,3766.839,0.8148,248.927,14.49,15,456,3,151,4045.3422,0,0.0688,0.9312,352.5908,0.7899,278.5033,4113.0707,0.9158,3766.839,424.9514,0.6554,278.5033,0,0,0,4969.5346,0.758,3766.839,0.1852,697.5861,0.1404,0,697.5861,40513.9312,0.0172,697.5861,4742.9284,0.0587,0.7942,0.1471,45908.4172,0.0093,0.1082,0.8825,0.3568,248.927,0.0061,946.5132,278.5033,3069.2529,448.6591,3796.4152,0.1201,33.4519,368.6581,53.8899,0.0787,0.0742,0.0013,0.1201,0.0979,0.0773,245.0513,2700.5947,394.7691,1.063,11.7146,1.7124,243.9883,2688.8801,393.0567,0.0025,0.0024,0,0.5742,0.5411,0.0097,0.5767,0.5434,0.0097,0.8799,0.7169,0.5659,1,1,1,0,7.3255,7.3255,7.3255,0
CRMS0309,Wetland: Estuarine Emergent,37.8327,911.1649,230.6106,2077.5217,39826.1245,611.3724,3289.9786,0.3592,282.9667,14.49,5,10,7,8,3901.351,0,0.1567,0.8433,649.2051,0.9417,611.3724,4201.1435,0.7831,3289.9786,841.983,0.7261,611.3724,0,0,0,5367.5004,0.6129,3289.9786,0.6408,2108.1735,0.3928,0,2108.1735,41934.2981,0.0503,2108.1735,6009.5246,0.1017,0.5475,0.3508,48143.7814,0.0175,0.1115,0.871,0.1342,282.9667,0.0067,2391.1402,611.3724,1181.8051,1825.2069,3618.3843,0.0028,1.6896,3.2661,5.0443,0.002,6e-4,1e-4,0.0028,0.001,0.0024,609.6828,1178.539,1820.1626,2.4483,4.7326,7.3091,607.2345,1173.8064,1812.8535,0.0029,9e-4,2e-4,0.7212,0.2187,0.0432,0.7241,0.2196,0.0434,0.9972,0.3582,0.8634,1,1,1,0,360.8384,360.8384,360.8384,0
CRMS0309,Wetland: Estuarine Emergent,37.8327,911.1649,230.6106,2077.5217,39826.1245,611.3724,3289.9786,0.3592,282.9667,14.49,5,105,9,26,3901.351,0,0.1567,0.8433,649.2051,0.9417,611.3724,4201.1435,0.7831,3289.9786,841.983,0.7261,611.3724,0,0,0,5367.5004,0.6129,3289.9786,0.6408,2108.1735,0.3928,0,2108.1735,41934.2981,0.0503,2108.1735,6009.5246,0.1017,0.5475,0.3508,48143.7814,0.0175,0.1115,0.871,0.1342,282.9667,0.0067,2391.1402,611.3724,1181.8051,1825.2069,3618.3843,0.029,17.7411,34.2942,52.9647,0.0211,0.0064,0.0013,0.029,0.0104,0.0251,593.6313,1147.5109,1772.2421,2.4483,4.7326,7.3091,591.183,1142.7783,1764.933,0.0029,9e-4,2e-4,0.7021,0.2129,0.0421,0.705,0.2138,0.0423,0.971,0.3488,0.8407,1,1,1,0,33.4608,33.4608,33.4608,0
CRMS0309,Wetland: Estuarine Emergent,37.8327,911.1649,230.6106,2077.5217,39826.1245,611.3724,3289.9786,0.3592,282.9667,14.49,5,123,6,44,3901.351,0,0.1567,0.8433,649.2051,0.9417,611.3724,4201.1435,0.7831,3289.9786,841.983,0.7261,611.3724,0,0,0,5367.5004,0.6129,3289.9786,0.6408,2108.1735,0.3928,0,2108.1735,41934.2981,0.0503,2108.1735,6009.5246,0.1017,0.5475,0.3508,48143.7814,0.0175,0.1115,0.871,0.1342,282.9667,0.0067,2391.1402,611.3724,1181.8051,1825.2069,3618.3843,0.034,20.7824,40.1732,62.0444,0.0247,0.0075,0.0015,0.034,0.0122,0.0294,590.59,1141.6319,1763.1625,2.4483,4.7326,7.3091,588.1417,1136.8993,1755.8533,0.0029,9e-4,2e-4,0.6985,0.2118,0.0419,0.7014,0.2127,0.042,0.966,0.347,0.8363,1,1,1,0,28.4178,28.4178,28.4178,0
CRMS0309,Wetland: Estuarine Emergent,37.8327,911.1649,230.6106,2077.5217,39826.1245,611.3724,3289.9786,0.3592,282.9667,14.49,5,156,4,62,3901.351,0,0.1567,0.8433,649.2051,0.9417,611.3724,4201.1435,0.7831,3289.9786,841.983,0.7261,611.3724,0,0,0,5367.5004,0.6129,3289.9786,0.6408,2108.1735,0.3928,0,2108.1735,41934.2981,0.0503,2108.1735,6009.5246,0.1017,0.5475,0.3508,48143.7814,0.0175,0.1115,0.871,0.1342,282.9667,0.0067,2391.1402,611.3724,1181.8051,1825.2069,3618.3843,0.0431,26.3582,50.9514,78.6904,0.0313,0.0095,0.0019,0.0431,0.0155,0.0373,585.0142,1130.8537,1746.5164,2.4483,4.7326,7.3091,582.5659,1126.1211,1739.2073,0.0029,9e-4,2e-4,0.6919,0.2098,0.0415,0.6948,0.2107,0.0416,0.9569,0.3437,0.8285,1,1,1,0,22.1948,22.1948,22.1948,0
CRMS0309,Wetland: Estuarine Emergent,37.8327,911.1649,230.6106,2077.5217,39826.1245,611.3724,3289.9786,0.3592,282.9667,14.49,5,175,2,80,3901.351,0,0.1567,0.8433,649.2051,0.9417,611.3724,4201.1435,0.7831,3289.9786,841.983,0.7261,611.3724,0,0,0,5367.5004,0.6129,3289.9786,0.6408,2108.1735,0.3928,0,2108.1735,41934.2981,0.0503,2108.1735,6009.5246,0.1017,0.5475,0.3508,48143.7814,0.0175,0.1115,0.871,0.1342,282.9667,0.0067,2391.1402,611.3724,1181.8051,1825.2069,3618.3843,0.0484,29.5685,57.157,88.2745,0.0351,0.0106,0.0021,0.0484,0.0174,0.0419,581.8039,1124.6481,1736.9323,2.4483,4.7326,7.3091,579.3556,1119.9155,1729.6232,0.0029,9e-4,2e-4,0.6881,0.2086,0.0412,0.691,0.2095,0.0414,0.9516,0.3418,0.8239,1,1,1,0,19.6765,19.6765,19.6765,0
CRMS0309,Wetland: Estuarine Emergent,37.8327,911.1649,230.6106,2077.5217,39826.1245,611.3724,3289.9786,0.3592,282.9667,14.49,5,201,8,98,3901.351,0,0.1567,0.8433,649.2051,0.9417,611.3724,4201.1435,0.7831,3289.9786,841.983,0.7261,611.3724,0,0,0,5367.5004,0.6129,3289.9786,0.6408,2108.1735,0.3928,0,2108.1735,41934.2981,0.0503,2108.1735,6009.5246,0.1017,0.5475,0.3508,48143.7814,0.0175,0.1115,0.871,0.1342,282.9667,0.0067,2391.1402,611.3724,1181.8051,1825.2069,3618.3843,0.0555,33.9615,65.6489,101.3896,0.0403,0.0122,0.0024,0.0555,0.02,0.0481,577.4109,1116.1562,1723.8172,2.4483,4.7326,7.3091,574.9626,1111.4236,1716.5081,0.0029,9e-4,2e-4,0.6829,0.2071,0.0409,0.6858,0.2079,0.0411,0.9445,0.3393,0.8177,1,1,1,0,17.0019,17.0019,17.0019,0
CRMS0309,Wetland: Estuarine Emergent,37.8327,911.1649,230.6106,2077.5217,39826.1245,611.3724,3289.9786,0.3592,282.9667,14.49,5,320,5,116,3901.351,0,0.1567,0.8433,649.2051,0.9417,611.3724,4201.1435,0.7831,3289.9786,841.983,0.7261,611.3724,0,0,0,5367.5004,0.6129,3289.9786,0.6408,2108.1735,0.3928,0,2108.1735,41934.2981,0.0503,2108.1735,6009.5246,0.1017,0.5475,0.3508,48143.7814,0.0175,0.1115,0.871,0.1342,282.9667,0.0067,2391.1402,611.3724,1181.8051,1825.2069,3618.3843,0.0884,54.0681,104.5156,161.4163,0.0642,0.0195,0.0038,0.0884,0.0318,0.0766,557.3043,1077.2895,1663.7906,2.4483,4.7326,7.3091,554.856,1072.5569,1656.4814,0.0029,9e-4,2e-4,0.659,0.1998,0.0395,0.6619,0.2007,0.0397,0.9116,0.3274,0.7892,1,1,1,0,10.3075,10.3075,10.3075,0
CRMS0309,Wetland: Estuarine Emergent,37.8327,911.1649,230.6106,2077.5217,39826.1245,611.3724,3289.9786,0.3592,282.9667,14.49,5,414,1,134,3901.351,0,0.1567,0.8433,649.2051,0.9417,611.3724,4201.1435,0.7831,3289.9786,841.983,0.7261,611.3724,0,0,0,5367.5004,0.6129,3289.9786,0.6408,2108.1735,0.3928,0,2108.1735,41934.2981,0.0503,2108.1735,6009.5246,0.1017,0.5475,0.3508,48143.7814,0.0175,0.1115,0.871,0.1342,282.9667,0.0067,2391.1402,611.3724,1181.8051,1825.2069,3618.3843,0.1144,69.9506,135.2171,208.8323,0.0831,0.0252,0.005,0.1144,0.0411,0.0991,541.4218,1046.588,1616.3745,2.4483,4.7326,7.3091,538.9735,1041.8554,1609.0654,0.0029,9e-4,2e-4,0.6401,0.1941,0.0384,0.643,0.195,0.0385,0.8856,0.3181,0.7667,1,1,1,0,7.7401,7.7401,7.7401,0
CRMS0309,Wetland: Estuarine Emergent,37.8327,911.1649,230.6106,2077.5217,39826.1245,611.3724,3289.9786,0.3592,282.9667,14.49,5,456,3,152,3901.351,0,0.1567,0.8433,649.2051,0.9417,611.3724,4201.1435,0.7831,3289.9786,841.983,0.7261,611.3724,0,0,0,5367.5004,0.6129,3289.9786,0.6408,2108.1735,0.3928,0,2108.1735,41934.2981,0.0503,2108.1735,6009.5246,0.1017,0.5475,0.3508,48143.7814,0.0175,0.1115,0.871,0.1342,282.9667,0.0067,2391.1402,611.3724,1181.8051,1825.2069,3618.3843,0.126,77.047,148.9347,230.0182,0.0915,0.0277,0.0055,0.126,0.0453,0.1091,534.3253,1032.8704,1595.1886,2.4483,4.7326,7.3091,531.8771,1028.1378,1587.8795,0.0029,9e-4,2e-4,0.6317,0.1915,0.0379,0.6346,0.1924,0.038,0.874,0.3139,0.7567,1,1,1,0,6.9351,6.9351,6.9351,0
CRMS0327,Wetland: Palustrine Emergent,21.8047,353.0928,300.9653,1408.3305,46377.6335,379.8026,1850.7368,0.6196,191.9345,14.49,3,-22.7,1,3,2230.5394,0,0.1703,0.8297,401.6073,0.9457,379.8026,2203.8297,0.8398,1850.7368,680.7679,0.5579,379.8026,0,0,0,3259.0673,0.5679,1850.7368,0.3804,703.9612,0.216,0,703.9612,47081.5947,0.015,703.9612,2934.5006,0.1294,0.6307,0.2399,51021.4299,0.0133,0.0639,0.9228,0.2726,191.9345,0.0041,895.8957,379.8026,1146.7756,512.0268,2038.6049,-0.0111,-4.2291,-12.7694,-5.7015,-0.0062,-0.0039,-1e-4,-0.0111,-0.0069,-0.0081,384.0317,1159.545,517.7282,2.6996000000000002,8.1511,3.6394,381.3321,1151.394,514.0888,0.004,0.0025,1e-4,0.5601,0.3533,0.0109,0.5641,0.3558,0.011,1.0111,0.6265,0.7354,1,1,1,0,-90.8064,-90.8064,-90.8064,0
CRMS0327,Wetland: Palustrine Emergent,21.8047,353.0928,300.9653,1408.3305,46377.6335,379.8026,1850.7368,0.6196,191.9345,14.49,3,73,3,9,2230.5394,0,0.1703,0.8297,401.6073,0.9457,379.8026,2203.8297,0.8398,1850.7368,680.7679,0.5579,379.8026,0,0,0,3259.0673,0.5679,1850.7368,0.3804,703.9612,0.216,0,703.9612,47081.5947,0.015,703.9612,2934.5006,0.1294,0.6307,0.2399,51021.4299,0.0133,0.0639,0.9228,0.2726,191.9345,0.0041,895.8957,379.8026,1146.7756,512.0268,2038.6049,0.0358,13.6003,41.0647,18.3351,0.02,0.0126,4e-4,0.0358,0.0222,0.026,366.2023,1105.711,493.6917,2.6996000000000002,8.1511,3.6394,363.5027,1097.5599,490.0523,0.004,0.0025,1e-4,0.534,0.3368,0.0104,0.5379,0.3393,0.0105,0.9642,0.5974,0.7013,1,1,1,0,26.9261,26.9261,26.9261,0
CRMS0327,Wetland: Palustrine Emergent,21.8047,353.0928,300.9653,1408.3305,46377.6335,379.8026,1850.7368,0.6196,191.9345,14.49,3,197,2,15,2230.5394,0,0.1703,0.8297,401.6073,0.9457,379.8026,2203.8297,0.8398,1850.7368,680.7679,0.5579,379.8026,0,0,0,3259.0673,0.5679,1850.7368,0.3804,703.9612,0.216,0,703.9612,47081.5947,0.015,703.9612,2934.5006,0.1294,0.6307,0.2399,51021.4299,0.0133,0.0639,0.9228,0.2726,191.9345,0.0041,895.8957,379.8026,1146.7756,512.0268,2038.6049,0.0966,36.7021,110.8183,49.4796,0.053900000000000003,0.034,0.0011,0.0966,0.0599,0.0703,343.1005,1035.9573,462.5472,2.6996000000000002,8.1511,3.6394,340.4009,1027.8062,458.9078,0.004,0.0025,1e-4,0.5,0.3154,0.0097,0.504,0.3179,0.0098,0.9034,0.5598,0.6571,1,1,1,0,9.3482,9.3482,9.3482,0
CRMS0331,Wetland: Palustrine Emergent,24.1777,600.5318,324.8147,510.5337,68470.9943,376.3456,1207.5592,0.5015,156.9439,14.49,4,-22.7,1,4,1583.9048,0,0.2376,0.7624,400.5233,0.9396,376.3456,1808.091,0.6679,1207.5592,701.1603,0.5367,376.3456,0,0,0,1718.093,0.7028,1207.5592,0.4985,601.9338,0.3503,0,601.9338,69072.9281,0.0087,601.9338,2185.8386,0.1722,0.5524,0.2754,71492.1813,0.0098,0.024,0.9662,0.2607,156.9439,0.0023,758.8777,376.3456,605.6254,444.9899,1426.9609,-0.0159,-5.9869,-9.6342,-7.0789,-0.0085,-0.0056,-1e-4,-0.0159,-0.008,-0.0118,382.3324,615.2597,452.0688,3.8216,6.1498,4.5186,378.5109,609.1099,447.5501,0.0055,0.0036,1e-4,0.5398,0.3545,0.0065,0.5453,0.3581,0.0065,1.0159,0.5095,0.751,1,1,1,0,-63.8617,-63.8617,-63.8617,0
CRMS0331,Wetland: Palustrine Emergent,24.1777,600.5318,324.8147,510.5337,68470.9943,376.3456,1207.5592,0.5015,156.9439,14.49,4,73,3,10,1583.9048,0,0.2376,0.7624,400.5233,0.9396,376.3456,1808.091,0.6679,1207.5592,701.1603,0.5367,376.3456,0,0,0,1718.093,0.7028,1207.5592,0.4985,601.9338,0.3503,0,601.9338,69072.9281,0.0087,601.9338,2185.8386,0.1722,0.5524,0.2754,71492.1813,0.0098,0.024,0.9662,0.2607,156.9439,0.0023,758.8777,376.3456,605.6254,444.9899,1426.9609,0.0512,19.253,30.9824,22.7646,0.0275,0.018,3e-4,0.0512,0.0257,0.0378,357.0926,574.6431,422.2252,3.8216,6.1498,4.5186,353.271,568.4933,417.7066,0.0055,0.0036,1e-4,0.5038,0.3309,0.006,0.5093,0.3345,0.0061,0.9488,0.4759,0.7014,1,1,1,0,18.5474,18.5474,18.5474,0
CRMS0331,Wetland: Palustrine Emergent,24.1777,600.5318,324.8147,510.5337,68470.9943,376.3456,1207.5592,0.5015,156.9439,14.49,4,197,2,16,1583.9048,0,0.2376,0.7624,400.5233,0.9396,376.3456,1808.091,0.6679,1207.5592,701.1603,0.5367,376.3456,0,0,0,1718.093,0.7028,1207.5592,0.4985,601.9338,0.3503,0,601.9338,69072.9281,0.0087,601.9338,2185.8386,0.1722,0.5524,0.2754,71492.1813,0.0098,0.024,0.9662,0.2607,156.9439,0.0023,758.8777,376.3456,605.6254,444.9899,1426.9609,0.1381,51.9566,83.61,61.4334,0.0741,0.0487,9e-4,0.1381,0.0692,0.1021,324.3889,522.0154,383.5565,3.8216,6.1498,4.5186,320.5674,515.8656,379.0379,0.0055,0.0036,1e-4,0.4572,0.3003,0.0055,0.4626,0.3038,0.0056,0.8619,0.4323,0.6372,1,1,1,0,6.2435,6.2435,6.2435,0
CRMS0337,Wetland: Estuarine Emergent,59.8948,471.1711,135.2023,1527.4018,37141.0397,245.7676,1374.7997,0.4942,208.4298,14.49,6,10,7,9,1620.5674,0,0.1517,0.8483,305.6624,0.804,245.7676,1845.9709,0.7448,1374.7997,380.9699,0.6451,245.7676,0,0,0,2902.2015,0.4737,1374.7997,0.5058,695.3353,0.2396,0,695.3353,37836.3749,0.0184,695.3353,2315.9026,0.1061,0.5936,0.3002,41119.5464,0.0093,0.0706,0.9202,0.2998,208.4298,0.0055,903.765,245.7676,679.4645,486.9055,1412.1376,0.0071,1.7404,4.8116,3.448,0.0046,0.0017,1e-4,0.0071,0.0035,0.005,244.0272,674.6529,483.4575,2.5218,6.972,4.9962,241.5054,667.6809,478.4613,0.0066,0.0024,1e-4,0.6339,0.2301,0.0126,0.6405,0.2325,0.0128,0.9929,0.4907,0.6953,1,1,1,0,140.2138,140.2138,140.2138,0
CRMS0337,Wetland: Estuarine Emergent,59.8948,471.1711,135.2023,1527.4018,37141.0397,245.7676,1374.7997,0.4942,208.4298,14.49,6,105,9,27,1620.5674,0,0.1517,0.8483,305.6624,0.804,245.7676,1845.9709,0.7448,1374.7997,380.9699,0.6451,245.7676,0,0,0,2902.2015,0.4737,1374.7997,0.5058,695.3353,0.2396,0,695.3353,37836.3749,0.0184,695.3353,2315.9026,0.1061,0.5936,0.3002,41119.5464,0.0093,0.0706,0.9202,0.2998,208.4298,0.0055,903.765,245.7676,679.4645,486.9055,1412.1376,0.0744,18.2741,50.5218,36.204,0.048,0.0174,0.001,0.0744,0.0367,0.0521,227.4935,628.9427,450.7015,2.5218,6.972,4.9962,224.9717,621.9706,445.7053,0.0066,0.0024,1e-4,0.5905,0.2143,0.0118,0.5971,0.2167,0.0119,0.9256,0.4575,0.6482,1,1,1,0,12.4489,12.4489,12.4489,0
CRMS0337,Wetland: Estuarine Emergent,59.8948,471.1711,135.2023,1527.4018,37141.0397,245.7676,1374.7997,0.4942,208.4298,14.49,6,123,6,45,1620.5674,0,0.1517,0.8483,305.6624,0.804,245.7676,1845.9709,0.7448,1374.7997,380.9699,0.6451,245.7676,0,0,0,2902.2015,0.4737,1374.7997,0.5058,695.3353,0.2396,0,695.3353,37836.3749,0.0184,695.3353,2315.9026,0.1061,0.5936,0.3002,41119.5464,0.0093,0.0706,0.9202,0.2998,208.4298,0.0055,903.765,245.7676,679.4645,486.9055,1412.1376,0.0871,21.4069,59.1827,42.4104,0.0562,0.0204,0.0011,0.0871,0.043,0.061,224.3608,620.2818,444.495,2.5218,6.972,4.9962,221.839,613.3098,439.4989,0.0066,0.0024,1e-4,0.5823,0.2113,0.0116,0.5889,0.2137,0.0117,0.9129,0.4512,0.6393,1,1,1,0,10.4808,10.4808,10.4808,0
CRMS0337,Wetland: Estuarine Emergent,59.8948,471.1711,135.2023,1527.4018,37141.0397,245.7676,1374.7997,0.4942,208.4298,14.49,6,156,4,63,1620.5674,0,0.1517,0.8483,305.6624,0.804,245.7676,1845.9709,0.7448,1374.7997,380.9699,0.6451,245.7676,0,0,0,2902.2015,0.4737,1374.7997,0.5058,695.3353,0.2396,0,695.3353,37836.3749,0.0184,695.3353,2315.9026,0.1061,0.5936,0.3002,41119.5464,0.0093,0.0706,0.9202,0.2998,208.4298,0.0055,903.765,245.7676,679.4645,486.9055,1412.1376,0.1105,27.1502,75.061,53.7888,0.0713,0.0259,0.0014,0.1105,0.0546,0.0774,218.6175,604.4035,433.1166,2.5218,6.972,4.9962,216.0957,597.4315,428.1205,0.0066,0.0024,1e-4,0.5672,0.2059,0.0113,0.5738,0.2083,0.0114,0.8895,0.4396,0.6229,1,1,1,0,8.0522,8.0522,8.0522,0
CRMS0337,Wetland: Estuarine Emergent,59.8948,471.1711,135.2023,1527.4018,37141.0397,245.7676,1374.7997,0.4942,208.4298,14.49,6,175,2,81,1620.5674,0,0.1517,0.8483,305.6624,0.804,245.7676,1845.9709,0.7448,1374.7997,380.9699,0.6451,245.7676,0,0,0,2902.2015,0.4737,1374.7997,0.5058,695.3353,0.2396,0,695.3353,37836.3749,0.0184,695.3353,2315.9026,0.1061,0.5936,0.3002,41119.5464,0.0093,0.0706,0.9202,0.2998,208.4298,0.0055,903.765,245.7676,679.4645,486.9055,1412.1376,0.1239,30.4569,84.203,60.3401,0.0799,0.029,0.0016,0.1239,0.0612,0.0868,215.3107,595.2614,426.5654,2.5218,6.972,4.9962,212.7889,588.2894,421.5693,0.0066,0.0024,1e-4,0.5585,0.2027,0.0111,0.5652,0.2051,0.0113,0.8761,0.433,0.6135,1,1,1,0,7.0694,7.0694,7.0694,0
CRMS0337,Wetland: Estuarine Emergent,59.8948,471.1711,135.2023,1527.4018,37141.0397,245.7676,1374.7997,0.4942,208.4298,14.49,6,201,8,99,1620.5674,0,0.1517,0.8483,305.6624,0.804,245.7676,1845.9709,0.7448,1374.7997,380.9699,0.6451,245.7676,0,0,0,2902.2015,0.4737,1374.7997,0.5058,695.3353,0.2396,0,695.3353,37836.3749,0.0184,695.3353,2315.9026,0.1061,0.5936,0.3002,41119.5464,0.0093,0.0706,0.9202,0.2998,208.4298,0.0055,903.765,245.7676,679.4645,486.9055,1412.1376,0.1423,34.9819,96.7132,69.3049,0.0918,0.0333,0.0018,0.1423,0.0703,0.0997,210.7857,582.7513,417.6006,2.5218,6.972,4.9962,208.2639,575.7793,412.6045,0.0066,0.0024,1e-4,0.5467,0.1984,0.0109,0.5533,0.2008,0.011,0.8577,0.4239,0.6006,1,1,1,0,6.0256,6.0256,6.0256,0
CRMS0337,Wetland: Estuarine Emergent,59.8948,471.1711,135.2023,1527.4018,37141.0397,245.7676,1374.7997,0.4942,208.4298,14.49,6,320,5,117,1620.5674,0,0.1517,0.8483,305.6624,0.804,245.7676,1845.9709,0.7448,1374.7997,380.9699,0.6451,245.7676,0,0,0,2902.2015,0.4737,1374.7997,0.5058,695.3353,0.2396,0,695.3353,37836.3749,0.0184,695.3353,2315.9026,0.1061,0.5936,0.3002,41119.5464,0.0093,0.0706,0.9202,0.2998,208.4298,0.0055,903.765,245.7676,679.4645,486.9055,1412.1376,0.2266,55.6926,153.9713,110.3361,0.1462,0.0531,0.0029,0.2266,0.112,0.1587,190.075,525.4932,376.5694,2.5218,6.972,4.9962,187.5532,518.5212,371.5732,0.0066,0.0024,1e-4,0.4923,0.1787,0.0098,0.4989,0.1811,0.01,0.7734,0.3822,0.5416,1,1,1,0,3.4129,3.4129,3.4129,0
CRMS0337,Wetland: Estuarine Emergent,59.8948,471.1711,135.2023,1527.4018,37141.0397,245.7676,1374.7997,0.4942,208.4298,14.49,6,414,1,135,1620.5674,0,0.1517,0.8483,305.6624,0.804,245.7676,1845.9709,0.7448,1374.7997,380.9699,0.6451,245.7676,0,0,0,2902.2015,0.4737,1374.7997,0.5058,695.3353,0.2396,0,695.3353,37836.3749,0.0184,695.3353,2315.9026,0.1061,0.5936,0.3002,41119.5464,0.0093,0.0706,0.9202,0.2998,208.4298,0.0055,903.765,245.7676,679.4645,486.9055,1412.1376,0.2932,72.0523,199.2003,142.7473,0.1891,0.0686,0.0038,0.2932,0.1449,0.2053,173.7153,480.2641,344.1582,2.5218,6.972,4.9962,171.1935,473.2921,339.162,0.0066,0.0024,1e-4,0.4494,0.1631,0.009,0.456,0.1655,0.0091,0.7068,0.3493,0.495,1,1,1,0,2.411,2.411,2.411,0
CRMS0337,Wetland: Estuarine Emergent,59.8948,471.1711,135.2023,1527.4018,37141.0397,245.7676,1374.7997,0.4942,208.4298,14.49,6,456,3,153,1620.5674,0,0.1517,0.8483,305.6624,0.804,245.7676,1845.9709,0.7448,1374.7997,380.9699,0.6451,245.7676,0,0,0,2902.2015,0.4737,1374.7997,0.5058,695.3353,0.2396,0,695.3353,37836.3749,0.0184,695.3353,2315.9026,0.1061,0.5936,0.3002,41119.5464,0.0093,0.0706,0.9202,0.2998,208.4298,0.0055,903.765,245.7676,679.4645,486.9055,1412.1376,0.3229,79.362,219.4091,157.2289,0.2083,0.0756,0.0042,0.3229,0.1596,0.2261,166.4057,460.0554,329.6765,2.5218,6.972,4.9962,163.8838,453.0834,324.6804,0.0066,0.0024,1e-4,0.4302,0.1561,0.0086,0.4368,0.1585,0.0087,0.6771,0.3346,0.4741,1,1,1,0,2.0968,2.0968,2.0968,0
CRMS0367,Wetland: Palustrine Emergent,9.7853,530.7043,100.7697,909.5524,45700.5319,554.3785,3324.0759,0.4253,118.7919,14.49,5,-22.7,1,5,3878.4545,0,0.1429,0.8571,564.1638,0.9827,554.3785,3854.7802,0.8623,3324.0759,655.1482,0.8462,554.3785,0,0,0,4233.6283,0.7852,3324.0759,0.5747,1910.4748,0.4513,0,1910.4748,47611.0067,0.0401,1910.4748,5788.9292,0.0958,0.5742,0.33,52499.7831,0.0125,0.0806,0.9069,0.0622,118.7919,0.0025,2029.2667,554.3785,1413.6012,1791.6829,3759.6625,-0.006,-3.3472,-8.535,-10.8178,-0.0051,-0.002,-2e-4,-0.006,-0.0026,-0.0057,557.7257,1422.1362,1802.5006,2.1366,5.4481,6.9053,555.5891,1416.688,1795.5954,0.0033,0.0013,1e-4,0.848,0.3346,0.0377,0.8513,0.3359,0.0379,1.006,0.4278,0.9435,1,1,1,-0,-166.6239,-166.6239,-166.6239,0
CRMS0367,Wetland: Palustrine Emergent,9.7853,530.7043,100.7697,909.5524,45700.5319,554.3785,3324.0759,0.4253,118.7919,14.49,5,73,3,11,3878.4545,0,0.1429,0.8571,564.1638,0.9827,554.3785,3854.7802,0.8623,3324.0759,655.1482,0.8462,554.3785,0,0,0,4233.6283,0.7852,3324.0759,0.5747,1910.4748,0.4513,0,1910.4748,47611.0067,0.0401,1910.4748,5788.9292,0.0958,0.5742,0.33,52499.7831,0.0125,0.0806,0.9069,0.0622,118.7919,0.0025,2029.2667,554.3785,1413.6012,1791.6829,3759.6625,0.0194,10.7642,27.4474,34.7885,0.0164,0.0065,7e-4,0.0194,0.0083,0.0182,543.6143,1386.1538,1756.8944,2.1366,5.4481,6.9053,541.4777,1380.7057,1749.9891,0.0033,0.0013,1e-4,0.8265,0.3261,0.0368,0.8298,0.3274,0.0369,0.9806,0.417,0.9196,1,1,1,-0,50.5022,50.5022,50.5022,0
CRMS0367,Wetland: Palustrine Emergent,9.7853,530.7043,100.7697,909.5524,45700.5319,554.3785,3324.0759,0.4253,118.7919,14.49,5,197,2,17,3878.4545,0,0.1429,0.8571,564.1638,0.9827,554.3785,3854.7802,0.8623,3324.0759,655.1482,0.8462,554.3785,0,0,0,4233.6283,0.7852,3324.0759,0.5747,1910.4748,0.4513,0,1910.4748,47611.0067,0.0401,1910.4748,5788.9292,0.0958,0.5742,0.33,52499.7831,0.0125,0.0806,0.9069,0.0622,118.7919,0.0025,2029.2667,554.3785,1413.6012,1791.6829,3759.6625,0.0524,29.0485,74.0703,93.8812,0.0443,0.0175,0.002,0.0524,0.0223,0.0491,525.33,1339.5308,1697.8017,2.1366,5.4481,6.9053,523.1934,1334.0827,1690.8964,0.0033,0.0013,1e-4,0.7986,0.3151,0.0355,0.8018,0.3164,0.0357,0.9476,0.403,0.8887,1,1,1,-0,18.0846,18.0846,18.0846,0
CRMS0377,Wetland: Estuarine Emergent,66.4101,142.1259,216.6134,1443.0606,33943.9465,279.8293,1775.332,0.2734,48.4183,14.49,7,10,7,10,2055.1612,0,0.1362,0.8638,346.2394,0.8082,279.8293,1917.4578,0.9259,1775.332,496.4427,0.5637,279.8293,0,0,0,3218.3926,0.5516,1775.332,0.7266,1289.9833,0.4008,0,1289.9833,35233.9298,0.0366,1289.9833,3345.1445,0.0837,0.5307,0.3856,38948.7651,0.0127,0.0826,0.9046,0.0375,48.4183,0.0014,1338.4016,279.8293,485.3487,1241.565,2006.743,0.005,1.3944,2.4186,6.187,0.0028,8e-4,2e-4,0.005,0.0014,0.0048,278.4348,482.9301,1235.3781,2.0206,3.5045,8.9649,276.4143,479.4255,1226.4132,0.0041,0.0011,3e-4,0.5568,0.149,0.0348,0.5609,0.1501,0.0351,0.995,0.272,0.9577,1,1,1,-0,199.6743,199.6743,199.6743,0
CRMS0377,Wetland: Estuarine Emergent,66.4101,142.1259,216.6134,1443.0606,33943.9465,279.8293,1775.332,0.2734,48.4183,14.49,7,105,9,28,2055.1612,0,0.1362,0.8638,346.2394,0.8082,279.8293,1917.4578,0.9259,1775.332,496.4427,0.5637,279.8293,0,0,0,3218.3926,0.5516,1775.332,0.7266,1289.9833,0.4008,0,1289.9833,35233.9298,0.0366,1289.9833,3345.1445,0.0837,0.5307,0.3856,38948.7651,0.0127,0.0826,0.9046,0.0375,48.4183,0.0014,1338.4016,279.8293,485.3487,1241.565,2006.743,0.0523,14.6417,25.3952,64.9631,0.0295,0.0079,0.0018,0.0523,0.0143,0.0504,265.1876,459.9535,1176.6019,2.0206,3.5045,8.9649,263.167,456.4489,1167.637,0.0041,0.0011,3e-4,0.5301,0.1418,0.0331,0.5342,0.1429,0.0334,0.9477,0.2591,0.9121,1,1,1,-0,18.1118,18.1118,18.1118,0
CRMS0377,Wetland: Estuarine Emergent,66.4101,142.1259,216.6134,1443.0606,33943.9465,279.8293,1775.332,0.2734,48.4183,14.49,7,123,6,46,2055.1612,0,0.1362,0.8638,346.2394,0.8082,279.8293,1917.4578,0.9259,1775.332,496.4427,0.5637,279.8293,0,0,0,3218.3926,0.5516,1775.332,0.7266,1289.9833,0.4008,0,1289.9833,35233.9298,0.0366,1289.9833,3345.1445,0.0837,0.5307,0.3856,38948.7651,0.0127,0.0826,0.9046,0.0375,48.4183,0.0014,1338.4016,279.8293,485.3487,1241.565,2006.743,0.0613,17.1517,29.7486,76.0997,0.0345,0.0092,0.0022,0.0613,0.0168,0.059,262.6776,455.6,1165.4654,2.0206,3.5045,8.9649,260.657,452.0955,1156.5004,0.0041,0.0011,3e-4,0.525,0.1405,0.0328,0.5291,0.1416,0.0331,0.9387,0.2566,0.9035,1,1,1,-0,15.315,15.315,15.315,0
CRMS0377,Wetland: Estuarine Emergent,66.4101,142.1259,216.6134,1443.0606,33943.9465,279.8293,1775.332,0.2734,48.4183,14.49,7,156,4,64,2055.1612,0,0.1362,0.8638,346.2394,0.8082,279.8293,1917.4578,0.9259,1775.332,496.4427,0.5637,279.8293,0,0,0,3218.3926,0.5516,1775.332,0.7266,1289.9833,0.4008,0,1289.9833,35233.9298,0.0366,1289.9833,3345.1445,0.0837,0.5307,0.3856,38948.7651,0.0127,0.0826,0.9046,0.0375,48.4183,0.0014,1338.4016,279.8293,485.3487,1241.565,2006.743,0.0777,21.7533,37.73,96.5167,0.0438,0.0117,0.0027,0.0777,0.0213,0.0748,258.0759,447.6187,1145.0484,2.0206,3.5045,8.9649,256.0554,444.1141,1136.0835,0.0041,0.0011,3e-4,0.5158,0.138,0.0322,0.5199,0.1391,0.0325,0.9223,0.2521,0.8876,1,1,1,-0,11.8637,11.8637,11.8637,0
CRMS0377,Wetland: Estuarine Emergent,66.4101,142.1259,216.6134,1443.0606,33943.9465,279.8293,1775.332,0.2734,48.4183,14.49,7,175,2,82,2055.1612,0,0.1362,0.8638,346.2394,0.8082,279.8293,1917.4578,0.9259,1775.332,496.4427,0.5637,279.8293,0,0,0,3218.3926,0.5516,1775.332,0.7266,1289.9833,0.4008,0,1289.9833,35233.9298,0.0366,1289.9833,3345.1445,0.0837,0.5307,0.3856,38948.7651,0.0127,0.0826,0.9046,0.0375,48.4183,0.0014,1338.4016,279.8293,485.3487,1241.565,2006.743,0.0872,24.4028,42.3253,108.2719,0.0492,0.0132,0.0031,0.0872,0.0238,0.0839,255.4265,443.0234,1133.2931,2.0206,3.5045,8.9649,253.4059,439.5188,1124.3282,0.0041,0.0011,3e-4,0.5104,0.1366,0.0319,0.5145,0.1377,0.0322,0.9128,0.2495,0.8785,1,1,1,-0,10.4671,10.4671,10.4671,0
CRMS0377,Wetland: Estuarine Emergent,66.4101,142.1259,216.6134,1443.0606,33943.9465,279.8293,1775.332,0.2734,48.4183,14.49,7,201,8,100,2055.1612,0,0.1362,0.8638,346.2394,0.8082,279.8293,1917.4578,0.9259,1775.332,496.4427,0.5637,279.8293,0,0,0,3218.3926,0.5516,1775.332,0.7266,1289.9833,0.4008,0,1289.9833,35233.9298,0.0366,1289.9833,3345.1445,0.0837,0.5307,0.3856,38948.7651,0.0127,0.0826,0.9046,0.0375,48.4183,0.0014,1338.4016,279.8293,485.3487,1241.565,2006.743,0.1002,28.0283,48.6136,124.358,0.0565,0.0151,0.0035,0.1002,0.0274,0.0964,251.8009,436.735,1117.207,2.0206,3.5045,8.9649,249.7804,433.2305,1108.2421,0.0041,0.0011,3e-4,0.5031,0.1346,0.0315,0.5072,0.1357,0.0317,0.8998,0.246,0.8661,1,1,1,-0,8.9838,8.9838,8.9838,0
CRMS0377,Wetland: Estuarine Emergent,66.4101,142.1259,216.6134,1443.0606,33943.9465,279.8293,1775.332,0.2734,48.4183,14.49,7,320,5,118,2055.1612,0,0.1362,0.8638,346.2394,0.8082,279.8293,1917.4578,0.9259,1775.332,496.4427,0.5637,279.8293,0,0,0,3218.3926,0.5516,1775.332,0.7266,1289.9833,0.4008,0,1289.9833,35233.9298,0.0366,1289.9833,3345.1445,0.0837,0.5307,0.3856,38948.7651,0.0127,0.0826,0.9046,0.0375,48.4183,0.0014,1338.4016,279.8293,485.3487,1241.565,2006.743,0.1595,44.6222,77.3949,197.9829,0.0899,0.024,0.0056,0.1595,0.0436,0.1535,235.207,407.9538,1043.5821,2.0206,3.5045,8.9649,233.1865,404.4493,1034.6172,0.0041,0.0011,3e-4,0.4697,0.1257,0.0294,0.4738,0.1268,0.0296,0.8405,0.2298,0.809,1,1,1,-0,5.2711,5.2711,5.2711,0
CRMS0377,Wetland: Estuarine Emergent,66.4101,142.1259,216.6134,1443.0606,33943.9465,279.8293,1775.332,0.2734,48.4183,14.49,7,414,1,136,2055.1612,0,0.1362,0.8638,346.2394,0.8082,279.8293,1917.4578,0.9259,1775.332,496.4427,0.5637,279.8293,0,0,0,3218.3926,0.5516,1775.332,0.7266,1289.9833,0.4008,0,1289.9833,35233.9298,0.0366,1289.9833,3345.1445,0.0837,0.5307,0.3856,38948.7651,0.0127,0.0826,0.9046,0.0375,48.4183,0.0014,1338.4016,279.8293,485.3487,1241.565,2006.743,0.2063,57.73,100.1296,256.1404,0.1163,0.0311,0.0073,0.2063,0.0564,0.1986,222.0992,385.2191,985.4246,2.0206,3.5045,8.9649,220.0787,381.7145,976.4597,0.0041,0.0011,3e-4,0.4433,0.1186,0.0277,0.4474,0.1197,0.028,0.7937,0.217,0.7639,1,1,1,-0,3.8472,3.8472,3.8472,0
CRMS0377,Wetland: Estuarine Emergent,66.4101,142.1259,216.6134,1443.0606,33943.9465,279.8293,1775.332,0.2734,48.4183,14.49,7,456,3,154,2055.1612,0,0.1362,0.8638,346.2394,0.8082,279.8293,1917.4578,0.9259,1775.332,496.4427,0.5637,279.8293,0,0,0,3218.3926,0.5516,1775.332,0.7266,1289.9833,0.4008,0,1289.9833,35233.9298,0.0366,1289.9833,3345.1445,0.0837,0.5307,0.3856,38948.7651,0.0127,0.0826,0.9046,0.0375,48.4183,0.0014,1338.4016,279.8293,485.3487,1241.565,2006.743,0.2272,63.5867,110.2877,282.1256,0.1281,0.0343,0.008,0.2272,0.0621,0.2187,216.2426,375.061,959.4394,2.0206,3.5045,8.9649,214.222,371.5565,950.4745,0.0041,0.0011,3e-4,0.4315,0.1154,0.027,0.4356,0.1165,0.0272,0.7728,0.2113,0.7438,1,1,1,-0,3.4008,3.4008,3.4008,0
CRMS0398,Wetland: Estuarine Emergent,166.1865,347.1126,237.8849,563.9184,53832.6241,583.0834,1043.4833,0.4324,434.1522,14.49,16,10,7,11,1626.5667,0,0.3585,0.6415,749.2699,0.7782,583.0834,1390.5959,0.7504,1043.4833,820.9683,0.7102,583.0834,0,0,0,1607.4017,0.6492,1043.4833,0.5676,592.3226,0.3685,0,592.3226,54424.9467,0.0109,592.3226,2218.8893,0.2628,0.4703,0.2669,56853.3167,0.0144,0.0283,0.9573,0.733,434.1522,0.008,1026.4748,583.0834,451.1607,158.1705,1192.4146,0.0084,4.8899,3.7836,1.3265,0.006,0.0024,0,0.0084,0.0036,0.0022,578.1935,447.3771,156.844,7.0855,5.4824,1.9221,571.1079,441.8947,154.9219,0.0086,0.0034,0,0.6957,0.2749,0.0028,0.7043,0.2783,0.0029,0.9916,0.4287,0.2648,1,1,1,0,118.2415,118.2415,118.2415,0
CRMS0398,Wetland: Estuarine Emergent,166.1865,347.1126,237.8849,563.9184,53832.6241,583.0834,1043.4833,0.4324,434.1522,14.49,16,105,9,29,1626.5667,0,0.3585,0.6415,749.2699,0.7782,583.0834,1390.5959,0.7504,1043.4833,820.9683,0.7102,583.0834,0,0,0,1607.4017,0.6492,1043.4833,0.5676,592.3226,0.3685,0,592.3226,54424.9467,0.0109,592.3226,2218.8893,0.2628,0.4703,0.2669,56853.3167,0.0144,0.0283,0.9573,0.733,434.1522,0.008,1026.4748,583.0834,451.1607,158.1705,1192.4146,0.0881,51.3444,39.7277,13.928,0.0625,0.0247,3e-4,0.0881,0.0381,0.0235,531.739,411.433,144.2425,7.0855,5.4824,1.9221,524.6535,405.9506,142.3204,0.0086,0.0034,0,0.6391,0.2526,0.0026,0.6477,0.256,0.0027,0.9119,0.3943,0.2435,1,1,1,0,10.3563,10.3563,10.3563,0
CRMS0398,Wetland: Estuarine Emergent,166.1865,347.1126,237.8849,563.9184,53832.6241,583.0834,1043.4833,0.4324,434.1522,14.49,16,123,6,47,1626.5667,0,0.3585,0.6415,749.2699,0.7782,583.0834,1390.5959,0.7504,1043.4833,820.9683,0.7102,583.0834,0,0,0,1607.4017,0.6492,1043.4833,0.5676,592.3226,0.3685,0,592.3226,54424.9467,0.0109,592.3226,2218.8893,0.2628,0.4703,0.2669,56853.3167,0.0144,0.0283,0.9573,0.733,434.1522,0.008,1026.4748,583.0834,451.1607,158.1705,1192.4146,0.1032,60.1462,46.5382,16.3156,0.0733,0.029,3e-4,0.1032,0.0446,0.0275,522.9372,404.6226,141.8548,7.0855,5.4824,1.9221,515.8516,399.1401,139.9328,0.0086,0.0034,0,0.6283,0.2483,0.0026,0.637,0.2517,0.0026,0.8968,0.3878,0.2395,1,1,1,0,8.6944,8.6944,8.6944,0
CRMS0398,Wetland: Estuarine Emergent,166.1865,347.1126,237.8849,563.9184,53832.6241,583.0834,1043.4833,0.4324,434.1522,14.49,16,156,4,65,1626.5667,0,0.3585,0.6415,749.2699,0.7782,583.0834,1390.5959,0.7504,1043.4833,820.9683,0.7102,583.0834,0,0,0,1607.4017,0.6492,1043.4833,0.5676,592.3226,0.3685,0,592.3226,54424.9467,0.0109,592.3226,2218.8893,0.2628,0.4703,0.2669,56853.3167,0.0144,0.0283,0.9573,0.733,434.1522,0.008,1026.4748,583.0834,451.1607,158.1705,1192.4146,0.1308,76.283,59.024,20.693,0.0929,0.0367,4e-4,0.1308,0.0566,0.0349,506.8004,392.1367,137.4775,7.0855,5.4824,1.9221,499.7148,386.6543,135.5554,0.0086,0.0034,0,0.6087,0.2405,0.0025,0.6173,0.244,0.0025,0.8692,0.3758,0.2321,1,1,1,0,6.6437,6.6437,6.6437,0
CRMS0398,Wetland: Estuarine Emergent,166.1865,347.1126,237.8849,563.9184,53832.6241,583.0834,1043.4833,0.4324,434.1522,14.49,16,175,2,83,1626.5667,0,0.3585,0.6415,749.2699,0.7782,583.0834,1390.5959,0.7504,1043.4833,820.9683,0.7102,583.0834,0,0,0,1607.4017,0.6492,1043.4833,0.5676,592.3226,0.3685,0,592.3226,54424.9467,0.0109,592.3226,2218.8893,0.2628,0.4703,0.2669,56853.3167,0.0144,0.0283,0.9573,0.733,434.1522,0.008,1026.4748,583.0834,451.1607,158.1705,1192.4146,0.1468,85.5739,66.2128,23.2133,0.1042,0.0412,4e-4,0.1468,0.0635,0.0392,497.5095,384.9479,134.9572,7.0855,5.4824,1.9221,490.4239,379.4655,133.0351,0.0086,0.0034,0,0.5974,0.2361,0.0024,0.606,0.2395,0.0025,0.8532,0.3689,0.2278,1,1,1,0,5.8138,5.8138,5.8138,0
CRMS0398,Wetland: Estuarine Emergent,166.1865,347.1126,237.8849,563.9184,53832.6241,583.0834,1043.4833,0.4324,434.1522,14.49,16,201,8,101,1626.5667,0,0.3585,0.6415,749.2699,0.7782,583.0834,1390.5959,0.7504,1043.4833,820.9683,0.7102,583.0834,0,0,0,1607.4017,0.6492,1043.4833,0.5676,592.3226,0.3685,0,592.3226,54424.9467,0.0109,592.3226,2218.8893,0.2628,0.4703,0.2669,56853.3167,0.0144,0.0283,0.9573,0.733,434.1522,0.008,1026.4748,583.0834,451.1607,158.1705,1192.4146,0.1686,98.2878,76.0501,26.6621,0.1197,0.0473,5e-4,0.1686,0.0729,0.045,484.7956,375.1106,131.5084,7.0855,5.4824,1.9221,477.7101,369.6281,129.5863,0.0086,0.0034,0,0.5819,0.23,0.0024,0.5905,0.2334,0.0024,0.8314,0.3595,0.222,1,1,1,0,4.9324,4.9324,4.9324,0
CRMS0398,Wetland: Estuarine Emergent,166.1865,347.1126,237.8849,563.9184,53832.6241,583.0834,1043.4833,0.4324,434.1522,14.49,16,320,5,119,1626.5667,0,0.3585,0.6415,749.2699,0.7782,583.0834,1390.5959,0.7504,1043.4833,820.9683,0.7102,583.0834,0,0,0,1607.4017,0.6492,1043.4833,0.5676,592.3226,0.3685,0,592.3226,54424.9467,0.0109,592.3226,2218.8893,0.2628,0.4703,0.2669,56853.3167,0.0144,0.0283,0.9573,0.733,434.1522,0.008,1026.4748,583.0834,451.1607,158.1705,1192.4146,0.2684,156.478,121.0749,42.4471,0.1906,0.0753,8e-4,0.2684,0.116,0.0717,426.6054,330.0859,115.7233,7.0855,5.4824,1.9221,419.5198,324.6034,113.8013,0.0086,0.0034,0,0.511,0.2019,0.0021,0.5196,0.2054,0.0021,0.7316,0.3163,0.1954,1,1,1,0,2.7263,2.7263,2.7263,0
CRMS0398,Wetland: Estuarine Emergent,166.1865,347.1126,237.8849,563.9184,53832.6241,583.0834,1043.4833,0.4324,434.1522,14.49,16,414,1,137,1626.5667,0,0.3585,0.6415,749.2699,0.7782,583.0834,1390.5959,0.7504,1043.4833,820.9683,0.7102,583.0834,0,0,0,1607.4017,0.6492,1043.4833,0.5676,592.3226,0.3685,0,592.3226,54424.9467,0.0109,592.3226,2218.8893,0.2628,0.4703,0.2669,56853.3167,0.0144,0.0283,0.9573,0.733,434.1522,0.008,1026.4748,583.0834,451.1607,158.1705,1192.4146,0.3472,202.4435,156.6406,54.9159,0.2466,0.0974,0.001,0.3472,0.1501,0.0927,380.6399,294.5201,103.2545,7.0855,5.4824,1.9221,373.5544,289.0377,101.3325,0.0086,0.0034,0,0.455,0.1798,0.0019,0.4636,0.1832,0.0019,0.6528,0.2822,0.1743,1,1,1,0,1.8802,1.8802,1.8802,0
CRMS0398,Wetland: Estuarine Emergent,166.1865,347.1126,237.8849,563.9184,53832.6241,583.0834,1043.4833,0.4324,434.1522,14.49,16,456,3,155,1626.5667,0,0.3585,0.6415,749.2699,0.7782,583.0834,1390.5959,0.7504,1043.4833,820.9683,0.7102,583.0834,0,0,0,1607.4017,0.6492,1043.4833,0.5676,592.3226,0.3685,0,592.3226,54424.9467,0.0109,592.3226,2218.8893,0.2628,0.4703,0.2669,56853.3167,0.0144,0.0283,0.9573,0.733,434.1522,0.008,1026.4748,583.0834,451.1607,158.1705,1192.4146,0.3824,222.9812,172.5317,60.4871,0.2716,0.1073,0.0011,0.3824,0.1653,0.1021,360.1022,278.629,97.6833,7.0855,5.4824,1.9221,353.0167,273.1466,95.7613,0.0086,0.0034,0,0.43,0.1699,0.0018,0.4386,0.1733,0.0018,0.6176,0.267,0.1649,1,1,1,0,1.6149,1.6149,1.6149,0
CRMS0399,Wetland: Estuarine Emergent,35.8444,518.4414,390.0195,1794.3442,49770.9039,403.9196,1739.4331,0.3025,500.0074,14.49,8,10,7,12,2143.3527,0,0.1885,0.8115,439.764,0.9185,403.9196,2257.8745,0.7704,1739.4331,793.9391,0.5088,403.9196,0,0,0,3533.7773,0.4922,1739.4331,0.6975,1213.2878,0.3433,0,1213.2878,50984.1917,0.0238,1213.2878,3356.6405,0.1203,0.5182,0.3615,55311.9082,0.0144,0.0639,0.9218,0.4121,500.0074,0.0098,1713.2952,403.9196,526.1453,713.2804,1643.3453,0.0061,2.4579,3.2017,4.3404,0.0031,9e-4,1e-4,0.0061,0.0018,0.0036,401.4617,522.9436,708.94,3.5615,4.6392,6.2893,397.9002,518.3044,702.6507,0.0045,0.0013,1e-4,0.5012,0.1467,0.0138,0.5057,0.148,0.0139,0.9939,0.3006,0.5843,1,1,1,0,163.3345,163.3345,163.3345,-0
CRMS0399,Wetland: Estuarine Emergent,35.8444,518.4414,390.0195,1794.3442,49770.9039,403.9196,1739.4331,0.3025,500.0074,14.49,8,105,9,30,2143.3527,0,0.1885,0.8115,439.764,0.9185,403.9196,2257.8745,0.7704,1739.4331,793.9391,0.5088,403.9196,0,0,0,3533.7773,0.4922,1739.4331,0.6975,1213.2878,0.3433,0,1213.2878,50984.1917,0.0238,1213.2878,3356.6405,0.1203,0.5182,0.3615,55311.9082,0.0144,0.0639,0.9218,0.4121,500.0074,0.0098,1713.2952,403.9196,526.1453,713.2804,1643.3453,0.0639,25.8081,33.6176,45.5744,0.0325,0.0095,9e-4,0.0639,0.0193,0.0376,378.1116,492.5278,667.706,3.5615,4.6392,6.2893,374.55,487.8885,661.4167,0.0045,0.0013,1e-4,0.4718,0.1381,0.013,0.4762,0.1394,0.0131,0.9361,0.2832,0.5503,1,1,1,0,14.6509,14.6509,14.6509,-0
CRMS0399,Wetland: Estuarine Emergent,35.8444,518.4414,390.0195,1794.3442,49770.9039,403.9196,1739.4331,0.3025,500.0074,14.49,8,123,6,48,2143.3527,0,0.1885,0.8115,439.764,0.9185,403.9196,2257.8745,0.7704,1739.4331,793.9391,0.5088,403.9196,0,0,0,3533.7773,0.4922,1739.4331,0.6975,1213.2878,0.3433,0,1213.2878,50984.1917,0.0238,1213.2878,3356.6405,0.1203,0.5182,0.3615,55311.9082,0.0144,0.0639,0.9218,0.4121,500.0074,0.0098,1713.2952,403.9196,526.1453,713.2804,1643.3453,0.0748,30.2323,39.3806,53.3871,0.0381,0.0111,0.001,0.0748,0.0226,0.044,373.6873,486.7647,659.8932,3.5615,4.6392,6.2893,370.1258,482.1255,653.604,0.0045,0.0013,1e-4,0.4662,0.1364,0.0128,0.4707,0.1377,0.0129,0.9252,0.2798,0.5439,1,1,1,0,12.3605,12.3605,12.3605,-0
CRMS0399,Wetland: Estuarine Emergent,35.8444,518.4414,390.0195,1794.3442,49770.9039,403.9196,1739.4331,0.3025,500.0074,14.49,8,156,4,66,2143.3527,0,0.1885,0.8115,439.764,0.9185,403.9196,2257.8745,0.7704,1739.4331,793.9391,0.5088,403.9196,0,0,0,3533.7773,0.4922,1739.4331,0.6975,1213.2878,0.3433,0,1213.2878,50984.1917,0.0238,1213.2878,3356.6405,0.1203,0.5182,0.3615,55311.9082,0.0144,0.0639,0.9218,0.4121,500.0074,0.0098,1713.2952,403.9196,526.1453,713.2804,1643.3453,0.0949,38.3434,49.9461,67.7105,0.0483,0.0141,0.0013,0.0949,0.0287,0.0558,365.5762,476.1992,645.5699,3.5615,4.6392,6.2893,362.0147,471.56,639.2806,0.0045,0.0013,1e-4,0.456,0.1334,0.0125,0.4605,0.1348,0.0127,0.9051,0.2738,0.5321,1,1,1,0,9.5343,9.5343,9.5343,-0
CRMS0399,Wetland: Estuarine Emergent,35.8444,518.4414,390.0195,1794.3442,49770.9039,403.9196,1739.4331,0.3025,500.0074,14.49,8,175,2,84,2143.3527,0,0.1885,0.8115,439.764,0.9185,403.9196,2257.8745,0.7704,1739.4331,793.9391,0.5088,403.9196,0,0,0,3533.7773,0.4922,1739.4331,0.6975,1213.2878,0.3433,0,1213.2878,50984.1917,0.0238,1213.2878,3356.6405,0.1203,0.5182,0.3615,55311.9082,0.0144,0.0639,0.9218,0.4121,500.0074,0.0098,1713.2952,403.9196,526.1453,713.2804,1643.3453,0.1065,43.0134,56.0293,75.9573,0.0542,0.0159,0.0015,0.1065,0.0322,0.0626,360.9062,470.116,637.3231,3.5615,4.6392,6.2893,357.3447,465.4768,631.0338,0.0045,0.0013,1e-4,0.4501,0.1317,0.0124,0.4546,0.133,0.0125,0.8935,0.2703,0.5253,1,1,1,0,8.3905,8.3905,8.3905,-0
CRMS0399,Wetland: Estuarine Emergent,35.8444,518.4414,390.0195,1794.3442,49770.9039,403.9196,1739.4331,0.3025,500.0074,14.49,8,201,8,102,2143.3527,0,0.1885,0.8115,439.764,0.9185,403.9196,2257.8745,0.7704,1739.4331,793.9391,0.5088,403.9196,0,0,0,3533.7773,0.4922,1739.4331,0.6975,1213.2878,0.3433,0,1213.2878,50984.1917,0.0238,1213.2878,3356.6405,0.1203,0.5182,0.3615,55311.9082,0.0144,0.0639,0.9218,0.4121,500.0074,0.0098,1713.2952,403.9196,526.1453,713.2804,1643.3453,0.1223,49.404,64.3536,87.2424,0.0622,0.0182,0.0017,0.1223,0.037,0.0719,354.5156,461.7917,626.038,3.5615,4.6392,6.2893,350.9541,457.1525,619.7487,0.0045,0.0013,1e-4,0.442,0.1294,0.0122,0.4465,0.1307,0.0123,0.8777,0.2655,0.516,1,1,1,0,7.1758,7.1758,7.1758,-0
CRMS0399,Wetland: Estuarine Emergent,35.8444,518.4414,390.0195,1794.3442,49770.9039,403.9196,1739.4331,0.3025,500.0074,14.49,8,320,5,120,2143.3527,0,0.1885,0.8115,439.764,0.9185,403.9196,2257.8745,0.7704,1739.4331,793.9391,0.5088,403.9196,0,0,0,3533.7773,0.4922,1739.4331,0.6975,1213.2878,0.3433,0,1213.2878,50984.1917,0.0238,1213.2878,3356.6405,0.1203,0.5182,0.3615,55311.9082,0.0144,0.0639,0.9218,0.4121,500.0074,0.0098,1713.2952,403.9196,526.1453,713.2804,1643.3453,0.1947,78.6531,102.4535,138.8933,0.0991,0.029,0.0027,0.1947,0.0589,0.1145,325.2665,423.6918,574.387,3.5615,4.6392,6.2893,321.705,419.0526,568.0978,0.0045,0.0013,1e-4,0.4052,0.1186,0.0111,0.4097,0.1199,0.0113,0.8053,0.2436,0.4734,1,1,1,0,4.1355,4.1355,4.1355,-0
CRMS0399,Wetland: Estuarine Emergent,35.8444,518.4414,390.0195,1794.3442,49770.9039,403.9196,1739.4331,0.3025,500.0074,14.49,8,414,1,138,2143.3527,0,0.1885,0.8115,439.764,0.9185,403.9196,2257.8745,0.7704,1739.4331,793.9391,0.5088,403.9196,0,0,0,3533.7773,0.4922,1739.4331,0.6975,1213.2878,0.3433,0,1213.2878,50984.1917,0.0238,1213.2878,3356.6405,0.1203,0.5182,0.3615,55311.9082,0.0144,0.0639,0.9218,0.4121,500.0074,0.0098,1713.2952,403.9196,526.1453,713.2804,1643.3453,0.2519,101.7575,132.5492,179.6933,0.1282,0.0375,0.0035,0.2519,0.0762,0.1481,302.1621,393.5961,533.5871,3.5615,4.6392,6.2893,298.6006,388.9569,527.2979,0.0045,0.0013,1e-4,0.3761,0.1101,0.0103,0.3806,0.1114,0.0105,0.7481,0.2263,0.4398,1,1,1,0,2.9694,2.9694,2.9694,-0
CRMS0399,Wetland: Estuarine Emergent,35.8444,518.4414,390.0195,1794.3442,49770.9039,403.9196,1739.4331,0.3025,500.0074,14.49,8,456,3,156,2143.3527,0,0.1885,0.8115,439.764,0.9185,403.9196,2257.8745,0.7704,1739.4331,793.9391,0.5088,403.9196,0,0,0,3533.7773,0.4922,1739.4331,0.6975,1213.2878,0.3433,0,1213.2878,50984.1917,0.0238,1213.2878,3356.6405,0.1203,0.5182,0.3615,55311.9082,0.0144,0.0639,0.9218,0.4121,500.0074,0.0098,1713.2952,403.9196,526.1453,713.2804,1643.3453,0.2775,112.0807,145.9963,197.923,0.1412,0.0413,0.0039,0.2775,0.0839,0.1631,291.8389,380.1491,515.3574,3.5615,4.6392,6.2893,288.2774,375.5098,509.0681,0.0045,0.0013,1e-4,0.3631,0.1063,0.01,0.3676,0.1076,0.0101,0.7225,0.2185,0.4248,1,1,1,0,2.6038,2.6038,2.6038,-0
CRMS2825,Wetland: Estuarine Emergent,442.0395,46.2689,859.17,1010.5917,64693.1566,1266.0178,2260.223,0.3683,454.9488,14.49,9,10,7,13,3526.2408,0,0.359,0.641,1708.0573,0.7412,1266.0178,2306.4919,0.9799,2260.223,2125.1877,0.5957,1266.0178,0,0,0,3270.8147,0.691,2260.223,0.6317,1427.8396,0.4365,0,1427.8396,66120.9962,0.0216,1427.8396,4954.0804,0.2556,0.4562,0.2882,71516.9986,0.0297,0.0457,0.9245,0.3186,454.9488,0.0069,1882.7884,1266.0178,832.3835,972.8907,3071.292,0.0033,4.1221,2.7102,3.1677,0.0019,8e-4,0,0.0033,0.0012,0.0022,1261.8957,829.6733,969.723,5.9729,3.9271,4.59,1255.9227,825.7462,965.1331,0.0028,0.0012,1e-4,0.591,0.2525,0.0146,0.5938,0.2537,0.0147,0.9967,0.3671,0.6792,1,1,1,0,306.1292,306.1292,306.1292,0
CRMS2825,Wetland: Estuarine Emergent,442.0395,46.2689,859.17,1010.5917,64693.1566,1266.0178,2260.223,0.3683,454.9488,14.49,9,105,9,31,3526.2408,0,0.359,0.641,1708.0573,0.7412,1266.0178,2306.4919,0.9799,2260.223,2125.1877,0.5957,1266.0178,0,0,0,3270.8147,0.691,2260.223,0.6317,1427.8396,0.4365,0,1427.8396,66120.9962,0.0216,1427.8396,4954.0804,0.2556,0.4562,0.2882,71516.9986,0.0297,0.0457,0.9245,0.3186,454.9488,0.0069,1882.7884,1266.0178,832.3835,972.8907,3071.292,0.0342,43.2821,28.4572,33.2608,0.0204,0.0087,5e-4,0.0342,0.0126,0.0233,1222.7357,803.9263,939.63,5.9729,3.9271,4.59,1216.7628,799.9992,935.04,0.0028,0.0012,1e-4,0.5725,0.2446,0.0141,0.5754,0.2458,0.0142,0.9658,0.3557,0.6581,1,1,1,0,28.2504,28.2504,28.2504,0
CRMS2825,Wetland: Estuarine Emergent,442.0395,46.2689,859.17,1010.5917,64693.1566,1266.0178,2260.223,0.3683,454.9488,14.49,9,123,6,49,3526.2408,0,0.359,0.641,1708.0573,0.7412,1266.0178,2306.4919,0.9799,2260.223,2125.1877,0.5957,1266.0178,0,0,0,3270.8147,0.691,2260.223,0.6317,1427.8396,0.4365,0,1427.8396,66120.9962,0.0216,1427.8396,4954.0804,0.2556,0.4562,0.2882,71516.9986,0.0297,0.0457,0.9245,0.3186,454.9488,0.0069,1882.7884,1266.0178,832.3835,972.8907,3071.292,0.04,50.7019,33.3355,38.9626,0.0239,0.0102,6e-4,0.04,0.0147,0.0273,1215.3159,799.0479,933.9281,5.9729,3.9271,4.59,1209.343,795.1208,929.3381,0.0028,0.0012,1e-4,0.5691,0.2431,0.0141,0.5719,0.2443,0.0141,0.96,0.3535,0.6541,1,1,1,0,23.9699,23.9699,23.9699,0
CRMS2825,Wetland: Estuarine Emergent,442.0395,46.2689,859.17,1010.5917,64693.1566,1266.0178,2260.223,0.3683,454.9488,14.49,9,156,4,67,3526.2408,0,0.359,0.641,1708.0573,0.7412,1266.0178,2306.4919,0.9799,2260.223,2125.1877,0.5957,1266.0178,0,0,0,3270.8147,0.691,2260.223,0.6317,1427.8396,0.4365,0,1427.8396,66120.9962,0.0216,1427.8396,4954.0804,0.2556,0.4562,0.2882,71516.9986,0.0297,0.0457,0.9245,0.3186,454.9488,0.0069,1882.7884,1266.0178,832.3835,972.8907,3071.292,0.0508,64.3048,42.2792,49.416,0.0303,0.0129,7e-4,0.0508,0.0187,0.0346,1201.713,790.1042,923.4747,5.9729,3.9271,4.59,1195.74,786.1772,918.8848,0.0028,0.0012,1e-4,0.5627,0.2404,0.0139,0.5655,0.2416,0.014,0.9492,0.3496,0.6468,1,1,1,0,18.6878,18.6878,18.6878,0
CRMS2825,Wetland: Estuarine Emergent,442.0395,46.2689,859.17,1010.5917,64693.1566,1266.0178,2260.223,0.3683,454.9488,14.49,9,175,2,85,3526.2408,0,0.359,0.641,1708.0573,0.7412,1266.0178,2306.4919,0.9799,2260.223,2125.1877,0.5957,1266.0178,0,0,0,3270.8147,0.691,2260.223,0.6317,1427.8396,0.4365,0,1427.8396,66120.9962,0.0216,1427.8396,4954.0804,0.2556,0.4562,0.2882,71516.9986,0.0297,0.0457,0.9245,0.3186,454.9488,0.0069,1882.7884,1266.0178,832.3835,972.8907,3071.292,0.057,72.1368,47.4286,55.4346,0.0339,0.0145,8e-4,0.057,0.021,0.0388,1193.881,784.9549,917.4561,5.9729,3.9271,4.59,1187.9081,781.0278,912.8661,0.0028,0.0012,1e-4,0.559,0.2388,0.0138,0.5618,0.24,0.0139,0.943,0.3473,0.6425,1,1,1,0,16.5502,16.5502,16.5502,0
CRMS2825,Wetland: Estuarine Emergent,442.0395,46.2689,859.17,1010.5917,64693.1566,1266.0178,2260.223,0.3683,454.9488,14.49,9,201,8,103,3526.2408,0,0.359,0.641,1708.0573,0.7412,1266.0178,2306.4919,0.9799,2260.223,2125.1877,0.5957,1266.0178,0,0,0,3270.8147,0.691,2260.223,0.6317,1427.8396,0.4365,0,1427.8396,66120.9962,0.0216,1427.8396,4954.0804,0.2556,0.4562,0.2882,71516.9986,0.0297,0.0457,0.9245,0.3186,454.9488,0.0069,1882.7884,1266.0178,832.3835,972.8907,3071.292,0.0654,82.8542,54.4751,63.6706,0.039,0.0167,0.001,0.0654,0.0241,0.0446,1183.1635,777.9083,909.2201,5.9729,3.9271,4.59,1177.1906,773.9812,904.6301,0.0028,0.0012,1e-4,0.5539,0.2366,0.0137,0.5567,0.2378,0.0138,0.9346,0.3442,0.6368,1,1,1,0,14.2801,14.2801,14.2801,0
CRMS2825,Wetland: Estuarine Emergent,442.0395,46.2689,859.17,1010.5917,64693.1566,1266.0178,2260.223,0.3683,454.9488,14.49,9,320,5,121,3526.2408,0,0.359,0.641,1708.0573,0.7412,1266.0178,2306.4919,0.9799,2260.223,2125.1877,0.5957,1266.0178,0,0,0,3270.8147,0.691,2260.223,0.6317,1427.8396,0.4365,0,1427.8396,66120.9962,0.0216,1427.8396,4954.0804,0.2556,0.4562,0.2882,71516.9986,0.0297,0.0457,0.9245,0.3186,454.9488,0.0069,1882.7884,1266.0178,832.3835,972.8907,3071.292,0.1042,131.9073,86.7266,101.3661,0.0621,0.0265,0.0015,0.1042,0.0384,0.071,1134.1105,745.6569,871.5246,5.9729,3.9271,4.59,1128.1376,741.7298,866.9346,0.0028,0.0012,1e-4,0.5308,0.2268,0.0131,0.5337,0.228,0.0132,0.8958,0.3299,0.6104,1,1,1,0,8.5978,8.5978,8.5978,0
CRMS2825,Wetland: Estuarine Emergent,442.0395,46.2689,859.17,1010.5917,64693.1566,1266.0178,2260.223,0.3683,454.9488,14.49,9,414,1,139,3526.2408,0,0.359,0.641,1708.0573,0.7412,1266.0178,2306.4919,0.9799,2260.223,2125.1877,0.5957,1266.0178,0,0,0,3270.8147,0.691,2260.223,0.6317,1427.8396,0.4365,0,1427.8396,66120.9962,0.0216,1427.8396,4954.0804,0.2556,0.4562,0.2882,71516.9986,0.0297,0.0457,0.9245,0.3186,454.9488,0.0069,1882.7884,1266.0178,832.3835,972.8907,3071.292,0.1348,170.655,112.2025,131.1425,0.0803,0.0343,0.002,0.1348,0.0496,0.0918,1095.3628,720.1809,841.7483,5.9729,3.9271,4.59,1089.3898,716.2538,837.1583,0.0028,0.0012,1e-4,0.5126,0.219,0.0127,0.5154,0.2202,0.0127,0.8652,0.3186,0.5895,1,1,1,0,6.4186,6.4186,6.4186,0
CRMS2825,Wetland: Estuarine Emergent,442.0395,46.2689,859.17,1010.5917,64693.1566,1266.0178,2260.223,0.3683,454.9488,14.49,9,456,3,157,3526.2408,0,0.359,0.641,1708.0573,0.7412,1266.0178,2306.4919,0.9799,2260.223,2125.1877,0.5957,1266.0178,0,0,0,3270.8147,0.691,2260.223,0.6317,1427.8396,0.4365,0,1427.8396,66120.9962,0.0216,1427.8396,4954.0804,0.2556,0.4562,0.2882,71516.9986,0.0297,0.0457,0.9245,0.3186,454.9488,0.0069,1882.7884,1266.0178,832.3835,972.8907,3071.292,0.1485,187.9678,123.5854,144.4468,0.0884,0.0378,0.0022,0.1485,0.0547,0.1012,1078.0499,708.7981,828.444,5.9729,3.9271,4.59,1072.077,704.871,823.854,0.0028,0.0012,1e-4,0.5045,0.2155,0.0125,0.5073,0.2167,0.0125,0.8515,0.3136,0.5802,1,1,1,0,5.7353,5.7353,5.7353,0
CRMS3166,Wetland: Palustrine Emergent,78.4701,122.5077,382.2731,614.062,73041.3133,363.569,2431.5026,0.4022,223.0041,14.49,6,-22.7,1,6,2795.0715,0,0.1301,0.8699,442.0391,0.8225,363.569,2554.0102,0.952,2431.5026,745.8421,0.4875,363.569,0,0,0,3045.5645,0.7984,2431.5026,0.5978,1453.6247,0.4773,0,1453.6247,74494.938,0.0195,1453.6247,4248.6963,0.0856,0.5723,0.3421,78286.3447,0.0095,0.0389,0.9516,0.1534,223.0041,0.003,1676.6288,363.569,977.8779,1230.6206,2572.0675,-0.0088,-3.2087,-8.6303,-10.860900000000001,-0.0043,-0.0028,-1e-4,-0.0088,-0.0035,-0.0075,366.7777,986.5082,1241.4816,2.0482,5.509,6.9328,364.7295,980.9992,1234.5487,0.0027,0.0018,1e-4,0.489,0.3221,0.0166,0.4918,0.3239,0.0167,1.0088,0.4057,0.8541,1,1,1,0,-114.3069,-114.3069,-114.3069,0
CRMS3166,Wetland: Palustrine Emergent,78.4701,122.5077,382.2731,614.062,73041.3133,363.569,2431.5026,0.4022,223.0041,14.49,6,73,3,12,2795.0715,0,0.1301,0.8699,442.0391,0.8225,363.569,2554.0102,0.952,2431.5026,745.8421,0.4875,363.569,0,0,0,3045.5645,0.7984,2431.5026,0.5978,1453.6247,0.4773,0,1453.6247,74494.938,0.0195,1453.6247,4248.6963,0.0856,0.5723,0.3421,78286.3447,0.0095,0.0389,0.9516,0.1534,223.0041,0.003,1676.6288,363.569,977.8779,1230.6206,2572.0675,0.0284,10.3188,27.754,34.9273,0.0138,0.0091,5e-4,0.0284,0.0114,0.024,353.2502,950.1239,1195.6933,2.0482,5.509,6.9328,351.202,944.6149,1188.7605,0.0027,0.0018,1e-4,0.4709,0.3102,0.016,0.4736,0.312,0.0161,0.9716,0.3908,0.8226,1,1,1,0,34.2338,34.2338,34.2338,0
CRMS3166,Wetland: Palustrine Emergent,78.4701,122.5077,382.2731,614.062,73041.3133,363.569,2431.5026,0.4022,223.0041,14.49,6,197,2,18,2795.0715,0,0.1301,0.8699,442.0391,0.8225,363.569,2554.0102,0.952,2431.5026,745.8421,0.4875,363.569,0,0,0,3045.5645,0.7984,2431.5026,0.5978,1453.6247,0.4773,0,1453.6247,74494.938,0.0195,1453.6247,4248.6963,0.0856,0.5723,0.3421,78286.3447,0.0095,0.0389,0.9516,0.1534,223.0041,0.003,1676.6288,363.569,977.8779,1230.6206,2572.0675,0.0766,27.8465,74.8977,94.2558,0.0373,0.0246,0.0013,0.0766,0.0308,0.0648,335.7225,902.9802,1136.3648,2.0482,5.509,6.9328,333.6743,897.4712,1129.432,0.0027,0.0018,1e-4,0.4474,0.2947,0.0152,0.4501,0.2965,0.0153,0.9234,0.3714,0.7817,1,1,1,0,12.0562,12.0562,12.0562,0
CRMS3565,Wetland: Estuarine Emergent,209.3613,331.7489,631.7829,1147.0611,53948.1205,683.499,1599.1862,0.4002,422.9521,14.49,10,10,7,14,2282.6852,0,0.2994,0.7006,892.8603,0.7655,683.499,1930.9351,0.8282,1599.1862,1315.2819,0.5197,683.499,0,0,0,2746.2473,0.5823,1599.1862,0.5998,959.2431,0.3493,0,959.2431,54907.3636,0.0175,959.2431,3241.9283,0.2108,0.4933,0.2959,58968.8928,0.0223,0.0466,0.9311,0.4409,422.9521,0.0077,1382.1952000000001,683.499,639.9431,536.2911,1859.7331,0.0054,3.6753,3.441,2.8837,0.0028,0.0013,1e-4,0.0054,0.0022,0.003,679.8237,636.502,533.4074,5.3254,4.9861,4.1785,674.4983,631.5159,529.2289,0.004,0.0018,1e-4,0.5128,0.23,0.0096,0.5169,0.2318,0.0097,0.9946,0.398,0.5561,1,1,1,0,184.9733,184.9733,184.9733,0
CRMS3565,Wetland: Estuarine Emergent,209.3613,331.7489,631.7829,1147.0611,53948.1205,683.499,1599.1862,0.4002,422.9521,14.49,10,105,9,32,2282.6852,0,0.2994,0.7006,892.8603,0.7655,683.499,1930.9351,0.8282,1599.1862,1315.2819,0.5197,683.499,0,0,0,2746.2473,0.5823,1599.1862,0.5998,959.2431,0.3493,0,959.2431,54907.3636,0.0175,959.2431,3241.9283,0.2108,0.4933,0.2959,58968.8928,0.0223,0.0466,0.9311,0.4409,422.9521,0.0077,1382.1952000000001,683.499,639.9431,536.2911,1859.7331,0.0565,38.5902,36.131,30.2788,0.0293,0.0132,6e-4,0.0565,0.0226,0.0316,644.9088,603.8121,506.0122,5.3254,4.9861,4.1785,639.5834,598.826,501.8338,0.004,0.0018,1e-4,0.4863,0.2181,0.0091,0.4903,0.2199,0.0092,0.9435,0.3776,0.5275,1,1,1,0,16.7117,16.7117,16.7117,0
CRMS3565,Wetland: Estuarine Emergent,209.3613,331.7489,631.7829,1147.0611,53948.1205,683.499,1599.1862,0.4002,422.9521,14.49,10,123,6,50,2282.6852,0,0.2994,0.7006,892.8603,0.7655,683.499,1930.9351,0.8282,1599.1862,1315.2819,0.5197,683.499,0,0,0,2746.2473,0.5823,1599.1862,0.5998,959.2431,0.3493,0,959.2431,54907.3636,0.0175,959.2431,3241.9283,0.2108,0.4933,0.2959,58968.8928,0.0223,0.0466,0.9311,0.4409,422.9521,0.0077,1382.1952000000001,683.499,639.9431,536.2911,1859.7331,0.0661,45.2056,42.3249,35.4695,0.0344,0.0154,6e-4,0.0661,0.0265,0.037,638.2934,597.6182,500.8216,5.3254,4.9861,4.1785,632.9679,592.6321,496.6431,0.004,0.0018,1e-4,0.4812,0.2158,0.009,0.4853,0.2176,0.0091,0.9339,0.3737,0.5221,1,1,1,0,14.1198,14.1198,14.1198,0
CRMS3565,Wetland: Estuarine Emergent,209.3613,331.7489,631.7829,1147.0611,53948.1205,683.499,1599.1862,0.4002,422.9521,14.49,10,156,4,68,2282.6852,0,0.2994,0.7006,892.8603,0.7655,683.499,1930.9351,0.8282,1599.1862,1315.2819,0.5197,683.499,0,0,0,2746.2473,0.5823,1599.1862,0.5998,959.2431,0.3493,0,959.2431,54907.3636,0.0175,959.2431,3241.9283,0.2108,0.4933,0.2959,58968.8928,0.0223,0.0466,0.9311,0.4409,422.9521,0.0077,1382.1952000000001,683.499,639.9431,536.2911,1859.7331,0.0839,57.3339,53.6803,44.9857,0.0436,0.0195,8e-4,0.0839,0.0336,0.0469,626.165,586.2627,491.3054,5.3254,4.9861,4.1785,620.8396,581.2766,487.1269,0.004,0.0018,1e-4,0.472,0.2117,0.0089,0.4761,0.2135,0.0089,0.9161,0.3666,0.5122,1,1,1,0,10.9214,10.9214,10.9214,0
CRMS3565,Wetland: Estuarine Emergent,209.3613,331.7489,631.7829,1147.0611,53948.1205,683.499,1599.1862,0.4002,422.9521,14.49,10,175,2,86,2282.6852,0,0.2994,0.7006,892.8603,0.7655,683.499,1930.9351,0.8282,1599.1862,1315.2819,0.5197,683.499,0,0,0,2746.2473,0.5823,1599.1862,0.5998,959.2431,0.3493,0,959.2431,54907.3636,0.0175,959.2431,3241.9283,0.2108,0.4933,0.2959,58968.8928,0.0223,0.0466,0.9311,0.4409,422.9521,0.0077,1382.1952000000001,683.499,639.9431,536.2911,1859.7331,0.0941,64.3169,60.2183,50.4647,0.0489,0.0219,9e-4,0.0941,0.0377,0.0526,619.1821,579.7247,485.8263,5.3254,4.9861,4.1785,613.8566,574.7387,481.6479,0.004,0.0018,1e-4,0.4667,0.2093,0.0088,0.4708,0.2111,0.0088,0.9059,0.3625,0.5065,1,1,1,0,9.627,9.627,9.627,0
CRMS3565,Wetland: Estuarine Emergent,209.3613,331.7489,631.7829,1147.0611,53948.1205,683.499,1599.1862,0.4002,422.9521,14.49,10,201,8,104,2282.6852,0,0.2994,0.7006,892.8603,0.7655,683.499,1930.9351,0.8282,1599.1862,1315.2819,0.5197,683.499,0,0,0,2746.2473,0.5823,1599.1862,0.5998,959.2431,0.3493,0,959.2431,54907.3636,0.0175,959.2431,3241.9283,0.2108,0.4933,0.2959,58968.8928,0.0223,0.0466,0.9311,0.4409,422.9521,0.0077,1382.1952000000001,683.499,639.9431,536.2911,1859.7331,0.1081,73.8726,69.1651,57.9624,0.0562,0.0252,0.0011,0.1081,0.0433,0.0604,609.6264,570.778,478.3287,5.3254,4.9861,4.1785,604.301,565.7919,474.1502,0.004,0.0018,1e-4,0.4594,0.206,0.0086,0.4635,0.2078,0.0087,0.8919,0.3569,0.4987,1,1,1,0,8.2524,8.2524,8.2524,0
CRMS3565,Wetland: Estuarine Emergent,209.3613,331.7489,631.7829,1147.0611,53948.1205,683.499,1599.1862,0.4002,422.9521,14.49,10,320,5,122,2282.6852,0,0.2994,0.7006,892.8603,0.7655,683.499,1930.9351,0.8282,1599.1862,1315.2819,0.5197,683.499,0,0,0,2746.2473,0.5823,1599.1862,0.5998,959.2431,0.3493,0,959.2431,54907.3636,0.0175,959.2431,3241.9283,0.2108,0.4933,0.2959,58968.8928,0.0223,0.0466,0.9311,0.4409,422.9521,0.0077,1382.1952000000001,683.499,639.9431,536.2911,1859.7331,0.1721,117.6081,110.1135,92.2784,0.0894,0.0401,0.0017,0.1721,0.0689,0.0962,565.8909,529.8295,444.0127,5.3254,4.9861,4.1785,560.5655,524.8435,439.8342,0.004,0.0018,1e-4,0.4262,0.1911,0.008,0.4302,0.1929,0.0081,0.8279,0.3313,0.4629,1,1,1,0,4.8117,4.8117,4.8117,0
CRMS3565,Wetland: Estuarine Emergent,209.3613,331.7489,631.7829,1147.0611,53948.1205,683.499,1599.1862,0.4002,422.9521,14.49,10,414,1,140,2282.6852,0,0.2994,0.7006,892.8603,0.7655,683.499,1930.9351,0.8282,1599.1862,1315.2819,0.5197,683.499,0,0,0,2746.2473,0.5823,1599.1862,0.5998,959.2431,0.3493,0,959.2431,54907.3636,0.0175,959.2431,3241.9283,0.2108,0.4933,0.2959,58968.8928,0.0223,0.0466,0.9311,0.4409,422.9521,0.0077,1382.1952000000001,683.499,639.9431,536.2911,1859.7331,0.2226,152.1555,142.4594,119.3851,0.1157,0.0519,0.0022,0.2226,0.0891,0.1245,531.3435,497.4837,416.9059,5.3254,4.9861,4.1785,526.0181,492.4976,412.7275,0.004,0.0018,1e-4,0.3999,0.1793,0.0075,0.404,0.1812,0.0076,0.7774,0.3111,0.4346,1,1,1,0,3.4921,3.4921,3.4921,0
CRMS3565,Wetland: Estuarine Emergent,209.3613,331.7489,631.7829,1147.0611,53948.1205,683.499,1599.1862,0.4002,422.9521,14.49,10,456,3,158,2282.6852,0,0.2994,0.7006,892.8603,0.7655,683.499,1930.9351,0.8282,1599.1862,1315.2819,0.5197,683.499,0,0,0,2746.2473,0.5823,1599.1862,0.5998,959.2431,0.3493,0,959.2431,54907.3636,0.0175,959.2431,3241.9283,0.2108,0.4933,0.2959,58968.8928,0.0223,0.0466,0.9311,0.4409,422.9521,0.0077,1382.1952000000001,683.499,639.9431,536.2911,1859.7331,0.2452,167.5915,156.9118,131.4967,0.1274,0.0571,0.0024,0.2452,0.0981,0.1371,515.9075,483.0313,404.7944,5.3254,4.9861,4.1785,510.582,478.0452,400.6159,0.004,0.0018,1e-4,0.3882,0.1741,0.0073,0.3922,0.1759,0.0074,0.7548,0.302,0.422,1,1,1,0,3.0784,3.0784,3.0784,0
CRMS3617,Wetland: Estuarine Emergent,98.6994,99.241,361.6602,1532.6094,52575.1447,536.2169,2605.6726,0.2553,331.2891,14.49,11,10,7,15,3141.8894,0,0.1707,0.8293,634.9163,0.8445,536.2169,2704.9136,0.9633,2605.6726,897.8771,0.5972,536.2169,0,0,0,4138.282,0.6297,2605.6726,0.7447,1940.376,0.4689,0,1940.376,54515.5207,0.0356,1940.376,5082.2654,0.1055,0.5127,0.3818,59551.6798,0.0151,0.0695,0.9154,0.1707,331.2891,0.0061,2271.6651,536.2169,665.2966,1609.0869,2810.6004,0.0036,1.9078,2.3671,5.7251,0.0021,6e-4,1e-4,0.0036,9e-4,0.003,534.3091,662.9295,1603.3618,2.7645,3.4299,8.2956,531.5446,659.4996,1595.0662,0.0031,8e-4,2e-4,0.592,0.1594,0.0293,0.5951,0.1602,0.0294,0.9964,0.2544,0.8263,1,1,1,0,280.06,280.06,280.06,0
CRMS3617,Wetland: Estuarine Emergent,98.6994,99.241,361.6602,1532.6094,52575.1447,536.2169,2605.6726,0.2553,331.2891,14.49,11,105,9,33,3141.8894,0,0.1707,0.8293,634.9163,0.8445,536.2169,2704.9136,0.9633,2605.6726,897.8771,0.5972,536.2169,0,0,0,4138.282,0.6297,2605.6726,0.7447,1940.376,0.4689,0,1940.376,54515.5207,0.0356,1940.376,5082.2654,0.1055,0.5127,0.3818,59551.6798,0.0151,0.0695,0.9154,0.1707,331.2891,0.0061,2271.6651,536.2169,665.2966,1609.0869,2810.6004,0.0374,20.0323,24.8545,60.1132,0.0223,0.006,0.0011,0.0374,0.0095,0.031,516.1846,640.442,1548.9737,2.7645,3.4299,8.2956,513.4201,637.0121,1540.6781,0.0031,8e-4,2e-4,0.5718,0.1539,0.0283,0.5749,0.1548,0.0284,0.9626,0.2458,0.7983,1,1,1,0,25.7676,25.7676,25.7676,0
CRMS3617,Wetland: Estuarine Emergent,98.6994,99.241,361.6602,1532.6094,52575.1447,536.2169,2605.6726,0.2553,331.2891,14.49,11,123,6,51,3141.8894,0,0.1707,0.8293,634.9163,0.8445,536.2169,2704.9136,0.9633,2605.6726,897.8771,0.5972,536.2169,0,0,0,4138.282,0.6297,2605.6726,0.7447,1940.376,0.4689,0,1940.376,54515.5207,0.0356,1940.376,5082.2654,0.1055,0.5127,0.3818,59551.6798,0.0151,0.0695,0.9154,0.1707,331.2891,0.0061,2271.6651,536.2169,665.2966,1609.0869,2810.6004,0.0438,23.4664,29.1153,70.4183,0.0261,0.007,0.0013,0.0438,0.0112,0.0363,512.7505,636.1813,1538.6686,2.7645,3.4299,8.2956,509.986,632.7513,1530.373,0.0031,8e-4,2e-4,0.568,0.1529,0.0281,0.5711,0.1537,0.0282,0.9562,0.2442,0.793,1,1,1,0,21.8504,21.8504,21.8504,0
CRMS3617,Wetland: Estuarine Emergent,98.6994,99.241,361.6602,1532.6094,52575.1447,536.2169,2605.6726,0.2553,331.2891,14.49,11,156,4,69,3141.8894,0,0.1707,0.8293,634.9163,0.8445,536.2169,2704.9136,0.9633,2605.6726,897.8771,0.5972,536.2169,0,0,0,4138.282,0.6297,2605.6726,0.7447,1940.376,0.4689,0,1940.376,54515.5207,0.0356,1940.376,5082.2654,0.1055,0.5127,0.3818,59551.6798,0.0151,0.0695,0.9154,0.1707,331.2891,0.0061,2271.6651,536.2169,665.2966,1609.0869,2810.6004,0.0555,29.7623,36.9267,89.311,0.0331,0.0089,0.0016,0.0555,0.0142,0.046,506.4546,628.3698,1519.7759,2.7645,3.4299,8.2956,503.6902,624.9399,1511.4803,0.0031,8e-4,2e-4,0.561,0.151,0.0277,0.5641,0.1518,0.0279,0.9445,0.2412,0.7832,1,1,1,0,17.0167,17.0167,17.0167,0
CRMS3617,Wetland: Estuarine Emergent,98.6994,99.241,361.6602,1532.6094,52575.1447,536.2169,2605.6726,0.2553,331.2891,14.49,11,175,2,87,3141.8894,0,0.1707,0.8293,634.9163,0.8445,536.2169,2704.9136,0.9633,2605.6726,897.8771,0.5972,536.2169,0,0,0,4138.282,0.6297,2605.6726,0.7447,1940.376,0.4689,0,1940.376,54515.5207,0.0356,1940.376,5082.2654,0.1055,0.5127,0.3818,59551.6798,0.0151,0.0695,0.9154,0.1707,331.2891,0.0061,2271.6651,536.2169,665.2966,1609.0869,2810.6004,0.0623,33.3872,41.4242,100.1886,0.0372,0.01,0.0018,0.0623,0.0159,0.0516,502.8297,623.8724,1508.8983,2.7645,3.4299,8.2956,500.0653,620.4424,1500.6026,0.0031,8e-4,2e-4,0.5569,0.1499,0.0275,0.56,0.1508,0.0277,0.9377,0.2394,0.7776,1,1,1,0,15.0606,15.0606,15.0606,0
CRMS3617,Wetland: Estuarine Emergent,98.6994,99.241,361.6602,1532.6094,52575.1447,536.2169,2605.6726,0.2553,331.2891,14.49,11,201,8,105,3141.8894,0,0.1707,0.8293,634.9163,0.8445,536.2169,2704.9136,0.9633,2605.6726,897.8771,0.5972,536.2169,0,0,0,4138.282,0.6297,2605.6726,0.7447,1940.376,0.4689,0,1940.376,54515.5207,0.0356,1940.376,5082.2654,0.1055,0.5127,0.3818,59551.6798,0.0151,0.0695,0.9154,0.1707,331.2891,0.0061,2271.6651,536.2169,665.2966,1609.0869,2810.6004,0.0715,38.3475,47.5787,115.0738,0.0427,0.0115,0.0021,0.0715,0.0183,0.0593,497.8694,617.7179,1494.0131,2.7645,3.4299,8.2956,495.1049,614.288,1485.7175,0.0031,8e-4,2e-4,0.5514,0.1484,0.0273,0.5545,0.1493,0.0274,0.9285,0.2371,0.77,1,1,1,0,12.9831,12.9831,12.9831,0
CRMS3617,Wetland: Estuarine Emergent,98.6994,99.241,361.6602,1532.6094,52575.1447,536.2169,2605.6726,0.2553,331.2891,14.49,11,320,5,123,3141.8894,0,0.1707,0.8293,634.9163,0.8445,536.2169,2704.9136,0.9633,2605.6726,897.8771,0.5972,536.2169,0,0,0,4138.282,0.6297,2605.6726,0.7447,1940.376,0.4689,0,1940.376,54515.5207,0.0356,1940.376,5082.2654,0.1055,0.5127,0.3818,59551.6798,0.0151,0.0695,0.9154,0.1707,331.2891,0.0061,2271.6651,536.2169,665.2966,1609.0869,2810.6004,0.1139,61.0508,75.7471,183.2021,0.068,0.0183,0.0034,0.1139,0.0291,0.0944,475.1661,589.5494,1425.8848,2.7645,3.4299,8.2956,472.4016,586.1195,1417.5892,0.0031,8e-4,2e-4,0.5261,0.1416,0.026,0.5292,0.1425,0.0262,0.8861,0.2263,0.7348,1,1,1,0,7.7831,7.7831,7.7831,0
CRMS3617,Wetland: Estuarine Emergent,98.6994,99.241,361.6602,1532.6094,52575.1447,536.2169,2605.6726,0.2553,331.2891,14.49,11,414,1,141,3141.8894,0,0.1707,0.8293,634.9163,0.8445,536.2169,2704.9136,0.9633,2605.6726,897.8771,0.5972,536.2169,0,0,0,4138.282,0.6297,2605.6726,0.7447,1940.376,0.4689,0,1940.376,54515.5207,0.0356,1940.376,5082.2654,0.1055,0.5127,0.3818,59551.6798,0.0151,0.0695,0.9154,0.1707,331.2891,0.0061,2271.6651,536.2169,665.2966,1609.0869,2810.6004,0.1473,78.9845,97.9978,237.0177,0.088,0.0237,0.0043,0.1473,0.0376,0.1222,457.2324,567.2987,1372.0692,2.7645,3.4299,8.2956,454.468,563.8688,1363.7736,0.0031,8e-4,2e-4,0.5062,0.1363,0.025,0.5092,0.1371,0.0252,0.8527,0.2177,0.7071,1,1,1,0,5.7889,5.7889,5.7889,0
CRMS3617,Wetland: Estuarine Emergent,98.6994,99.241,361.6602,1532.6094,52575.1447,536.2169,2605.6726,0.2553,331.2891,14.49,11,456,3,159,3141.8894,0,0.1707,0.8293,634.9163,0.8445,536.2169,2704.9136,0.9633,2605.6726,897.8771,0.5972,536.2169,0,0,0,4138.282,0.6297,2605.6726,0.7447,1940.376,0.4689,0,1940.376,54515.5207,0.0356,1940.376,5082.2654,0.1055,0.5127,0.3818,59551.6798,0.0151,0.0695,0.9154,0.1707,331.2891,0.0061,2271.6651,536.2169,665.2966,1609.0869,2810.6004,0.1622,86.9974,107.9397,261.063,0.0969,0.0261,0.0048,0.1622,0.0414,0.1345,449.2195,557.3569,1348.0239,2.7645,3.4299,8.2956,446.455,553.927,1339.7283,0.0031,8e-4,2e-4,0.4972,0.1339,0.0246,0.5003,0.1347,0.0247,0.8378,0.2139,0.6947,1,1,1,0,5.1636,5.1636,5.1636,0
CRMS4045,Wetland: Estuarine Emergent,32.4422,391.2991,175.3892,1979.7141,45499.7087,366.9086,1879.168,0.7301,235.6086,14.49,17,10,7,16,2246.0765,0,0.1634,0.8366,399.3508,0.9188,366.9086,2270.4671,0.8277,1879.168,542.2978,0.6766,366.9086,0,0,0,3858.8821,0.487,1879.168,0.2699,507.2333,0.1314,0,507.2333,46006.942,0.011,507.2333,2753.3099,0.1333,0.6825,0.1842,50408.1219,0.0108,0.0766,0.9127,0.4645,235.6086,0.0051,742.842,366.9086,1371.9346,271.6247,2010.4679,0.005,1.825,6.824,1.3511,0.0034,0.0018,0,0.005,0.0036,0.0027,365.0836,1365.1107,270.2736,2.6444,9.8879,1.9577,362.4392,1355.2228,268.3159,0.0049,0.0026,0,0.6683,0.3512,0.0058,0.6732,0.3538,0.0059,0.995,0.7264,0.5328,1,1,1,0,200.0468,200.0468,200.0468,0
CRMS4045,Wetland: Estuarine Emergent,32.4422,391.2991,175.3892,1979.7141,45499.7087,366.9086,1879.168,0.7301,235.6086,14.49,17,105,9,34,2246.0765,0,0.1634,0.8366,399.3508,0.9188,366.9086,2270.4671,0.8277,1879.168,542.2978,0.6766,366.9086,0,0,0,3858.8821,0.487,1879.168,0.2699,507.2333,0.1314,0,507.2333,46006.942,0.011,507.2333,2753.3099,0.1333,0.6825,0.1842,50408.1219,0.0108,0.0766,0.9127,0.4645,235.6086,0.0051,742.842,366.9086,1371.9346,271.6247,2010.4679,0.0522,19.1624,71.6515,14.186,0.0353,0.0186,3e-4,0.0522,0.0381,0.028,347.7462,1300.2831,257.4386,2.6444,9.8879,1.9577,345.1018,1290.3952,255.481,0.0049,0.0026,0,0.6364,0.3344,0.0056,0.6412,0.337,0.0056,0.9478,0.6919,0.5075,1,1,1,0,18.1473,18.1473,18.1473,0
CRMS4045,Wetland: Estuarine Emergent,32.4422,391.2991,175.3892,1979.7141,45499.7087,366.9086,1879.168,0.7301,235.6086,14.49,17,123,6,52,2246.0765,0,0.1634,0.8366,399.3508,0.9188,366.9086,2270.4671,0.8277,1879.168,542.2978,0.6766,366.9086,0,0,0,3858.8821,0.487,1879.168,0.2699,507.2333,0.1314,0,507.2333,46006.942,0.011,507.2333,2753.3099,0.1333,0.6825,0.1842,50408.1219,0.0108,0.0766,0.9127,0.4645,235.6086,0.0051,742.842,366.9086,1371.9346,271.6247,2010.4679,0.0612,22.4474,83.9347,16.6179,0.0414,0.0218,4e-4,0.0612,0.0447,0.0328,344.4612,1288,255.0067,2.6444,9.8879,1.9577,341.8168,1278.112,253.0491,0.0049,0.0026,0,0.6303,0.3312,0.0055,0.6352,0.3338,0.0055,0.9388,0.6854,0.5027,1,1,1,0,15.3453,15.3453,15.3453,0
CRMS4045,Wetland: Estuarine Emergent,32.4422,391.2991,175.3892,1979.7141,45499.7087,366.9086,1879.168,0.7301,235.6086,14.49,17,156,4,70,2246.0765,0,0.1634,0.8366,399.3508,0.9188,366.9086,2270.4671,0.8277,1879.168,542.2978,0.6766,366.9086,0,0,0,3858.8821,0.487,1879.168,0.2699,507.2333,0.1314,0,507.2333,46006.942,0.011,507.2333,2753.3099,0.1333,0.6825,0.1842,50408.1219,0.0108,0.0766,0.9127,0.4645,235.6086,0.0051,742.842,366.9086,1371.9346,271.6247,2010.4679,0.0776,28.4699,106.4537,21.0764,0.0525,0.0276,5e-4,0.0776,0.0566,0.0416,338.4387,1265.4809,250.5483,2.6444,9.8879,1.9577,335.7943,1255.593,248.5906,0.0049,0.0026,0,0.6192,0.3254,0.0054,0.6241,0.3279,0.0054,0.9224,0.6734,0.494,1,1,1,0,11.8876,11.8876,11.8876,0
CRMS4045,Wetland: Estuarine Emergent,32.4422,391.2991,175.3892,1979.7141,45499.7087,366.9086,1879.168,0.7301,235.6086,14.49,17,175,2,88,2246.0765,0,0.1634,0.8366,399.3508,0.9188,366.9086,2270.4671,0.8277,1879.168,542.2978,0.6766,366.9086,0,0,0,3858.8821,0.487,1879.168,0.2699,507.2333,0.1314,0,507.2333,46006.942,0.011,507.2333,2753.3099,0.1333,0.6825,0.1842,50408.1219,0.0108,0.0766,0.9127,0.4645,235.6086,0.0051,742.842,366.9086,1371.9346,271.6247,2010.4679,0.087,31.9373,119.4192,23.6434,0.0589,0.0309,5e-4,0.087,0.0635,0.0466,334.9712,1252.5154,247.9813,2.6444,9.8879,1.9577,332.3268,1242.6275,246.0236,0.0049,0.0026,0,0.6128,0.322,0.0053,0.6177,0.3246,0.0054,0.913,0.6665,0.4889,1,1,1,0,10.4884,10.4884,10.4884,0
CRMS4045,Wetland: Estuarine Emergent,32.4422,391.2991,175.3892,1979.7141,45499.7087,366.9086,1879.168,0.7301,235.6086,14.49,17,201,8,106,2246.0765,0,0.1634,0.8366,399.3508,0.9188,366.9086,2270.4671,0.8277,1879.168,542.2978,0.6766,366.9086,0,0,0,3858.8821,0.487,1879.168,0.2699,507.2333,0.1314,0,507.2333,46006.942,0.011,507.2333,2753.3099,0.1333,0.6825,0.1842,50408.1219,0.0108,0.0766,0.9127,0.4645,235.6086,0.0051,742.842,366.9086,1371.9346,271.6247,2010.4679,0.1,36.6823,137.1615,27.1561,0.0676,0.0355,6e-4,0.1,0.073,0.0535,330.2263,1234.7731,244.4685,2.6444,9.8879,1.9577,327.5818,1224.8852,242.5109,0.0049,0.0026,0,0.6041,0.3174,0.0053,0.6089,0.32,0.0053,0.9,0.6571,0.482,1,1,1,0,9.0023,9.0023,9.0023,0
CRMS4045,Wetland: Estuarine Emergent,32.4422,391.2991,175.3892,1979.7141,45499.7087,366.9086,1879.168,0.7301,235.6086,14.49,17,320,5,124,2246.0765,0,0.1634,0.8366,399.3508,0.9188,366.9086,2270.4671,0.8277,1879.168,542.2978,0.6766,366.9086,0,0,0,3858.8821,0.487,1879.168,0.2699,507.2333,0.1314,0,507.2333,46006.942,0.011,507.2333,2753.3099,0.1333,0.6825,0.1842,50408.1219,0.0108,0.0766,0.9127,0.4645,235.6086,0.0051,742.842,366.9086,1371.9346,271.6247,2010.4679,0.1592,58.3997,218.3666,43.2337,0.1077,0.0566,9e-4,0.1592,0.1162,0.0852,308.5089,1153.568,228.391,2.6444,9.8879,1.9577,305.8645,1143.6801,226.4333,0.0049,0.0026,0,0.564,0.2964,0.0049,0.5689,0.2989,0.005,0.8408,0.6139,0.4503,1,1,1,0,5.2827,5.2827,5.2827,0
CRMS4045,Wetland: Estuarine Emergent,32.4422,391.2991,175.3892,1979.7141,45499.7087,366.9086,1879.168,0.7301,235.6086,14.49,17,414,1,142,2246.0765,0,0.1634,0.8366,399.3508,0.9188,366.9086,2270.4671,0.8277,1879.168,542.2978,0.6766,366.9086,0,0,0,3858.8821,0.487,1879.168,0.2699,507.2333,0.1314,0,507.2333,46006.942,0.011,507.2333,2753.3099,0.1333,0.6825,0.1842,50408.1219,0.0108,0.0766,0.9127,0.4645,235.6086,0.0051,742.842,366.9086,1371.9346,271.6247,2010.4679,0.2059,75.5546,282.5118,55.9336,0.1393,0.0732,0.0012,0.2059,0.1503,0.1103,291.354,1089.4228,215.6911,2.6444,9.8879,1.9577,288.7095,1079.5349,213.7334,0.0049,0.0026,0,0.5324,0.2798,0.0046,0.5373,0.2823,0.0047,0.7941,0.5797,0.4252,1,1,1,0,3.8562,3.8562,3.8562,0
CRMS4045,Wetland: Estuarine Emergent,32.4422,391.2991,175.3892,1979.7141,45499.7087,366.9086,1879.168,0.7301,235.6086,14.49,17,456,3,160,2246.0765,0,0.1634,0.8366,399.3508,0.9188,366.9086,2270.4671,0.8277,1879.168,542.2978,0.6766,366.9086,0,0,0,3858.8821,0.487,1879.168,0.2699,507.2333,0.1314,0,507.2333,46006.942,0.011,507.2333,2753.3099,0.1333,0.6825,0.1842,50408.1219,0.0108,0.0766,0.9127,0.4645,235.6086,0.0051,742.842,366.9086,1371.9346,271.6247,2010.4679,0.2268,83.2196,311.1724,61.608,0.1535,0.0806,0.0013,0.2268,0.1656,0.1215,283.689,1060.7622,210.0167,2.6444,9.8879,1.9577,281.0446,1050.8743,208.059,0.0049,0.0026,0,0.5182,0.2723,0.0045,0.5231,0.2749,0.0046,0.7732,0.5645,0.414,1,1,1,0,3.4089,3.4089,3.4089,0
CRMS4245,Wetland: Estuarine Emergent,202.07,102.3176,293.6054,1185.4687,104937.8738,566.9275,1413.8739,0.6345,717.9697,14.49,18,10,7,17,1980.8014,0,0.2862,0.7138,768.9975,0.7372,566.9275,1516.1915,0.9325,1413.8739,860.5329,0.6588,566.9275,0,0,0,2599.3426,0.5439,1413.8739,0.3655,717.9697,0.2762,0,717.9697,105655.8435,0.0068,717.9697,2698.7711,0.2101,0.5239,0.266,109115.7191,0.0079,0.0238,0.9683,1,717.9697,0.0068,1435.9395,566.9275,695.9042,0,1262.8316,0.0079,4.4893,5.5107,0,0.0052,0.0021,0,0.0079,0.0039,0,562.4382,690.3935,0,6.505,7.985,0,555.9331,682.4085,0,0.0076,0.0031,0,0.646,0.2625,0,0.6536,0.2656,0,0.9921,0.4883,0,1,0.8577,1,0,125.2832,125.2832,NA,0
CRMS4245,Wetland: Estuarine Emergent,202.07,102.3176,293.6054,1185.4687,104937.8738,566.9275,1413.8739,0.6345,717.9697,14.49,18,105,9,35,1980.8014,0,0.2862,0.7138,768.9975,0.7372,566.9275,1516.1915,0.9325,1413.8739,860.5329,0.6588,566.9275,0,0,0,2599.3426,0.5439,1413.8739,0.3655,717.9697,0.2762,0,717.9697,105655.8435,0.0068,717.9697,2698.7711,0.2101,0.5239,0.266,109115.7191,0.0079,0.0238,0.9683,1,717.9697,0.0068,1435.9395,566.9275,695.9042,0,1262.8316,0.0831,47.138,57.862,0,0.0548,0.0223,0,0.0831,0.0409,0,519.7895,638.0422,0,6.505,7.985,0,513.2844,630.0572,0,0.0076,0.0031,0,0.5965,0.2424,0,0.604,0.2455,0,0.9169,0.4513,0,1,0.8577,1,0,11.027,11.027,NA,0
CRMS4245,Wetland: Estuarine Emergent,202.07,102.3176,293.6054,1185.4687,104937.8738,566.9275,1413.8739,0.6345,717.9697,14.49,18,123,6,53,1980.8014,0,0.2862,0.7138,768.9975,0.7372,566.9275,1516.1915,0.9325,1413.8739,860.5329,0.6588,566.9275,0,0,0,2599.3426,0.5439,1413.8739,0.3655,717.9697,0.2762,0,717.9697,105655.8435,0.0068,717.9697,2698.7711,0.2101,0.5239,0.266,109115.7191,0.0079,0.0238,0.9683,1,717.9697,0.0068,1435.9395,566.9275,695.9042,0,1262.8316,0.0974,55.2188,67.7812,0,0.0642,0.0261,0,0.0974,0.0479,0,511.7087,628.123,0,6.505,7.985,0,505.2036,620.138,0,0.0076,0.0031,0,0.5871,0.2386,0,0.5946,0.2416,0,0.9026,0.4443,0,1,0.8577,1,0,9.2669,9.2669,NA,0
CRMS4245,Wetland: Estuarine Emergent,202.07,102.3176,293.6054,1185.4687,104937.8738,566.9275,1413.8739,0.6345,717.9697,14.49,18,156,4,71,1980.8014,0,0.2862,0.7138,768.9975,0.7372,566.9275,1516.1915,0.9325,1413.8739,860.5329,0.6588,566.9275,0,0,0,2599.3426,0.5439,1413.8739,0.3655,717.9697,0.2762,0,717.9697,105655.8435,0.0068,717.9697,2698.7711,0.2101,0.5239,0.266,109115.7191,0.0079,0.0238,0.9683,1,717.9697,0.0068,1435.9395,566.9275,695.9042,0,1262.8316,0.1235,70.0336,85.9664,0,0.0814,0.0331,0,0.1235,0.0608,0,496.8939,609.9378,0,6.505,7.985,0,490.3888,601.9528,0,0.0076,0.0031,0,0.5699,0.2316,0,0.5774,0.2347,0,0.8765,0.4314,0,1,0.8577,1,0,7.0951,7.0951,NA,0
CRMS4245,Wetland: Estuarine Emergent,202.07,102.3176,293.6054,1185.4687,104937.8738,566.9275,1413.8739,0.6345,717.9697,14.49,18,175,2,89,1980.8014,0,0.2862,0.7138,768.9975,0.7372,566.9275,1516.1915,0.9325,1413.8739,860.5329,0.6588,566.9275,0,0,0,2599.3426,0.5439,1413.8739,0.3655,717.9697,0.2762,0,717.9697,105655.8435,0.0068,717.9697,2698.7711,0.2101,0.5239,0.266,109115.7191,0.0079,0.0238,0.9683,1,717.9697,0.0068,1435.9395,566.9275,695.9042,0,1262.8316,0.1386,78.5634,96.4366,0,0.0913,0.0371,0,0.1386,0.0682,0,488.3641,599.4675,0,6.505,7.985,0,481.8591,591.4826,0,0.0076,0.0031,0,0.56,0.2276,0,0.5675,0.2306,0,0.8614,0.424,0,1,0.8577,1,0,6.2162,6.2162,NA,0
CRMS4245,Wetland: Estuarine Emergent,202.07,102.3176,293.6054,1185.4687,104937.8738,566.9275,1413.8739,0.6345,717.9697,14.49,18,201,8,107,1980.8014,0,0.2862,0.7138,768.9975,0.7372,566.9275,1516.1915,0.9325,1413.8739,860.5329,0.6588,566.9275,0,0,0,2599.3426,0.5439,1413.8739,0.3655,717.9697,0.2762,0,717.9697,105655.8435,0.0068,717.9697,2698.7711,0.2101,0.5239,0.266,109115.7191,0.0079,0.0238,0.9683,1,717.9697,0.0068,1435.9395,566.9275,695.9042,0,1262.8316,0.1592,90.2356,110.7644,0,0.1049,0.0426,0,0.1592,0.0783,0,476.6918,585.1398,0,6.505,7.985,0,470.1868,577.1548,0,0.0076,0.0031,0,0.5464,0.222,0,0.5539,0.2251,0,0.8408,0.4139,0,1,0.8577,1,0,5.2827,5.2827,NA,0
CRMS4245,Wetland: Estuarine Emergent,202.07,102.3176,293.6054,1185.4687,104937.8738,566.9275,1413.8739,0.6345,717.9697,14.49,18,320,5,125,1980.8014,0,0.2862,0.7138,768.9975,0.7372,566.9275,1516.1915,0.9325,1413.8739,860.5329,0.6588,566.9275,0,0,0,2599.3426,0.5439,1413.8739,0.3655,717.9697,0.2762,0,717.9697,105655.8435,0.0068,717.9697,2698.7711,0.2101,0.5239,0.266,109115.7191,0.0079,0.0238,0.9683,1,717.9697,0.0068,1435.9395,566.9275,695.9042,0,1262.8316,0.2534,143.6587,176.3413,0,0.1669,0.0678,0,0.2534,0.1247,0,423.2688,519.5629,0,6.505,7.985,0,416.7637,511.5779,0,0.0076,0.0031,0,0.4843,0.1968,0,0.4919,0.1999,0,0.7466,0.3675,0,1,0.8577,1,0,2.9463,2.9463,NA,0
CRMS4245,Wetland: Estuarine Emergent,202.07,102.3176,293.6054,1185.4687,104937.8738,566.9275,1413.8739,0.6345,717.9697,14.49,18,414,1,143,1980.8014,0,0.2862,0.7138,768.9975,0.7372,566.9275,1516.1915,0.9325,1413.8739,860.5329,0.6588,566.9275,0,0,0,2599.3426,0.5439,1413.8739,0.3655,717.9697,0.2762,0,717.9697,105655.8435,0.0068,717.9697,2698.7711,0.2101,0.5239,0.266,109115.7191,0.0079,0.0238,0.9683,1,717.9697,0.0068,1435.9395,566.9275,695.9042,0,1262.8316,0.3278,185.8585,228.1415,0,0.216,0.0878,0,0.3278,0.1614,0,381.069,467.7626,0,6.505,7.985,0,374.564,459.7777,0,0.0076,0.0031,0,0.4353,0.1769,0,0.4428,0.18,0,0.6722,0.3308,0,1,0.8577,1,0,2.0503,2.0503,NA,0
CRMS4245,Wetland: Estuarine Emergent,202.07,102.3176,293.6054,1185.4687,104937.8738,566.9275,1413.8739,0.6345,717.9697,14.49,18,456,3,161,1980.8014,0,0.2862,0.7138,768.9975,0.7372,566.9275,1516.1915,0.9325,1413.8739,860.5329,0.6588,566.9275,0,0,0,2599.3426,0.5439,1413.8739,0.3655,717.9697,0.2762,0,717.9697,105655.8435,0.0068,717.9697,2698.7711,0.2101,0.5239,0.266,109115.7191,0.0079,0.0238,0.9683,1,717.9697,0.0068,1435.9395,566.9275,695.9042,0,1262.8316,0.3611,204.7137,251.2863,0,0.2379,0.0967,0,0.3611,0.1777,0,362.2138,444.6179,0,6.505,7.985,0,355.7087,436.6329,0,0.0076,0.0031,0,0.4134,0.168,0,0.4209,0.1711,0,0.6389,0.3145,0,1,0.8577,1,0,1.7694,1.7694,NA,0
CRMS4455,Wetland: Estuarine Emergent,266.7818,354.1127,333.7589,2496.918,43434.4551,607.4835,3273.0344,0.4785,534.3824,14.49,12,10,7,18,3880.5179,0,0.1565,0.8435,874.2653,0.6949,607.4835,3627.1471,0.9024,3273.0344,941.2424,0.6454,607.4835,0,0,0,5769.9524,0.5673,3273.0344,0.5215,1706.9307,0.2958,0,1706.9307,45141.3858,0.0378,1706.9307,5587.4486,0.1087,0.5858,0.3055,51852.5806,0.0182,0.1113,0.8706,0.3131,534.3824,0.0118,2241.3131,607.4835,1566.1037,1172.5483,3346.1355,0.003,1.8155,4.6803,3.5042,0.0019,8e-4,1e-4,0.003,0.0014,0.0021,605.6681,1561.4234,1169.0441,2.6306,6.7818,5.0776,603.0374,1554.6416,1163.9666,0.0028,0.0012,1e-4,0.6407,0.2694,0.0258,0.6435,0.2706,0.0259,0.997,0.4771,0.6849,1,1,1,0,333.6136,333.6136,333.6136,0
CRMS4455,Wetland: Estuarine Emergent,266.7818,354.1127,333.7589,2496.918,43434.4551,607.4835,3273.0344,0.4785,534.3824,14.49,12,105,9,36,3880.5179,0,0.1565,0.8435,874.2653,0.6949,607.4835,3627.1471,0.9024,3273.0344,941.2424,0.6454,607.4835,0,0,0,5769.9524,0.5673,3273.0344,0.5215,1706.9307,0.2958,0,1706.9307,45141.3858,0.0378,1706.9307,5587.4486,0.1087,0.5858,0.3055,51852.5806,0.0182,0.1113,0.8706,0.3131,534.3824,0.0118,2241.3131,607.4835,1566.1037,1172.5483,3346.1355,0.0314,19.0625,49.1435,36.794,0.0203,0.0085,8e-4,0.0314,0.015,0.0216,588.421,1516.9602,1135.7544,2.6306,6.7818,5.0776,585.7904,1510.1784,1130.6768,0.0028,0.0012,1e-4,0.6224,0.2617,0.025,0.6252,0.2629,0.0252,0.9686,0.4635,0.6654,1,1,1,0,30.868,30.868,30.868,0
CRMS4455,Wetland: Estuarine Emergent,266.7818,354.1127,333.7589,2496.918,43434.4551,607.4835,3273.0344,0.4785,534.3824,14.49,12,123,6,54,3880.5179,0,0.1565,0.8435,874.2653,0.6949,607.4835,3627.1471,0.9024,3273.0344,941.2424,0.6454,607.4835,0,0,0,5769.9524,0.5673,3273.0344,0.5215,1706.9307,0.2958,0,1706.9307,45141.3858,0.0378,1706.9307,5587.4486,0.1087,0.5858,0.3055,51852.5806,0.0182,0.1113,0.8706,0.3131,534.3824,0.0118,2241.3131,607.4835,1566.1037,1172.5483,3346.1355,0.0368,22.3304,57.5681,43.1015,0.0237,0.01,0.001,0.0368,0.0176,0.0253,585.1532,1508.5356,1129.4468,2.6306,6.7818,5.0776,582.5225,1501.7538,1124.3693,0.0028,0.0012,1e-4,0.6189,0.2603,0.0249,0.6217,0.2614,0.025,0.9632,0.4609,0.6617,1,1,1,0,26.2044,26.2044,26.2044,0
CRMS4455,Wetland: Estuarine Emergent,266.7818,354.1127,333.7589,2496.918,43434.4551,607.4835,3273.0344,0.4785,534.3824,14.49,12,156,4,72,3880.5179,0,0.1565,0.8435,874.2653,0.6949,607.4835,3627.1471,0.9024,3273.0344,941.2424,0.6454,607.4835,0,0,0,5769.9524,0.5673,3273.0344,0.5215,1706.9307,0.2958,0,1706.9307,45141.3858,0.0378,1706.9307,5587.4486,0.1087,0.5858,0.3055,51852.5806,0.0182,0.1113,0.8706,0.3131,534.3824,0.0118,2241.3131,607.4835,1566.1037,1172.5483,3346.1355,0.0466,28.3215,73.0132,54.6653,0.0301,0.0127,0.0012,0.0466,0.0223,0.032,579.1621,1493.0905,1117.883,2.6306,6.7818,5.0776,576.5314,1486.3087,1112.8054,0.0028,0.0012,1e-4,0.6125,0.2576,0.0247,0.6153,0.2588,0.0248,0.9534,0.4562,0.6549,1,1,1,0,20.4496,20.4496,20.4496,0
CRMS4455,Wetland: Estuarine Emergent,266.7818,354.1127,333.7589,2496.918,43434.4551,607.4835,3273.0344,0.4785,534.3824,14.49,12,175,2,90,3880.5179,0,0.1565,0.8435,874.2653,0.6949,607.4835,3627.1471,0.9024,3273.0344,941.2424,0.6454,607.4835,0,0,0,5769.9524,0.5673,3273.0344,0.5215,1706.9307,0.2958,0,1706.9307,45141.3858,0.0378,1706.9307,5587.4486,0.1087,0.5858,0.3055,51852.5806,0.0182,0.1113,0.8706,0.3131,534.3824,0.0118,2241.3131,607.4835,1566.1037,1172.5483,3346.1355,0.0523,31.7709,81.9059,61.3233,0.0338,0.0142,0.0014,0.0523,0.025,0.0359,575.7127,1484.1978,1111.225,2.6306,6.7818,5.0776,573.082,1477.416,1106.1475,0.0028,0.0012,1e-4,0.6089,0.2561,0.0245,0.6117,0.2572,0.0246,0.9477,0.4535,0.651,1,1,1,0,18.1208,18.1208,18.1208,0
CRMS4455,Wetland: Estuarine Emergent,266.7818,354.1127,333.7589,2496.918,43434.4551,607.4835,3273.0344,0.4785,534.3824,14.49,12,201,8,108,3880.5179,0,0.1565,0.8435,874.2653,0.6949,607.4835,3627.1471,0.9024,3273.0344,941.2424,0.6454,607.4835,0,0,0,5769.9524,0.5673,3273.0344,0.5215,1706.9307,0.2958,0,1706.9307,45141.3858,0.0378,1706.9307,5587.4486,0.1087,0.5858,0.3055,51852.5806,0.0182,0.1113,0.8706,0.3131,534.3824,0.0118,2241.3131,607.4835,1566.1037,1172.5483,3346.1355,0.0601,36.4911,94.074700000000007,70.4341,0.0388,0.0163,0.0016,0.0601,0.0287,0.0413,570.9924,1472.029,1102.1142,2.6306,6.7818,5.0776,568.3618,1465.2471,1097.0366,0.0028,0.0012,1e-4,0.6038,0.2539,0.0243,0.6066,0.2551,0.0244,0.9399,0.4497,0.6457,1,1,1,0,15.6474,15.6474,15.6474,0
CRMS4455,Wetland: Estuarine Emergent,266.7818,354.1127,333.7589,2496.918,43434.4551,607.4835,3273.0344,0.4785,534.3824,14.49,12,320,5,126,3880.5179,0,0.1565,0.8435,874.2653,0.6949,607.4835,3627.1471,0.9024,3273.0344,941.2424,0.6454,607.4835,0,0,0,5769.9524,0.5673,3273.0344,0.5215,1706.9307,0.2958,0,1706.9307,45141.3858,0.0378,1706.9307,5587.4486,0.1087,0.5858,0.3055,51852.5806,0.0182,0.1113,0.8706,0.3131,534.3824,0.0118,2241.3131,607.4835,1566.1037,1172.5483,3346.1355,0.0956,58.0953,149.7707,112.134,0.0617,0.026,0.0025,0.0956,0.0458,0.0657,549.3882,1416.333,1060.4143,2.6306,6.7818,5.0776,546.7576,1409.5512,1055.3368,0.0028,0.0012,1e-4,0.5809,0.2443,0.0234,0.5837,0.2455,0.0235,0.9044,0.4327,0.6212,1,1,1,0,9.4567,9.4567,9.4567,0
CRMS4455,Wetland: Estuarine Emergent,266.7818,354.1127,333.7589,2496.918,43434.4551,607.4835,3273.0344,0.4785,534.3824,14.49,12,414,1,144,3880.5179,0,0.1565,0.8435,874.2653,0.6949,607.4835,3627.1471,0.9024,3273.0344,941.2424,0.6454,607.4835,0,0,0,5769.9524,0.5673,3273.0344,0.5215,1706.9307,0.2958,0,1706.9307,45141.3858,0.0378,1706.9307,5587.4486,0.1087,0.5858,0.3055,51852.5806,0.0182,0.1113,0.8706,0.3131,534.3824,0.0118,2241.3131,607.4835,1566.1037,1172.5483,3346.1355,0.1237,75.1608,193.7659,145.0733,0.0799,0.0336,0.0032,0.1237,0.0592,0.085,532.3227,1372.3378,1027.475,2.6306,6.7818,5.0776,529.6921,1365.556,1022.3974,0.0028,0.0012,1e-4,0.5628,0.2367,0.0226,0.5656,0.2378,0.0228,0.8763,0.4193,0.6019,1,1,1,0,7.0825,7.0825,7.0825,0
CRMS4455,Wetland: Estuarine Emergent,266.7818,354.1127,333.7589,2496.918,43434.4551,607.4835,3273.0344,0.4785,534.3824,14.49,12,456,3,162,3880.5179,0,0.1565,0.8435,874.2653,0.6949,607.4835,3627.1471,0.9024,3273.0344,941.2424,0.6454,607.4835,0,0,0,5769.9524,0.5673,3273.0344,0.5215,1706.9307,0.2958,0,1706.9307,45141.3858,0.0378,1706.9307,5587.4486,0.1087,0.5858,0.3055,51852.5806,0.0182,0.1113,0.8706,0.3131,534.3824,0.0118,2241.3131,607.4835,1566.1037,1172.5483,3346.1355,0.1363,82.7858,213.4233,159.7909,0.088,0.037,0.0035,0.1363,0.0652,0.0936,524.6977,1352.6804,1012.7574,2.6306,6.7818,5.0776,522.0671,1345.8986,1007.6798,0.0028,0.0012,1e-4,0.5547,0.2333,0.0223,0.5575,0.2344,0.0224,0.8637,0.4133,0.5933,1,1,1,0,6.338,6.338,6.338,0
