Site.ID,Wetland Subclass LUCAS,FoliageStock,RootStock,AGVFStock,BGVFStock,BGSStock,FoliageNPP,RootNPP,BGVFPercentLoss,Burial210Pb TC.g.m.2,MethaneFlux,ExternalVariableValue,AGVFPercentLoss,TotalLatTrans_Amount,externalVariableLat,externalVariableLatSite,TotalNPP_Amount,SedimentTransport_Amount,FoliageGrowth_PropTotalNPP,RootGrowth_PropTotalNPP,FoliageMaxStock,FoliageMortality_PropMaxStock,FoliageMortality_Amount,RootMaxStock,RootMortality_PropMaxStock,RootMortality_Amount,AGVFMaxStock,AGVFOut_PropMaxStock,AGVFOut_Amount,AGVFStabilization_PropOut,AGVFStabilization_Amount,AGVFStabilization_PropMaxStock,BGVFMaxStock,BGVFOut_PropMaxStock,BGVFOut_Amount,BGVFStabilization_PropOut,BGVFStabilization_Amount,BGVFStabilization_PropMaxStock,BGSDeposition,BGSIn_Amount,BGSMaxStock,BGSOut_PropMaxStock,BGSOut_Amount,TotalOut_Amount,AGVFOut_PropOut,BGVFOut_PropOut,BGSOut_PropOut,TotalMaxStock,AGVFMaxStock_PropMaxStock,BGVFMaxStock_PropMaxStock,BGSMaxStock_PropMaxStock,BGSStabilization_PropOut,BGSStabilization_Amount,BGSStabilization_PropMaxStock,TotalStabilization_Amount,AGVFEmissionLatTrans_Amount,BGVFEmissionLatTrans_Amount,BGSEmissionLatTrans_Amount,TotalEmissionLatTrans_Amount,TotalLatTrans_PropEmissionLatTrans,AGVFLatTrans_Amount,BGVFLatTrans_Amount,BGSLatTrans_Amount,AGVFLatTrans_PropMaxStock,BGVFLatTrans_PropMaxStock,BGSLatTrans_PropMaxStock,AGVFLatTrans_PropOut,BGVFLatTrans_PropOut,BGSLatTrans_PropOut,AGVFEmission_Amount,BGVFEmission_Amount,BGSEmission_Amount,AGVFEmission_PropMaxStock,BGVFEmission_PropMaxStock,BGSEmission_PropMaxStock,AGVFEmission_PropOut,BGVFEmission_PropOut,BGSEmission_PropOut,outAGVFCheck,outBGVFCheck,outBGSCheck,massBalanceCheck,checkAGVFratio,checkBGVFratio,checkBGSratio,checkpropAGVF
BA-01-04,Wetland: Estuarine Emergent,46.4482,120.7959,606.9508,1841.9246,56376.7713,533.7701,3700.6247,0.7146,254.9638,14.5,13,0.8435,10,7,1,4234.3948,0,0.1261,0.8739,580.2183,0.9199,533.7701,3821.4207,0.9684,3700.6247,1140.7209,0.4679,533.7701,0.1565,83.5522,0.0732,5542.5494,0.6677,3700.6247,0.2854,1056.057,0.1905,0,1139.6091,57516.3805,0.0198,1139.6091,5374.004,0.0993,0.6886,0.2121,64199.6507,0.0178,0.0863,0.8959,0.2237,254.9638,0.0044,1394.5729,450.2179,2644.5678,884.6454,3979.431,0.0025,1.1314,6.6456,2.223,0.001,0.0012,0,0.0021,0.0018,0.002,449.0866,2637.9222,882.4223,0.3937,0.4759,0.0153,0.8413,0.7128,0.7743,-0,-0,0,-0,396.9431,396.9431,396.9431,0.0016
BA-01-04,Wetland: Estuarine Emergent,46.4482,120.7959,606.9508,1841.9246,56376.7713,533.7701,3700.6247,0.7146,254.9638,14.5,13,0.8435,105,9,19,4234.3948,0,0.1261,0.8739,580.2183,0.9199,533.7701,3821.4207,0.9684,3700.6247,1140.7209,0.4679,533.7701,0.1565,83.5522,0.0732,5542.5494,0.6677,3700.6247,0.2854,1056.057,0.1905,0,1139.6091,57516.3805,0.0198,1139.6091,5374.004,0.0993,0.6886,0.2121,64199.6507,0.0178,0.0863,0.8959,0.2237,254.9638,0.0044,1394.5729,450.2179,2644.5678,884.6454,3979.431,0.0264,11.8793,69.7787,23.342,0.0104,0.0126,4e-4,0.0223,0.0189,0.0205,438.3386,2574.789,861.3034,0.3843,0.4645,0.015,0.8212,0.6958,0.7558,0,-0,-0,-0,36.8993,36.8993,36.8993,0.0016
BA-01-04,Wetland: Estuarine Emergent,46.4482,120.7959,606.9508,1841.9246,56376.7713,533.7701,3700.6247,0.7146,254.9638,14.5,13,0.8435,123,6,37,4234.3948,0,0.1261,0.8739,580.2183,0.9199,533.7701,3821.4207,0.9684,3700.6247,1140.7209,0.4679,533.7701,0.1565,83.5522,0.0732,5542.5494,0.6677,3700.6247,0.2854,1056.057,0.1905,0,1139.6091,57516.3805,0.0198,1139.6091,5374.004,0.0993,0.6886,0.2121,64199.6507,0.0178,0.0863,0.8959,0.2237,254.9638,0.0044,1394.5729,450.2179,2644.5678,884.6454,3979.431,0.0309,13.9158,81.7408,27.3435,0.0122,0.0147,5e-4,0.0261,0.0221,0.024,436.3022,2562.827,857.3019,0.3825,0.4624,0.0149,0.8174,0.6925,0.7523,0,-0,0,-0,31.3531,31.3531,31.3531,0.0016
BA-01-04,Wetland: Estuarine Emergent,46.4482,120.7959,606.9508,1841.9246,56376.7713,533.7701,3700.6247,0.7146,254.9638,14.5,13,0.8435,156,4,55,4234.3948,0,0.1261,0.8739,580.2183,0.9199,533.7701,3821.4207,0.9684,3700.6247,1140.7209,0.4679,533.7701,0.1565,83.5522,0.0732,5542.5494,0.6677,3700.6247,0.2854,1056.057,0.1905,0,1139.6091,57516.3805,0.0198,1139.6091,5374.004,0.0993,0.6886,0.2121,64199.6507,0.0178,0.0863,0.8959,0.2237,254.9638,0.0044,1394.5729,450.2179,2644.5678,884.6454,3979.431,0.0392,17.6493,103.6712,34.6795,0.0155,0.0187,6e-4,0.0331,0.028,0.0304,432.5687,2540.8965,849.9659,0.3792,0.4584,0.0148,0.8104,0.6866,0.7458,-0,-0,0,-0,24.5092,24.5092,24.5092,0.0016
BA-01-04,Wetland: Estuarine Emergent,46.4482,120.7959,606.9508,1841.9246,56376.7713,533.7701,3700.6247,0.7146,254.9638,14.5,13,0.8435,175,2,73,4234.3948,0,0.1261,0.8739,580.2183,0.9199,533.7701,3821.4207,0.9684,3700.6247,1140.7209,0.4679,533.7701,0.1565,83.5522,0.0732,5542.5494,0.6677,3700.6247,0.2854,1056.057,0.1905,0,1139.6091,57516.3805,0.0198,1139.6091,5374.004,0.0993,0.6886,0.2121,64199.6507,0.0178,0.0863,0.8959,0.2237,254.9638,0.0044,1394.5729,450.2179,2644.5678,884.6454,3979.431,0.044,19.7988,116.2979,38.9033,0.0174,0.021,7e-4,0.0371,0.0314,0.0341,430.4191,2528.2699,845.7421,0.3773,0.4562,0.0147,0.8064,0.6832,0.7421,-0,-0,0,-0,21.7396,21.7396,21.7396,0.0016
BA-01-04,Wetland: Estuarine Emergent,46.4482,120.7959,606.9508,1841.9246,56376.7713,533.7701,3700.6247,0.7146,254.9638,14.5,13,0.8435,201,8,91,4234.3948,0,0.1261,0.8739,580.2183,0.9199,533.7701,3821.4207,0.9684,3700.6247,1140.7209,0.4679,533.7701,0.1565,83.5522,0.0732,5542.5494,0.6677,3700.6247,0.2854,1056.057,0.1905,0,1139.6091,57516.3805,0.0198,1139.6091,5374.004,0.0993,0.6886,0.2121,64199.6507,0.0178,0.0863,0.8959,0.2237,254.9638,0.0044,1394.5729,450.2179,2644.5678,884.6454,3979.431,0.0505,22.7404,133.5764,44.6832,0.0199,0.0241,8e-4,0.0426,0.0361,0.0392,427.4775,2510.9914,839.9622,0.3747,0.453,0.0146,0.8009,0.6785,0.7371,0,-0,0,-0,18.7982,18.7982,18.7982,0.0016
BA-01-04,Wetland: Estuarine Emergent,46.4482,120.7959,606.9508,1841.9246,56376.7713,533.7701,3700.6247,0.7146,254.9638,14.5,13,0.8435,320,5,109,4234.3948,0,0.1261,0.8739,580.2183,0.9199,533.7701,3821.4207,0.9684,3700.6247,1140.7209,0.4679,533.7701,0.1565,83.5522,0.0732,5542.5494,0.6677,3700.6247,0.2854,1056.057,0.1905,0,1139.6091,57516.3805,0.0198,1139.6091,5374.004,0.0993,0.6886,0.2121,64199.6507,0.0178,0.0863,0.8959,0.2237,254.9638,0.0044,1394.5729,450.2179,2644.5678,884.6454,3979.431,0.0804,36.2036,212.659,71.1374,0.0317,0.0384,0.0012,0.0678,0.0575,0.0624,414.0143,2431.9088,813.5079,0.3629,0.4388,0.0141,0.7756,0.6572,0.7138,0,-0,0,-0,11.4357,11.4357,11.4357,0.0016
BA-01-04,Wetland: Estuarine Emergent,46.4482,120.7959,606.9508,1841.9246,56376.7713,533.7701,3700.6247,0.7146,254.9638,14.5,13,0.8435,414,1,127,4234.3948,0,0.1261,0.8739,580.2183,0.9199,533.7701,3821.4207,0.9684,3700.6247,1140.7209,0.4679,533.7701,0.1565,83.5522,0.0732,5542.5494,0.6677,3700.6247,0.2854,1056.057,0.1905,0,1139.6091,57516.3805,0.0198,1139.6091,5374.004,0.0993,0.6886,0.2121,64199.6507,0.0178,0.0863,0.8959,0.2237,254.9638,0.0044,1394.5729,450.2179,2644.5678,884.6454,3979.431,0.104,46.8384,275.1275,92.0341,0.0411,0.0496,0.0016,0.0878,0.0743,0.0808,403.3795,2369.4402,792.6113,0.3536,0.4275,0.0138,0.7557,0.6403,0.6955,0,-0,0,-0,8.6122,8.6122,8.6122,0.0016
BA-01-04,Wetland: Estuarine Emergent,46.4482,120.7959,606.9508,1841.9246,56376.7713,533.7701,3700.6247,0.7146,254.9638,14.5,13,0.8435,456,3,145,4234.3948,0,0.1261,0.8739,580.2183,0.9199,533.7701,3821.4207,0.9684,3700.6247,1140.7209,0.4679,533.7701,0.1565,83.5522,0.0732,5542.5494,0.6677,3700.6247,0.2854,1056.057,0.1905,0,1139.6091,57516.3805,0.0198,1139.6091,5374.004,0.0993,0.6886,0.2121,64199.6507,0.0178,0.0863,0.8959,0.2237,254.9638,0.0044,1394.5729,450.2179,2644.5678,884.6454,3979.431,0.1146,51.5901,303.039,101.3708,0.0452,0.0547,0.0018,0.0967,0.0819,0.089,398.6278,2341.5287,783.2745,0.3495,0.4225,0.0136,0.7468,0.6327,0.6873,-0,-0,0,-0,7.7268,7.7268,7.7268,0.0016
CRMS0175,Wetland: Estuarine Emergent,19.5014,225.5661,99.6337,1284.6989,37892.0709,156.0924,1380.3128,0.3593,134.3121,0,1,0.7695,10,7,2,1536.4052,0,0.1016,0.8984,175.5938,0.8889,156.0924,1605.8789,0.8595,1380.3128,255.7261,0.6104,156.0924,0.2305,35.9768,0.1407,2665.0117,0.5179,1380.3128,0.6407,884.3705,0.3318,0,920.3473,38812.4182,0.0237,920.3473,2456.7525,0.0635,0.5618,0.3746,41733.156,0.0061,0.0639,0.93,0.1459,134.3121,0.0035,1054.6594,120.1157,495.9423,786.0352,1402.0932,0.0071,0.8567,3.5372,5.6062,0.0034,0.0013,1e-4,0.0055,0.0026,0.0061,119.259,492.4051,780.429,0.4664,0.1848,0.0201,0.764,0.3567,0.848,0,0,0,0,139.2093,139.2093,139.2093,9e-4
CRMS0175,Wetland: Estuarine Emergent,19.5014,225.5661,99.6337,1284.6989,37892.0709,156.0924,1380.3128,0.3593,134.3121,0,1,0.7695,105,9,20,1536.4052,0,0.1016,0.8984,175.5938,0.8889,156.0924,1605.8789,0.8595,1380.3128,255.7261,0.6104,156.0924,0.2305,35.9768,0.1407,2665.0117,0.5179,1380.3128,0.6407,884.3705,0.3318,0,920.3473,38812.4182,0.0237,920.3473,2456.7525,0.0635,0.5618,0.3746,41733.156,0.0061,0.0639,0.93,0.1459,134.3121,0.0035,1054.6594,120.1157,495.9423,786.0352,1402.0932,0.0749,8.9952,37.1401,58.8646,0.0352,0.0139,0.0015,0.0576,0.0269,0.064,111.1204,458.8022,727.1706,0.4345,0.1722,0.0187,0.7119,0.3324,0.7901,0,0,0,0,12.3533,12.3533,12.3533,9e-4
CRMS0175,Wetland: Estuarine Emergent,19.5014,225.5661,99.6337,1284.6989,37892.0709,156.0924,1380.3128,0.3593,134.3121,0,1,0.7695,123,6,38,1536.4052,0,0.1016,0.8984,175.5938,0.8889,156.0924,1605.8789,0.8595,1380.3128,255.7261,0.6104,156.0924,0.2305,35.9768,0.1407,2665.0117,0.5179,1380.3128,0.6407,884.3705,0.3318,0,920.3473,38812.4182,0.0237,920.3473,2456.7525,0.0635,0.5618,0.3746,41733.156,0.0061,0.0639,0.93,0.1459,134.3121,0.0035,1054.6594,120.1157,495.9423,786.0352,1402.0932,0.0877,10.5373,43.507,68.9557,0.0412,0.0163,0.0018,0.0675,0.0315,0.0749,109.5784,452.4353,717.0795,0.4285,0.1698,0.0185,0.702,0.3278,0.7791,0,0,0,0,10.3991,10.3991,10.3991,9e-4
CRMS0175,Wetland: Estuarine Emergent,19.5014,225.5661,99.6337,1284.6989,37892.0709,156.0924,1380.3128,0.3593,134.3121,0,1,0.7695,156,4,56,1536.4052,0,0.1016,0.8984,175.5938,0.8889,156.0924,1605.8789,0.8595,1380.3128,255.7261,0.6104,156.0924,0.2305,35.9768,0.1407,2665.0117,0.5179,1380.3128,0.6407,884.3705,0.3318,0,920.3473,38812.4182,0.0237,920.3473,2456.7525,0.0635,0.5618,0.3746,41733.156,0.0061,0.0639,0.93,0.1459,134.3121,0.0035,1054.6594,120.1157,495.9423,786.0352,1402.0932,0.1113,13.3643,55.1796,87.456,0.0523,0.0207,0.0023,0.0856,0.04,0.095,106.7513,440.7627,698.5792,0.4174,0.1654,0.018,0.6839,0.3193,0.759,0,0,-0,0,7.9878,7.9878,7.9878,9e-4
CRMS0175,Wetland: Estuarine Emergent,19.5014,225.5661,99.6337,1284.6989,37892.0709,156.0924,1380.3128,0.3593,134.3121,0,1,0.7695,175,2,74,1536.4052,0,0.1016,0.8984,175.5938,0.8889,156.0924,1605.8789,0.8595,1380.3128,255.7261,0.6104,156.0924,0.2305,35.9768,0.1407,2665.0117,0.5179,1380.3128,0.6407,884.3705,0.3318,0,920.3473,38812.4182,0.0237,920.3473,2456.7525,0.0635,0.5618,0.3746,41733.156,0.0061,0.0639,0.93,0.1459,134.3121,0.0035,1054.6594,120.1157,495.9423,786.0352,1402.0932,0.1248,14.992,61.9002,98.1077,0.0586,0.0232,0.0025,0.096,0.0448,0.1066,105.1236,434.0421,687.9275,0.4111,0.1629,0.0177,0.6735,0.3145,0.7475,0,0,0,0,7.012,7.012,7.012,9e-4
CRMS0175,Wetland: Estuarine Emergent,19.5014,225.5661,99.6337,1284.6989,37892.0709,156.0924,1380.3128,0.3593,134.3121,0,1,0.7695,201,8,92,1536.4052,0,0.1016,0.8984,175.5938,0.8889,156.0924,1605.8789,0.8595,1380.3128,255.7261,0.6104,156.0924,0.2305,35.9768,0.1407,2665.0117,0.5179,1380.3128,0.6407,884.3705,0.3318,0,920.3473,38812.4182,0.0237,920.3473,2456.7525,0.0635,0.5618,0.3746,41733.156,0.0061,0.0639,0.93,0.1459,134.3121,0.0035,1054.6594,120.1157,495.9423,786.0352,1402.0932,0.1434,17.2194,71.0968,112.6837,0.0673,0.0267,0.0029,0.1103,0.0515,0.1224,102.8962,424.8455,673.3515,0.4024,0.1594,0.0173,0.6592,0.3078,0.7316,0,0,0,0,5.9756,5.9756,5.9756,9e-4
CRMS0175,Wetland: Estuarine Emergent,19.5014,225.5661,99.6337,1284.6989,37892.0709,156.0924,1380.3128,0.3593,134.3121,0,1,0.7695,320,5,110,1536.4052,0,0.1016,0.8984,175.5938,0.8889,156.0924,1605.8789,0.8595,1380.3128,255.7261,0.6104,156.0924,0.2305,35.9768,0.1407,2665.0117,0.5179,1380.3128,0.6407,884.3705,0.3318,0,920.3473,38812.4182,0.0237,920.3473,2456.7525,0.0635,0.5618,0.3746,41733.156,0.0061,0.0639,0.93,0.1459,134.3121,0.0035,1054.6594,120.1157,495.9423,786.0352,1402.0932,0.2282,27.414,113.189,179.397,0.1072,0.0425,0.0046,0.1756,0.082,0.1949,92.7016,382.7533,606.6382,0.3625,0.1436,0.0156,0.5939,0.2773,0.6591,0,0,-0,0,3.3815,3.3815,3.3815,9e-4
CRMS0175,Wetland: Estuarine Emergent,19.5014,225.5661,99.6337,1284.6989,37892.0709,156.0924,1380.3128,0.3593,134.3121,0,1,0.7695,414,1,128,1536.4052,0,0.1016,0.8984,175.5938,0.8889,156.0924,1605.8789,0.8595,1380.3128,255.7261,0.6104,156.0924,0.2305,35.9768,0.1407,2665.0117,0.5179,1380.3128,0.6407,884.3705,0.3318,0,920.3473,38812.4182,0.0237,920.3473,2456.7525,0.0635,0.5618,0.3746,41733.156,0.0061,0.0639,0.93,0.1459,134.3121,0.0035,1054.6594,120.1157,495.9423,786.0352,1402.0932,0.2953,35.4669,146.4383,232.0948,0.1387,0.0549,0.006,0.2272,0.1061,0.2522,84.6488,349.504,553.9404,0.331,0.1311,0.0143,0.5423,0.2532,0.6019,0,0,0,0,2.3867,2.3867,2.3867,9e-4
CRMS0175,Wetland: Estuarine Emergent,19.5014,225.5661,99.6337,1284.6989,37892.0709,156.0924,1380.3128,0.3593,134.3121,0,1,0.7695,456,3,146,1536.4052,0,0.1016,0.8984,175.5938,0.8889,156.0924,1605.8789,0.8595,1380.3128,255.7261,0.6104,156.0924,0.2305,35.9768,0.1407,2665.0117,0.5179,1380.3128,0.6407,884.3705,0.3318,0,920.3473,38812.4182,0.0237,920.3473,2456.7525,0.0635,0.5618,0.3746,41733.156,0.0061,0.0639,0.93,0.1459,134.3121,0.0035,1054.6594,120.1157,495.9423,786.0352,1402.0932,0.3252,39.065,161.2943,255.6407,0.1528,0.0605,0.0066,0.2503,0.1169,0.2778,81.0507,334.648,530.3945,0.3169,0.1256,0.0137,0.5192,0.2424,0.5763,0,0,-0,0,2.0748,2.0748,2.0748,9e-4
CRMS0211,Wetland: Palustrine Emergent,32.2195,505.1845,265.1979,1286.3314,49762.3521,401.8266,2228.0608,0.4261,198.4919,14.5,1,0.6289,-22.7,1,1,2629.8874,0,0.1528,0.8472,434.0461,0.9258,401.8266,2733.2453,0.8152,2228.0608,667.0245,0.6024,401.8266,0.3711,149.1055,0.2235,3514.3922,0.634,2228.0608,0.5739,1278.7702,0.3639,0,1427.8757,51190.2279,0.0279,1427.8757,4057.7631,0.099,0.5491,0.3519,55371.6446,0.012,0.0635,0.9245,0.139,198.4919,0.0039,1626.3677,252.721,949.2906,1229.3838,2431.3955,-0.0093,-2.3595,-8.8628,-11.4778,-0.0035,-0.0025,-2e-4,-0.0059,-0.004,-0.008,255.0805,958.1534,1240.8616,0.3824,0.2726,0.0242,0.6348,0.43,0.869,0,-0,0,-0,-108.1099,-108.1099,-108.1099,0.0038
CRMS0211,Wetland: Palustrine Emergent,32.2195,505.1845,265.1979,1286.3314,49762.3521,401.8266,2228.0608,0.4261,198.4919,14.5,1,0.6289,73,3,7,2629.8874,0,0.1528,0.8472,434.0461,0.9258,401.8266,2733.2453,0.8152,2228.0608,667.0245,0.6024,401.8266,0.3711,149.1055,0.2235,3514.3922,0.634,2228.0608,0.5739,1278.7702,0.3639,0,1427.8757,51190.2279,0.0279,1427.8757,4057.7631,0.099,0.5491,0.3519,55371.6446,0.012,0.0635,0.9245,0.139,198.4919,0.0039,1626.3677,252.721,949.2906,1229.3838,2431.3955,0.03,7.5877,28.5014,36.9109,0.0114,0.0081,7e-4,0.0189,0.0128,0.0259,245.1334,920.7892,1192.4729,0.3675,0.262,0.0233,0.61,0.4133,0.8351,0,-0,0,-0,32.3068,32.3068,32.3068,0.0038
CRMS0211,Wetland: Palustrine Emergent,32.2195,505.1845,265.1979,1286.3314,49762.3521,401.8266,2228.0608,0.4261,198.4919,14.5,1,0.6289,197,2,13,2629.8874,0,0.1528,0.8472,434.0461,0.9258,401.8266,2733.2453,0.8152,2228.0608,667.0245,0.6024,401.8266,0.3711,149.1055,0.2235,3514.3922,0.634,2228.0608,0.5739,1278.7702,0.3639,0,1427.8757,51190.2279,0.0279,1427.8757,4057.7631,0.099,0.5491,0.3519,55371.6446,0.012,0.0635,0.9245,0.139,198.4919,0.0039,1626.3677,252.721,949.2906,1229.3838,2431.3955,0.081,20.4763,76.9148,99.6089,0.0307,0.0219,0.0019,0.051,0.0345,0.0698,232.2447,872.3758,1129.7749,0.3482,0.2482,0.0221,0.578,0.3915,0.7912,0,-0,0,-0,11.3421,11.3421,11.3421,0.0038
CRMS0224,Wetland: Estuarine Emergent,215.5916,463.2255,329.3042,1918.1409,45950.8201,662.5361,2440.6978,0.3669,199.4783,0,2,0.8562,10,7,3,3103.2339,0,0.2135,0.7865,878.1277,0.7545,662.5361,2903.9233,0.8405,2440.6978,991.8403,0.668,662.5361,0.1438,95.2985,0.0961,4358.8387,0.5599,2440.6978,0.6331,1545.1891,0.3545,0,1640.4876,47591.3077,0.0345,1640.4876,4743.7215,0.1397,0.5145,0.3458,52941.9867,0.0187,0.0823,0.8989,0.1216,199.4783,0.0042,1839.9659,567.2376,895.5087,1441.0093,2903.7556,0.0034,1.9535,3.084,4.9626,0.002,7e-4,1e-4,0.0029,0.0013,0.003,565.2841,892.4248,1436.0467,0.5699,0.2047,0.0302,0.8532,0.3656,0.8754,-0,0,0,0,289.3756,289.3756,289.3756,0.0029
CRMS0224,Wetland: Estuarine Emergent,215.5916,463.2255,329.3042,1918.1409,45950.8201,662.5361,2440.6978,0.3669,199.4783,0,2,0.8562,105,9,21,3103.2339,0,0.2135,0.7865,878.1277,0.7545,662.5361,2903.9233,0.8405,2440.6978,991.8403,0.668,662.5361,0.1438,95.2985,0.0961,4358.8387,0.5599,2440.6978,0.6331,1545.1891,0.3545,0,1640.4876,47591.3077,0.0345,1640.4876,4743.7215,0.1397,0.5145,0.3458,52941.9867,0.0187,0.0823,0.8989,0.1216,199.4783,0.0042,1839.9659,567.2376,895.5087,1441.0093,2903.7556,0.0362,20.5113,32.3817,52.107,0.0207,0.0074,0.0011,0.031,0.0133,0.0318,546.7262,863.1271,1388.9023,0.5512,0.198,0.0292,0.8252,0.3536,0.8466,0,0,0,0,26.6548,26.6548,26.6548,0.0029
CRMS0224,Wetland: Estuarine Emergent,215.5916,463.2255,329.3042,1918.1409,45950.8201,662.5361,2440.6978,0.3669,199.4783,0,2,0.8562,123,6,39,3103.2339,0,0.2135,0.7865,878.1277,0.7545,662.5361,2903.9233,0.8405,2440.6978,991.8403,0.668,662.5361,0.1438,95.2985,0.0961,4358.8387,0.5599,2440.6978,0.6331,1545.1891,0.3545,0,1640.4876,47591.3077,0.0345,1640.4876,4743.7215,0.1397,0.5145,0.3458,52941.9867,0.0187,0.0823,0.8989,0.1216,199.4783,0.0042,1839.9659,567.2376,895.5087,1441.0093,2903.7556,0.0424,24.0276,37.9328,61.0396,0.0242,0.0087,0.0013,0.0363,0.0155,0.0372,543.21,857.5759,1379.9696,0.5477,0.1967,0.029,0.8199,0.3514,0.8412,-0,0,0,0,22.6078,22.6078,22.6078,0.0029
CRMS0224,Wetland: Estuarine Emergent,215.5916,463.2255,329.3042,1918.1409,45950.8201,662.5361,2440.6978,0.3669,199.4783,0,2,0.8562,156,4,57,3103.2339,0,0.2135,0.7865,878.1277,0.7545,662.5361,2903.9233,0.8405,2440.6978,991.8403,0.668,662.5361,0.1438,95.2985,0.0961,4358.8387,0.5599,2440.6978,0.6331,1545.1891,0.3545,0,1640.4876,47591.3077,0.0345,1640.4876,4743.7215,0.1397,0.5145,0.3458,52941.9867,0.0187,0.0823,0.8989,0.1216,199.4783,0.0042,1839.9659,567.2376,895.5087,1441.0093,2903.7556,0.0537,30.474,48.1099,77.4161,0.0307,0.011,0.0016,0.046,0.0197,0.0472,536.7635,847.3988,1363.5932,0.5412,0.1944,0.0287,0.8102,0.3472,0.8312,0,0,0,0,17.6138,17.6138,17.6138,0.0029
CRMS0224,Wetland: Estuarine Emergent,215.5916,463.2255,329.3042,1918.1409,45950.8201,662.5361,2440.6978,0.3669,199.4783,0,2,0.8562,175,2,75,3103.2339,0,0.2135,0.7865,878.1277,0.7545,662.5361,2903.9233,0.8405,2440.6978,991.8403,0.668,662.5361,0.1438,95.2985,0.0961,4358.8387,0.5599,2440.6978,0.6331,1545.1891,0.3545,0,1640.4876,47591.3077,0.0345,1640.4876,4743.7215,0.1397,0.5145,0.3458,52941.9867,0.0187,0.0823,0.8989,0.1216,199.4783,0.0042,1839.9659,567.2376,895.5087,1441.0093,2903.7556,0.0603,34.1856,53.9694,86.845,0.0345,0.0124,0.0018,0.0516,0.0221,0.0529,533.052,841.5393,1354.1643,0.5374,0.1931,0.0285,0.8046,0.3448,0.8255,-0,0,0,0,15.5929,15.5929,15.5929,0.0029
CRMS0224,Wetland: Estuarine Emergent,215.5916,463.2255,329.3042,1918.1409,45950.8201,662.5361,2440.6978,0.3669,199.4783,0,2,0.8562,201,8,93,3103.2339,0,0.2135,0.7865,878.1277,0.7545,662.5361,2903.9233,0.8405,2440.6978,991.8403,0.668,662.5361,0.1438,95.2985,0.0961,4358.8387,0.5599,2440.6978,0.6331,1545.1891,0.3545,0,1640.4876,47591.3077,0.0345,1640.4876,4743.7215,0.1397,0.5145,0.3458,52941.9867,0.0187,0.0823,0.8989,0.1216,199.4783,0.0042,1839.9659,567.2376,895.5087,1441.0093,2903.7556,0.0692,39.2646,61.9877,99.7477,0.0396,0.0142,0.0021,0.0593,0.0254,0.0608,527.973,833.521,1341.2616,0.5323,0.1912,0.0282,0.7969,0.3415,0.8176,-0,0,0,0,13.4465,13.4465,13.4465,0.0029
CRMS0224,Wetland: Estuarine Emergent,215.5916,463.2255,329.3042,1918.1409,45950.8201,662.5361,2440.6978,0.3669,199.4783,0,2,0.8562,320,5,111,3103.2339,0,0.2135,0.7865,878.1277,0.7545,662.5361,2903.9233,0.8405,2440.6978,991.8403,0.668,662.5361,0.1438,95.2985,0.0961,4358.8387,0.5599,2440.6978,0.6331,1545.1891,0.3545,0,1640.4876,47591.3077,0.0345,1640.4876,4743.7215,0.1397,0.5145,0.3458,52941.9867,0.0187,0.0823,0.8989,0.1216,199.4783,0.0042,1839.9659,567.2376,895.5087,1441.0093,2903.7556,0.1102,62.5108,98.687,158.8023,0.063,0.0226,0.0033,0.0944,0.0404,0.0968,504.7268,796.8218,1282.207,0.5089,0.1828,0.0269,0.7618,0.3265,0.7816,-0,0,0,0,8.0742,8.0742,8.0742,0.0029
CRMS0224,Wetland: Estuarine Emergent,215.5916,463.2255,329.3042,1918.1409,45950.8201,662.5361,2440.6978,0.3669,199.4783,0,2,0.8562,414,1,129,3103.2339,0,0.2135,0.7865,878.1277,0.7545,662.5361,2903.9233,0.8405,2440.6978,991.8403,0.668,662.5361,0.1438,95.2985,0.0961,4358.8387,0.5599,2440.6978,0.6331,1545.1891,0.3545,0,1640.4876,47591.3077,0.0345,1640.4876,4743.7215,0.1397,0.5145,0.3458,52941.9867,0.0187,0.0823,0.8989,0.1216,199.4783,0.0042,1839.9659,567.2376,895.5087,1441.0093,2903.7556,0.1426,80.8733,127.6762,205.4504,0.0815,0.0293,0.0043,0.1221,0.0523,0.1252,486.3642,767.8325,1235.5588,0.4904,0.1762,0.026,0.7341,0.3146,0.7532,0,0,0,0,6.0139,6.0139,6.0139,0.0029
CRMS0224,Wetland: Estuarine Emergent,215.5916,463.2255,329.3042,1918.1409,45950.8201,662.5361,2440.6978,0.3669,199.4783,0,2,0.8562,456,3,147,3103.2339,0,0.2135,0.7865,878.1277,0.7545,662.5361,2903.9233,0.8405,2440.6978,991.8403,0.668,662.5361,0.1438,95.2985,0.0961,4358.8387,0.5599,2440.6978,0.6331,1545.1891,0.3545,0,1640.4876,47591.3077,0.0345,1640.4876,4743.7215,0.1397,0.5145,0.3458,52941.9867,0.0187,0.0823,0.8989,0.1216,199.4783,0.0042,1839.9659,567.2376,895.5087,1441.0093,2903.7556,0.157,89.0779,140.6289,226.2932,0.0898,0.0323,0.0048,0.1344,0.0576,0.1379,478.1597,754.8798,1214.716,0.4821,0.1732,0.0255,0.7217,0.3093,0.7405,-0,0,0,0,5.3679,5.3679,5.3679,0.0029
CRMS0225,Wetland: Estuarine Emergent,39.846,419.3216,194.2173,1785.8784,62630.0595,441.2509,2085.7215,0.4566,245.763,14.5,14,0.6963,10,7,4,2526.9724,0,0.1746,0.8254,481.0969,0.9172,441.2509,2505.043,0.8326,2085.7215,635.4682,0.6944,441.2509,0.3037,133.9919,0.2109,3871.5999,0.5387,2085.7215,0.5434,1133.287,0.2927,0,1267.2788,63897.3383,0.0198,1267.2788,3794.2512,0.1163,0.5497,0.334,68404.4064,0.0093,0.0566,0.9341,0.1939,245.763,0.0038,1513.0418,307.2591,952.4345,1021.5158,2281.2094,0.0044,1.3469,4.1751,4.478,0.0021,0.0011,1e-4,0.0031,0.002,0.0035,305.9121,948.2594,1017.0379,0.4814,0.2449,0.0159,0.6933,0.4546,0.8025,0,0,0,0,227.1209,227.1209,227.1209,0.0043
CRMS0225,Wetland: Estuarine Emergent,39.846,419.3216,194.2173,1785.8784,62630.0595,441.2509,2085.7215,0.4566,245.763,14.5,14,0.6963,105,9,22,2526.9724,0,0.1746,0.8254,481.0969,0.9172,441.2509,2505.043,0.8326,2085.7215,635.4682,0.6944,441.2509,0.3037,133.9919,0.2109,3871.5999,0.5387,2085.7215,0.5434,1133.287,0.2927,0,1267.2788,63897.3383,0.0198,1267.2788,3794.2512,0.1163,0.5497,0.334,68404.4064,0.0093,0.0566,0.9341,0.1939,245.763,0.0038,1513.0418,307.2591,952.4345,1021.5158,2281.2094,0.046,14.1426,43.8389,47.0186,0.0223,0.0113,7e-4,0.0321,0.021,0.0371,293.1165,908.5956,974.4973,0.4613,0.2347,0.0153,0.6643,0.4356,0.769,-0,0,0,0,20.7258,20.7258,20.7258,0.0043
CRMS0225,Wetland: Estuarine Emergent,39.846,419.3216,194.2173,1785.8784,62630.0595,441.2509,2085.7215,0.4566,245.763,14.5,14,0.6963,123,6,40,2526.9724,0,0.1746,0.8254,481.0969,0.9172,441.2509,2505.043,0.8326,2085.7215,635.4682,0.6944,441.2509,0.3037,133.9919,0.2109,3871.5999,0.5387,2085.7215,0.5434,1133.287,0.2927,0,1267.2788,63897.3383,0.0198,1267.2788,3794.2512,0.1163,0.5497,0.334,68404.4064,0.0093,0.0566,0.9341,0.1939,245.763,0.0038,1513.0418,307.2591,952.4345,1021.5158,2281.2094,0.053900000000000003,16.567,51.3541,55.0789,0.0261,0.0133,9e-4,0.0375,0.0246,0.0435,290.692,901.0804,966.4369,0.4574,0.2327,0.0151,0.6588,0.432,0.7626,0,0,0,0,17.5464,17.5464,17.5464,0.0043
CRMS0225,Wetland: Estuarine Emergent,39.846,419.3216,194.2173,1785.8784,62630.0595,441.2509,2085.7215,0.4566,245.763,14.5,14,0.6963,156,4,58,2526.9724,0,0.1746,0.8254,481.0969,0.9172,441.2509,2505.043,0.8326,2085.7215,635.4682,0.6944,441.2509,0.3037,133.9919,0.2109,3871.5999,0.5387,2085.7215,0.5434,1133.287,0.2927,0,1267.2788,63897.3383,0.0198,1267.2788,3794.2512,0.1163,0.5497,0.334,68404.4064,0.0093,0.0566,0.9341,0.1939,245.763,0.0038,1513.0418,307.2591,952.4345,1021.5158,2281.2094,0.0684,21.0118,65.132,69.8561,0.0331,0.0168,0.0011,0.0476,0.0312,0.0551,286.2472,887.3025,951.6597,0.4505,0.2292,0.0149,0.6487,0.4254,0.7509,0,0,0,0,13.6231,13.6231,13.6231,0.0043
CRMS0225,Wetland: Estuarine Emergent,39.846,419.3216,194.2173,1785.8784,62630.0595,441.2509,2085.7215,0.4566,245.763,14.5,14,0.6963,175,2,76,2526.9724,0,0.1746,0.8254,481.0969,0.9172,441.2509,2505.043,0.8326,2085.7215,635.4682,0.6944,441.2509,0.3037,133.9919,0.2109,3871.5999,0.5387,2085.7215,0.5434,1133.287,0.2927,0,1267.2788,63897.3383,0.0198,1267.2788,3794.2512,0.1163,0.5497,0.334,68404.4064,0.0093,0.0566,0.9341,0.1939,245.763,0.0038,1513.0418,307.2591,952.4345,1021.5158,2281.2094,0.0767,23.571,73.0648,78.3643,0.0371,0.0189,0.0012,0.0534,0.035,0.0618,283.6881,879.3697,943.1516,0.4464,0.2271,0.0148,0.6429,0.4216,0.7442,0,0,0,0,12.0355,12.0355,12.0355,0.0043
CRMS0225,Wetland: Estuarine Emergent,39.846,419.3216,194.2173,1785.8784,62630.0595,441.2509,2085.7215,0.4566,245.763,14.5,14,0.6963,201,8,94,2526.9724,0,0.1746,0.8254,481.0969,0.9172,441.2509,2505.043,0.8326,2085.7215,635.4682,0.6944,441.2509,0.3037,133.9919,0.2109,3871.5999,0.5387,2085.7215,0.5434,1133.287,0.2927,0,1267.2788,63897.3383,0.0198,1267.2788,3794.2512,0.1163,0.5497,0.334,68404.4064,0.0093,0.0566,0.9341,0.1939,245.763,0.0038,1513.0418,307.2591,952.4345,1021.5158,2281.2094,0.0881,27.073,83.9201,90.0069,0.0426,0.0217,0.0014,0.0614,0.0402,0.071,280.1861,868.5144,931.5089,0.4409,0.2243,0.0146,0.635,0.4164,0.735,0,0,0,0,10.3493,10.3493,10.3493,0.0043
CRMS0225,Wetland: Estuarine Emergent,39.846,419.3216,194.2173,1785.8784,62630.0595,441.2509,2085.7215,0.4566,245.763,14.5,14,0.6963,320,5,112,2526.9724,0,0.1746,0.8254,481.0969,0.9172,441.2509,2505.043,0.8326,2085.7215,635.4682,0.6944,441.2509,0.3037,133.9919,0.2109,3871.5999,0.5387,2085.7215,0.5434,1133.287,0.2927,0,1267.2788,63897.3383,0.0198,1267.2788,3794.2512,0.1163,0.5497,0.334,68404.4064,0.0093,0.0566,0.9341,0.1939,245.763,0.0038,1513.0418,307.2591,952.4345,1021.5158,2281.2094,0.1403,43.1012,133.6041,143.2946,0.0678,0.0345,0.0022,0.0977,0.0641,0.1131,264.1578,818.8303,878.2212,0.4157,0.2115,0.0137,0.5987,0.3926,0.693,-0,0,0,0,6.1288,6.1288,6.1288,0.0043
CRMS0225,Wetland: Estuarine Emergent,39.846,419.3216,194.2173,1785.8784,62630.0595,441.2509,2085.7215,0.4566,245.763,14.5,14,0.6963,414,1,130,2526.9724,0,0.1746,0.8254,481.0969,0.9172,441.2509,2505.043,0.8326,2085.7215,635.4682,0.6944,441.2509,0.3037,133.9919,0.2109,3871.5999,0.5387,2085.7215,0.5434,1133.287,0.2927,0,1267.2788,63897.3383,0.0198,1267.2788,3794.2512,0.1163,0.5497,0.334,68404.4064,0.0093,0.0566,0.9341,0.1939,245.763,0.0038,1513.0418,307.2591,952.4345,1021.5158,2281.2094,0.1815,55.7622,172.8504,185.3874,0.0877,0.0446,0.0029,0.1264,0.0829,0.1463,251.4969,779.5841,836.1284,0.3958,0.2014,0.0131,0.57,0.3738,0.6598,0,0,0,0,4.5102,4.5102,4.5102,0.0043
CRMS0225,Wetland: Estuarine Emergent,39.846,419.3216,194.2173,1785.8784,62630.0595,441.2509,2085.7215,0.4566,245.763,14.5,14,0.6963,456,3,148,2526.9724,0,0.1746,0.8254,481.0969,0.9172,441.2509,2505.043,0.8326,2085.7215,635.4682,0.6944,441.2509,0.3037,133.9919,0.2109,3871.5999,0.5387,2085.7215,0.5434,1133.287,0.2927,0,1267.2788,63897.3383,0.0198,1267.2788,3794.2512,0.1163,0.5497,0.334,68404.4064,0.0093,0.0566,0.9341,0.1939,245.763,0.0038,1513.0418,307.2591,952.4345,1021.5158,2281.2094,0.1999,61.4192,190.3859,204.1949,0.0967,0.0492,0.0032,0.1392,0.0913,0.1611,245.8398,762.0486,817.321,0.3869,0.1968,0.0128,0.5571,0.3654,0.6449,0,0,0,0,4.0027,4.0027,4.0027,0.0043
CRMS0237,Wetland: Estuarine Emergent,135.8578,684.7753,253.6529,1533.1645,35093.9149,436.4609,1934.8596,0.2846,123.0184,0,3,0.7967,10,7,5,2371.3205,0,0.1841,0.8159,572.3187,0.7626,436.4609,2619.635,0.7386,1934.8596,690.1138,0.6324,436.4609,0.2033,88.7249,0.1286,3468.0241,0.5579,1934.8596,0.7154,1384.1637,0.3991,0,1472.8886,36566.8035,0.0403,1472.8886,3844.2091,0.1135,0.5033,0.3831,40724.9415,0.0169,0.0852,0.8979,0.0835,123.0184,0.0034,1595.907,347.7359,550.6959,1349.8703,2248.3021,0.0044,1.5467,2.4494,6.004,0.0022,7e-4,2e-4,0.0035,0.0013,0.0041,346.1893,548.2465,1343.8663,0.5016,0.1581,0.0368,0.7932,0.2834,0.9124,0,0,-0,0,223.8302,223.8302,223.8302,0.0027
CRMS0237,Wetland: Estuarine Emergent,135.8578,684.7753,253.6529,1533.1645,35093.9149,436.4609,1934.8596,0.2846,123.0184,0,3,0.7967,105,9,23,2371.3205,0,0.1841,0.8159,572.3187,0.7626,436.4609,2619.635,0.7386,1934.8596,690.1138,0.6324,436.4609,0.2033,88.7249,0.1286,3468.0241,0.5579,1934.8596,0.7154,1384.1637,0.3991,0,1472.8886,36566.8035,0.0403,1472.8886,3844.2091,0.1135,0.5033,0.3831,40724.9415,0.0169,0.0852,0.8979,0.0835,123.0184,0.0034,1595.907,347.7359,550.6959,1349.8703,2248.3021,0.0467,16.2399,25.7185,63.0415,0.0235,0.0074,0.0017,0.0372,0.0133,0.0428,331.496,524.9773,1286.8287,0.4803,0.1514,0.0352,0.7595,0.2713,0.8737,0,0,-0,0,20.4124,20.4124,20.4124,0.0027
CRMS0237,Wetland: Estuarine Emergent,135.8578,684.7753,253.6529,1533.1645,35093.9149,436.4609,1934.8596,0.2846,123.0184,0,3,0.7967,123,6,41,2371.3205,0,0.1841,0.8159,572.3187,0.7626,436.4609,2619.635,0.7386,1934.8596,690.1138,0.6324,436.4609,0.2033,88.7249,0.1286,3468.0241,0.5579,1934.8596,0.7154,1384.1637,0.3991,0,1472.8886,36566.8035,0.0403,1472.8886,3844.2091,0.1135,0.5033,0.3831,40724.9415,0.0169,0.0852,0.8979,0.0835,123.0184,0.0034,1595.907,347.7359,550.6959,1349.8703,2248.3021,0.0547,19.0239,30.1274,73.8486,0.0276,0.0087,0.002,0.0436,0.0156,0.0501,328.712,520.5684,1276.0216,0.4763,0.1501,0.0349,0.7531,0.269,0.8663,0,0,-0,0,17.2789,17.2789,17.2789,0.0027
CRMS0237,Wetland: Estuarine Emergent,135.8578,684.7753,253.6529,1533.1645,35093.9149,436.4609,1934.8596,0.2846,123.0184,0,3,0.7967,156,4,59,2371.3205,0,0.1841,0.8159,572.3187,0.7626,436.4609,2619.635,0.7386,1934.8596,690.1138,0.6324,436.4609,0.2033,88.7249,0.1286,3468.0241,0.5579,1934.8596,0.7154,1384.1637,0.3991,0,1472.8886,36566.8035,0.0403,1472.8886,3844.2091,0.1135,0.5033,0.3831,40724.9415,0.0169,0.0852,0.8979,0.0835,123.0184,0.0034,1595.907,347.7359,550.6959,1349.8703,2248.3021,0.0694,24.1279,38.2104,93.6617,0.035,0.011,0.0026,0.0553,0.0197,0.0636,323.608,512.4855,1256.2086,0.4689,0.1478,0.0344,0.7414,0.2649,0.8529,0,0,-0,0,13.4122,13.4122,13.4122,0.0027
CRMS0237,Wetland: Estuarine Emergent,135.8578,684.7753,253.6529,1533.1645,35093.9149,436.4609,1934.8596,0.2846,123.0184,0,3,0.7967,175,2,77,2371.3205,0,0.1841,0.8159,572.3187,0.7626,436.4609,2619.635,0.7386,1934.8596,690.1138,0.6324,436.4609,0.2033,88.7249,0.1286,3468.0241,0.5579,1934.8596,0.7154,1384.1637,0.3991,0,1472.8886,36566.8035,0.0403,1472.8886,3844.2091,0.1135,0.5033,0.3831,40724.9415,0.0169,0.0852,0.8979,0.0835,123.0184,0.0034,1595.907,347.7359,550.6959,1349.8703,2248.3021,0.0778,27.0666,42.8642,105.0692,0.0392,0.0124,0.0029,0.062,0.0222,0.0713,320.6694,507.8316,1244.8011,0.4647,0.1464,0.034,0.7347,0.2625,0.8451,0,0,0,0,11.8474,11.8474,11.8474,0.0027
CRMS0237,Wetland: Estuarine Emergent,135.8578,684.7753,253.6529,1533.1645,35093.9149,436.4609,1934.8596,0.2846,123.0184,0,3,0.7967,201,8,95,2371.3205,0,0.1841,0.8159,572.3187,0.7626,436.4609,2619.635,0.7386,1934.8596,690.1138,0.6324,436.4609,0.2033,88.7249,0.1286,3468.0241,0.5579,1934.8596,0.7154,1384.1637,0.3991,0,1472.8886,36566.8035,0.0403,1472.8886,3844.2091,0.1135,0.5033,0.3831,40724.9415,0.0169,0.0852,0.8979,0.0835,123.0184,0.0034,1595.907,347.7359,550.6959,1349.8703,2248.3021,0.0894,31.0879,49.2327,120.6795,0.045,0.0142,0.0033,0.0712,0.0254,0.0819,316.6481,501.4632,1229.1908,0.4588,0.1446,0.0336,0.7255,0.2592,0.8345,0,0,-0,0,10.1856,10.1856,10.1856,0.0027
CRMS0237,Wetland: Estuarine Emergent,135.8578,684.7753,253.6529,1533.1645,35093.9149,436.4609,1934.8596,0.2846,123.0184,0,3,0.7967,320,5,113,2371.3205,0,0.1841,0.8159,572.3187,0.7626,436.4609,2619.635,0.7386,1934.8596,690.1138,0.6324,436.4609,0.2033,88.7249,0.1286,3468.0241,0.5579,1934.8596,0.7154,1384.1637,0.3991,0,1472.8886,36566.8035,0.0403,1472.8886,3844.2091,0.1135,0.5033,0.3831,40724.9415,0.0169,0.0852,0.8979,0.0835,123.0184,0.0034,1595.907,347.7359,550.6959,1349.8703,2248.3021,0.1423,49.4931,78.3803,192.1265,0.0717,0.0226,0.0053,0.1134,0.0405,0.1304,298.2428,472.3155,1157.7437,0.4322,0.1362,0.0317,0.6833,0.2441,0.786,0,0,-0,0,6.0259,6.0259,6.0259,0.0027
CRMS0237,Wetland: Estuarine Emergent,135.8578,684.7753,253.6529,1533.1645,35093.9149,436.4609,1934.8596,0.2846,123.0184,0,3,0.7967,414,1,131,2371.3205,0,0.1841,0.8159,572.3187,0.7626,436.4609,2619.635,0.7386,1934.8596,690.1138,0.6324,436.4609,0.2033,88.7249,0.1286,3468.0241,0.5579,1934.8596,0.7154,1384.1637,0.3991,0,1472.8886,36566.8035,0.0403,1472.8886,3844.2091,0.1135,0.5033,0.3831,40724.9415,0.0169,0.0852,0.8979,0.0835,123.0184,0.0034,1595.907,347.7359,550.6959,1349.8703,2248.3021,0.1841,64.0317,101.4046,248.5637,0.0928,0.0292,0.0068,0.1467,0.0524,0.1688,283.7042,449.2913,1101.3066,0.4111,0.1296,0.0301,0.65,0.2322,0.7477,0,0,-0,0,4.4307,4.4307,4.4307,0.0027
CRMS0237,Wetland: Estuarine Emergent,135.8578,684.7753,253.6529,1533.1645,35093.9149,436.4609,1934.8596,0.2846,123.0184,0,3,0.7967,456,3,149,2371.3205,0,0.1841,0.8159,572.3187,0.7626,436.4609,2619.635,0.7386,1934.8596,690.1138,0.6324,436.4609,0.2033,88.7249,0.1286,3468.0241,0.5579,1934.8596,0.7154,1384.1637,0.3991,0,1472.8886,36566.8035,0.0403,1472.8886,3844.2091,0.1135,0.5033,0.3831,40724.9415,0.0169,0.0852,0.8979,0.0835,123.0184,0.0034,1595.907,347.7359,550.6959,1349.8703,2248.3021,0.2028,70.5277,111.692,273.7803,0.1022,0.0322,0.0075,0.1616,0.0577,0.1859,277.2082,439.0039,1076.09,0.4017,0.1266,0.0294,0.6351,0.2269,0.7306,0,0,-0,0,3.9305,3.9305,3.9305,0.0027
CRMS0253,Wetland: Estuarine Emergent,45.2673,257.1885,309.102,1585.2967,47736.9369,533.0031,2179.3985,0.5144,345.3034,14.5,4,0.6831,10,7,6,2712.4016,0,0.1965,0.8035,578.2703,0.9217,533.0031,2436.587,0.8944,2179.3985,842.1051,0.6329,533.0031,0.3169,168.9045,0.2006,3764.6952,0.5789,2179.3985,0.4856,1058.2745,0.2811,0,1227.179,48964.1159,0.0251,1227.179,3939.5806,0.1353,0.5532,0.3115,53570.9162,0.0157,0.0703,0.914,0.2814,345.3034,0.0071,1572.4823,364.0986,1121.1241,881.8756,2367.0983,0.0042,1.5382,4.7363,3.7256,0.0018,0.0013,1e-4,0.0029,0.0022,0.003,362.5604,1116.3878,878.15,0.4305,0.2965,0.0179,0.6802,0.5122,0.7156,0,0,0,0,235.7098,235.7098,235.7098,0.0061
CRMS0253,Wetland: Estuarine Emergent,45.2673,257.1885,309.102,1585.2967,47736.9369,533.0031,2179.3985,0.5144,345.3034,14.5,4,0.6831,105,9,24,2712.4016,0,0.1965,0.8035,578.2703,0.9217,533.0031,2436.587,0.8944,2179.3985,842.1051,0.6329,533.0031,0.3169,168.9045,0.2006,3764.6952,0.5789,2179.3985,0.4856,1058.2745,0.2811,0,1227.179,48964.1159,0.0251,1227.179,3939.5806,0.1353,0.5532,0.3115,53570.9162,0.0157,0.0703,0.914,0.2814,345.3034,0.0071,1572.4823,364.0986,1121.1241,881.8756,2367.0983,0.0444,16.1507,49.7309,39.1183,0.0192,0.0132,8e-4,0.0303,0.0228,0.0319,347.9479,1071.3931,842.7573,0.4132,0.2846,0.0172,0.6528,0.4916,0.6867,0,0,0,0,21.5438,21.5438,21.5438,0.0061
CRMS0253,Wetland: Estuarine Emergent,45.2673,257.1885,309.102,1585.2967,47736.9369,533.0031,2179.3985,0.5144,345.3034,14.5,4,0.6831,123,6,42,2712.4016,0,0.1965,0.8035,578.2703,0.9217,533.0031,2436.587,0.8944,2179.3985,842.1051,0.6329,533.0031,0.3169,168.9045,0.2006,3764.6952,0.5789,2179.3985,0.4856,1058.2745,0.2811,0,1227.179,48964.1159,0.0251,1227.179,3939.5806,0.1353,0.5532,0.3115,53570.9162,0.0157,0.0703,0.914,0.2814,345.3034,0.0071,1572.4823,364.0986,1121.1241,881.8756,2367.0983,0.052,18.9194,58.2562,45.8243,0.0225,0.0155,9e-4,0.0355,0.0267,0.0373,345.1792,1062.8678,836.0513,0.4099,0.2823,0.0171,0.6476,0.4877,0.6813,0,0,0,0,18.2447,18.2447,18.2447,0.0061
CRMS0253,Wetland: Estuarine Emergent,45.2673,257.1885,309.102,1585.2967,47736.9369,533.0031,2179.3985,0.5144,345.3034,14.5,4,0.6831,156,4,60,2712.4016,0,0.1965,0.8035,578.2703,0.9217,533.0031,2436.587,0.8944,2179.3985,842.1051,0.6329,533.0031,0.3169,168.9045,0.2006,3764.6952,0.5789,2179.3985,0.4856,1058.2745,0.2811,0,1227.179,48964.1159,0.0251,1227.179,3939.5806,0.1353,0.5532,0.3115,53570.9162,0.0157,0.0703,0.914,0.2814,345.3034,0.0071,1572.4823,364.0986,1121.1241,881.8756,2367.0983,0.0659,23.9954,73.886,58.1187,0.0285,0.0196,0.0012,0.045,0.0339,0.0474,340.1032,1047.2381,823.7569,0.4039,0.2782,0.0168,0.6381,0.4805,0.6713,0,0,0,0,14.1737,14.1737,14.1737,0.0061
CRMS0253,Wetland: Estuarine Emergent,45.2673,257.1885,309.102,1585.2967,47736.9369,533.0031,2179.3985,0.5144,345.3034,14.5,4,0.6831,175,2,78,2712.4016,0,0.1965,0.8035,578.2703,0.9217,533.0031,2436.587,0.8944,2179.3985,842.1051,0.6329,533.0031,0.3169,168.9045,0.2006,3764.6952,0.5789,2179.3985,0.4856,1058.2745,0.2811,0,1227.179,48964.1159,0.0251,1227.179,3939.5806,0.1353,0.5532,0.3115,53570.9162,0.0157,0.0703,0.914,0.2814,345.3034,0.0071,1572.4823,364.0986,1121.1241,881.8756,2367.0983,0.0739,26.9179,82.8849,65.1972,0.032,0.022,0.0013,0.0505,0.038,0.0531,337.1807,1038.2392,816.6784,0.4004,0.2758,0.0167,0.6326,0.4764,0.6655,-0,0,0,0,12.5263,12.5263,12.5263,0.0061
CRMS0253,Wetland: Estuarine Emergent,45.2673,257.1885,309.102,1585.2967,47736.9369,533.0031,2179.3985,0.5144,345.3034,14.5,4,0.6831,201,8,96,2712.4016,0,0.1965,0.8035,578.2703,0.9217,533.0031,2436.587,0.8944,2179.3985,842.1051,0.6329,533.0031,0.3169,168.9045,0.2006,3764.6952,0.5789,2179.3985,0.4856,1058.2745,0.2811,0,1227.179,48964.1159,0.0251,1227.179,3939.5806,0.1353,0.5532,0.3115,53570.9162,0.0157,0.0703,0.914,0.2814,345.3034,0.0071,1572.4823,364.0986,1121.1241,881.8756,2367.0983,0.0849,30.9171,95.1992,74.8837,0.0367,0.0253,0.0015,0.058,0.0437,0.061,333.1815,1025.9248,806.9919,0.3957,0.2725,0.0165,0.6251,0.4707,0.6576,0,0,0,0,10.7766,10.7766,10.7766,0.0061
CRMS0253,Wetland: Estuarine Emergent,45.2673,257.1885,309.102,1585.2967,47736.9369,533.0031,2179.3985,0.5144,345.3034,14.5,4,0.6831,320,5,114,2712.4016,0,0.1965,0.8035,578.2703,0.9217,533.0031,2436.587,0.8944,2179.3985,842.1051,0.6329,533.0031,0.3169,168.9045,0.2006,3764.6952,0.5789,2179.3985,0.4856,1058.2745,0.2811,0,1227.179,48964.1159,0.0251,1227.179,3939.5806,0.1353,0.5532,0.3115,53570.9162,0.0157,0.0703,0.914,0.2814,345.3034,0.0071,1572.4823,364.0986,1121.1241,881.8756,2367.0983,0.1352,49.2213,151.561,119.2178,0.0585,0.0403,0.0024,0.0923,0.0695,0.0971,314.8773,969.5631,762.6578,0.3739,0.2575,0.0156,0.5908,0.4449,0.6215,0,0,0,0,6.3972,6.3972,6.3972,0.0061
CRMS0253,Wetland: Estuarine Emergent,45.2673,257.1885,309.102,1585.2967,47736.9369,533.0031,2179.3985,0.5144,345.3034,14.5,4,0.6831,414,1,132,2712.4016,0,0.1965,0.8035,578.2703,0.9217,533.0031,2436.587,0.8944,2179.3985,842.1051,0.6329,533.0031,0.3169,168.9045,0.2006,3764.6952,0.5789,2179.3985,0.4856,1058.2745,0.2811,0,1227.179,48964.1159,0.0251,1227.179,3939.5806,0.1353,0.5532,0.3115,53570.9162,0.0157,0.0703,0.914,0.2814,345.3034,0.0071,1572.4823,364.0986,1121.1241,881.8756,2367.0983,0.1749,63.68,196.082,154.238,0.0756,0.0521,0.0032,0.1195,0.09,0.1257,300.4186,925.0421,727.6376,0.3567,0.2457,0.0149,0.5636,0.4244,0.5929,0,0,0,0,4.7176,4.7176,4.7176,0.0061
CRMS0253,Wetland: Estuarine Emergent,45.2673,257.1885,309.102,1585.2967,47736.9369,533.0031,2179.3985,0.5144,345.3034,14.5,4,0.6831,456,3,150,2712.4016,0,0.1965,0.8035,578.2703,0.9217,533.0031,2436.587,0.8944,2179.3985,842.1051,0.6329,533.0031,0.3169,168.9045,0.2006,3764.6952,0.5789,2179.3985,0.4856,1058.2745,0.2811,0,1227.179,48964.1159,0.0251,1227.179,3939.5806,0.1353,0.5532,0.3115,53570.9162,0.0157,0.0703,0.914,0.2814,345.3034,0.0071,1572.4823,364.0986,1121.1241,881.8756,2367.0983,0.1926,70.1403,215.9744,169.8853,0.0833,0.0574,0.0035,0.1316,0.0991,0.1384,293.9583,905.1497,711.9903,0.3491,0.2404,0.0145,0.5515,0.4153,0.5802,0,0,0,0,4.191,4.191,4.191,0.0061
CRMS0273,Wetland: Palustrine Emergent,32.2037,491.5352,388.2532,1371.7894,56445.2232,287.1126,2784.4616,0.319,226.7551,14.5,2,0.633,-22.7,1,2,3071.5743,0,0.0935,0.9065,319.3163,0.8991,287.1126,3275.9968,0.85,2784.4616,675.3659,0.4251,287.1126,0.367,105.36,0.156,4156.251,0.6699,2784.4616,0.681,1896.2447,0.4562,0,2001.6047,58446.828,0.0342,2001.6047,5073.179,0.0566,0.5489,0.3945,63278.4448,0.0107,0.0657,0.9236,0.1133,226.7551,0.0039,2228.3598,181.7526,888.2169,1774.8497,2844.8192,-0.008,-1.4503,-7.0875,-14.1623,-0.0021,-0.0017,-2e-4,-0.0051,-0.0025,-0.0071,183.2029,895.3044,1789.0119,0.2713,0.2154,0.0306,0.6381,0.3215,0.8938,0,0,-0,-0,-126.3224,-126.3224,-126.3224,0.0012
CRMS0273,Wetland: Palustrine Emergent,32.2037,491.5352,388.2532,1371.7894,56445.2232,287.1126,2784.4616,0.319,226.7551,14.5,2,0.633,73,3,8,3071.5743,0,0.0935,0.9065,319.3163,0.8991,287.1126,3275.9968,0.85,2784.4616,675.3659,0.4251,287.1126,0.367,105.36,0.156,4156.251,0.6699,2784.4616,0.681,1896.2447,0.4562,0,2001.6047,58446.828,0.0342,2001.6047,5073.179,0.0566,0.5489,0.3945,63278.4448,0.0107,0.0657,0.9236,0.1133,226.7551,0.0039,2228.3598,181.7526,888.2169,1774.8497,2844.8192,0.0257,4.6639,22.7923,45.5439,0.0069,0.0055,8e-4,0.0162,0.0082,0.0228,177.0887,865.4247,1729.3058,0.2622,0.2082,0.0296,0.6168,0.3108,0.864,0,0,-0,-0,37.9701,37.9701,37.9701,0.0012
CRMS0273,Wetland: Palustrine Emergent,32.2037,491.5352,388.2532,1371.7894,56445.2232,287.1126,2784.4616,0.319,226.7551,14.5,2,0.633,197,2,14,3071.5743,0,0.0935,0.9065,319.3163,0.8991,287.1126,3275.9968,0.85,2784.4616,675.3659,0.4251,287.1126,0.367,105.36,0.156,4156.251,0.6699,2784.4616,0.681,1896.2447,0.4562,0,2001.6047,58446.828,0.0342,2001.6047,5073.179,0.0566,0.5489,0.3945,63278.4448,0.0107,0.0657,0.9236,0.1133,226.7551,0.0039,2228.3598,181.7526,888.2169,1774.8497,2844.8192,0.0692,12.5861,61.5079,122.906,0.0186,0.0148,0.0021,0.0438,0.0221,0.0614,169.1665,826.7091,1651.9436,0.2505,0.1989,0.0283,0.5892,0.2969,0.8253,0,0,-0,-0,13.4407,13.4407,13.4407,0.0012
CRMS0305,Wetland: Estuarine Emergent,74.0876,346.2317,146.4482,1202.6956,39816.345,278.5033,3766.839,0.8148,248.927,14.5,15,0.8561,10,7,7,4045.3422,0,0.0688,0.9312,352.5908,0.7899,278.5033,4113.0707,0.9158,3766.839,424.9514,0.6554,278.5033,0.1439,40.0884,0.0943,4969.5346,0.758,3766.839,0.1852,697.5861,0.1404,0,737.6745,40554.0196,0.0182,737.6745,4783.0168,0.0582,0.7875,0.1542,45948.5056,0.0092,0.1082,0.8826,0.3374,248.927,0.0061,986.6016,238.4149,3069.2529,488.7475,3796.4152,0.0026,0.628,8.0846,1.2874,0.0015,0.0016,0,0.0023,0.0021,0.0017,237.7869,3061.1683,487.4601,0.5596,0.616,0.012,0.8538,0.8127,0.6608,0,0,0,-0,378.6415,378.6415,378.6415,5e-4
CRMS0305,Wetland: Estuarine Emergent,74.0876,346.2317,146.4482,1202.6956,39816.345,278.5033,3766.839,0.8148,248.927,14.5,15,0.8561,105,9,25,4045.3422,0,0.0688,0.9312,352.5908,0.7899,278.5033,4113.0707,0.9158,3766.839,424.9514,0.6554,278.5033,0.1439,40.0884,0.0943,4969.5346,0.758,3766.839,0.1852,697.5861,0.1404,0,737.6745,40554.0196,0.0182,737.6745,4783.0168,0.0582,0.7875,0.1542,45948.5056,0.0092,0.1082,0.8826,0.3374,248.927,0.0061,986.6016,238.4149,3069.2529,488.7475,3796.4152,0.0277,6.594,84.8884,13.5176,0.0155,0.0171,3e-4,0.0237,0.0225,0.0183,231.8209,2984.3645,475.2299,0.5455,0.6005,0.0117,0.8324,0.7923,0.6442,0,0,0,-0,35.1563,35.1563,35.1563,5e-4
CRMS0305,Wetland: Estuarine Emergent,74.0876,346.2317,146.4482,1202.6956,39816.345,278.5033,3766.839,0.8148,248.927,14.5,15,0.8561,123,6,43,4045.3422,0,0.0688,0.9312,352.5908,0.7899,278.5033,4113.0707,0.9158,3766.839,424.9514,0.6554,278.5033,0.1439,40.0884,0.0943,4969.5346,0.758,3766.839,0.1852,697.5861,0.1404,0,737.6745,40554.0196,0.0182,737.6745,4783.0168,0.0582,0.7875,0.1542,45948.5056,0.0092,0.1082,0.8826,0.3374,248.927,0.0061,986.6016,238.4149,3069.2529,488.7475,3796.4152,0.0324,7.7244,99.4407,15.8349,0.0182,0.02,4e-4,0.0277,0.0264,0.0215,230.6905,2969.8122,472.9125,0.5429,0.5976,0.0117,0.8283,0.7884,0.6411,0,0,0,-0,29.8652,29.8652,29.8652,5e-4
CRMS0305,Wetland: Estuarine Emergent,74.0876,346.2317,146.4482,1202.6956,39816.345,278.5033,3766.839,0.8148,248.927,14.5,15,0.8561,156,4,61,4045.3422,0,0.0688,0.9312,352.5908,0.7899,278.5033,4113.0707,0.9158,3766.839,424.9514,0.6554,278.5033,0.1439,40.0884,0.0943,4969.5346,0.758,3766.839,0.1852,697.5861,0.1404,0,737.6745,40554.0196,0.0182,737.6745,4783.0168,0.0582,0.7875,0.1542,45948.5056,0.0092,0.1082,0.8826,0.3374,248.927,0.0061,986.6016,238.4149,3069.2529,488.7475,3796.4152,0.0411,9.7968,126.1199,20.0833,0.0231,0.0254,5e-4,0.0352,0.0335,0.0272,228.6181,2943.133,468.6642,0.538,0.5922,0.0116,0.8209,0.7813,0.6353,0,-0,0,-0,23.336,23.336,23.336,5e-4
CRMS0305,Wetland: Estuarine Emergent,74.0876,346.2317,146.4482,1202.6956,39816.345,278.5033,3766.839,0.8148,248.927,14.5,15,0.8561,175,2,79,4045.3422,0,0.0688,0.9312,352.5908,0.7899,278.5033,4113.0707,0.9158,3766.839,424.9514,0.6554,278.5033,0.1439,40.0884,0.0943,4969.5346,0.758,3766.839,0.1852,697.5861,0.1404,0,737.6745,40554.0196,0.0182,737.6745,4783.0168,0.0582,0.7875,0.1542,45948.5056,0.0092,0.1082,0.8826,0.3374,248.927,0.0061,986.6016,238.4149,3069.2529,488.7475,3796.4152,0.0461,10.99,141.4806,22.5294,0.0259,0.0285,6e-4,0.0395,0.0376,0.0305,227.4249,2927.7722,466.2181,0.5352,0.5891,0.0115,0.8166,0.7772,0.632,0,0,0,-0,20.6938,20.6938,20.6938,5e-4
CRMS0305,Wetland: Estuarine Emergent,74.0876,346.2317,146.4482,1202.6956,39816.345,278.5033,3766.839,0.8148,248.927,14.5,15,0.8561,201,8,97,4045.3422,0,0.0688,0.9312,352.5908,0.7899,278.5033,4113.0707,0.9158,3766.839,424.9514,0.6554,278.5033,0.1439,40.0884,0.0943,4969.5346,0.758,3766.839,0.1852,697.5861,0.1404,0,737.6745,40554.0196,0.0182,737.6745,4783.0168,0.0582,0.7875,0.1542,45948.5056,0.0092,0.1082,0.8826,0.3374,248.927,0.0061,986.6016,238.4149,3069.2529,488.7475,3796.4152,0.0529,12.6228,162.5006,25.8766,0.0297,0.0327,6e-4,0.0453,0.0431,0.0351,225.7921,2906.7522,462.8709,0.5313,0.5849,0.0114,0.8107,0.7717,0.6275,0,0,0,-0,17.8876,17.8876,17.8876,5e-4
CRMS0305,Wetland: Estuarine Emergent,74.0876,346.2317,146.4482,1202.6956,39816.345,278.5033,3766.839,0.8148,248.927,14.5,15,0.8561,320,5,115,4045.3422,0,0.0688,0.9312,352.5908,0.7899,278.5033,4113.0707,0.9158,3766.839,424.9514,0.6554,278.5033,0.1439,40.0884,0.0943,4969.5346,0.758,3766.839,0.1852,697.5861,0.1404,0,737.6745,40554.0196,0.0182,737.6745,4783.0168,0.0582,0.7875,0.1542,45948.5056,0.0092,0.1082,0.8826,0.3374,248.927,0.0061,986.6016,238.4149,3069.2529,488.7475,3796.4152,0.0843,20.096,258.7075,41.1965,0.0473,0.0521,0.001,0.0722,0.0687,0.0558,218.3189,2810.5454,447.5509,0.5138,0.5656,0.011,0.7839,0.7461,0.6067,0,0,0,-0,10.8638,10.8638,10.8638,5e-4
CRMS0305,Wetland: Estuarine Emergent,74.0876,346.2317,146.4482,1202.6956,39816.345,278.5033,3766.839,0.8148,248.927,14.5,15,0.8561,414,1,133,4045.3422,0,0.0688,0.9312,352.5908,0.7899,278.5033,4113.0707,0.9158,3766.839,424.9514,0.6554,278.5033,0.1439,40.0884,0.0943,4969.5346,0.758,3766.839,0.1852,697.5861,0.1404,0,737.6745,40554.0196,0.0182,737.6745,4783.0168,0.0582,0.7875,0.1542,45948.5056,0.0092,0.1082,0.8826,0.3374,248.927,0.0061,986.6016,238.4149,3069.2529,488.7475,3796.4152,0.1091,25.9992,334.7028,53.298,0.0612,0.0674,0.0013,0.0934,0.0889,0.0723,212.4157,2734.5501,435.4494,0.4999,0.5503,0.0107,0.7627,0.726,0.5903,0,0,0,-0,8.1701,8.1701,8.1701,5e-4
CRMS0305,Wetland: Estuarine Emergent,74.0876,346.2317,146.4482,1202.6956,39816.345,278.5033,3766.839,0.8148,248.927,14.5,15,0.8561,456,3,151,4045.3422,0,0.0688,0.9312,352.5908,0.7899,278.5033,4113.0707,0.9158,3766.839,424.9514,0.6554,278.5033,0.1439,40.0884,0.0943,4969.5346,0.758,3766.839,0.1852,697.5861,0.1404,0,737.6745,40554.0196,0.0182,737.6745,4783.0168,0.0582,0.7875,0.1542,45948.5056,0.0092,0.1082,0.8826,0.3374,248.927,0.0061,986.6016,238.4149,3069.2529,488.7475,3796.4152,0.1201,28.6368,368.6581,58.7051,0.0674,0.0742,0.0014,0.1028,0.0979,0.0796,209.7781,2700.5947,430.0424,0.49370000000000003,0.5434,0.0106,0.7532,0.7169,0.583,0,-0,0,-0,7.3255,7.3255,7.3255,5e-4
CRMS0309,Wetland: Estuarine Emergent,37.8327,911.1649,230.6106,2077.5217,39826.1245,611.3724,3289.9786,0.3592,282.9667,14.5,5,0.6543,10,7,8,3901.351,0,0.1567,0.8433,649.2051,0.9417,611.3724,4201.1435,0.7831,3289.9786,841.983,0.7261,611.3724,0.3457,211.3653,0.251,5367.5004,0.6129,3289.9786,0.6408,2108.1735,0.3928,0,2319.5388,42145.6634,0.055,2319.5388,6220.8899,0.0983,0.5289,0.3729,48355.1467,0.0174,0.111,0.8716,0.122,282.9667,0.0067,2602.5055,400.0071,1181.8051,2036.5721,3618.3843,0.0028,1.1055,3.2661,5.6284,0.0013,6e-4,1e-4,0.0018,0.001,0.0024,398.9016,1178.539,2030.9437,0.4738,0.2196,0.0482,0.6525,0.3582,0.8756,0,0,0,-0,360.8384,360.8384,360.8384,0.0035
CRMS0309,Wetland: Estuarine Emergent,37.8327,911.1649,230.6106,2077.5217,39826.1245,611.3724,3289.9786,0.3592,282.9667,14.5,5,0.6543,105,9,26,3901.351,0,0.1567,0.8433,649.2051,0.9417,611.3724,4201.1435,0.7831,3289.9786,841.983,0.7261,611.3724,0.3457,211.3653,0.251,5367.5004,0.6129,3289.9786,0.6408,2108.1735,0.3928,0,2319.5388,42145.6634,0.055,2319.5388,6220.8899,0.0983,0.5289,0.3729,48355.1467,0.0174,0.111,0.8716,0.122,282.9667,0.0067,2602.5055,400.0071,1181.8051,2036.5721,3618.3843,0.029,11.6076,34.2942,59.0982,0.0138,0.0064,0.0014,0.019,0.0104,0.0255,388.3995,1147.5109,1977.4739,0.4613,0.2138,0.0469,0.6353,0.3488,0.8525,0,0,0,-0,33.4608,33.4608,33.4608,0.0035
CRMS0309,Wetland: Estuarine Emergent,37.8327,911.1649,230.6106,2077.5217,39826.1245,611.3724,3289.9786,0.3592,282.9667,14.5,5,0.6543,123,6,44,3901.351,0,0.1567,0.8433,649.2051,0.9417,611.3724,4201.1435,0.7831,3289.9786,841.983,0.7261,611.3724,0.3457,211.3653,0.251,5367.5004,0.6129,3289.9786,0.6408,2108.1735,0.3928,0,2319.5388,42145.6634,0.055,2319.5388,6220.8899,0.0983,0.5289,0.3729,48355.1467,0.0174,0.111,0.8716,0.122,282.9667,0.0067,2602.5055,400.0071,1181.8051,2036.5721,3618.3843,0.034,13.5975,40.1732,69.2293,0.0161,0.0075,0.0016,0.0222,0.0122,0.0298,386.4096,1141.6319,1967.3428,0.4589,0.2127,0.0467,0.632,0.347,0.8482,0,0,0,-0,28.4178,28.4178,28.4178,0.0035
CRMS0309,Wetland: Estuarine Emergent,37.8327,911.1649,230.6106,2077.5217,39826.1245,611.3724,3289.9786,0.3592,282.9667,14.5,5,0.6543,156,4,62,3901.351,0,0.1567,0.8433,649.2051,0.9417,611.3724,4201.1435,0.7831,3289.9786,841.983,0.7261,611.3724,0.3457,211.3653,0.251,5367.5004,0.6129,3289.9786,0.6408,2108.1735,0.3928,0,2319.5388,42145.6634,0.055,2319.5388,6220.8899,0.0983,0.5289,0.3729,48355.1467,0.0174,0.111,0.8716,0.122,282.9667,0.0067,2602.5055,400.0071,1181.8051,2036.5721,3618.3843,0.0431,17.2456,50.9514,87.8031,0.0205,0.0095,0.0021,0.0282,0.0155,0.0379,382.7615,1130.8537,1948.7691,0.4546,0.2107,0.0462,0.6261,0.3437,0.8402,0,0,0,-0,22.1948,22.1948,22.1948,0.0035
CRMS0309,Wetland: Estuarine Emergent,37.8327,911.1649,230.6106,2077.5217,39826.1245,611.3724,3289.9786,0.3592,282.9667,14.5,5,0.6543,175,2,80,3901.351,0,0.1567,0.8433,649.2051,0.9417,611.3724,4201.1435,0.7831,3289.9786,841.983,0.7261,611.3724,0.3457,211.3653,0.251,5367.5004,0.6129,3289.9786,0.6408,2108.1735,0.3928,0,2319.5388,42145.6634,0.055,2319.5388,6220.8899,0.0983,0.5289,0.3729,48355.1467,0.0174,0.111,0.8716,0.122,282.9667,0.0067,2602.5055,400.0071,1181.8051,2036.5721,3618.3843,0.0484,19.346,57.157,98.497,0.023,0.0106,0.0023,0.0316,0.0174,0.0425,380.6611,1124.6481,1938.0751,0.4521,0.2095,0.046,0.6226,0.3418,0.8355,0,0,0,-0,19.6765,19.6765,19.6765,0.0035
CRMS0309,Wetland: Estuarine Emergent,37.8327,911.1649,230.6106,2077.5217,39826.1245,611.3724,3289.9786,0.3592,282.9667,14.5,5,0.6543,201,8,98,3901.351,0,0.1567,0.8433,649.2051,0.9417,611.3724,4201.1435,0.7831,3289.9786,841.983,0.7261,611.3724,0.3457,211.3653,0.251,5367.5004,0.6129,3289.9786,0.6408,2108.1735,0.3928,0,2319.5388,42145.6634,0.055,2319.5388,6220.8899,0.0983,0.5289,0.3729,48355.1467,0.0174,0.111,0.8716,0.122,282.9667,0.0067,2602.5055,400.0071,1181.8051,2036.5721,3618.3843,0.0555,22.2203,65.6489,113.1309,0.0264,0.0122,0.0027,0.0363,0.02,0.0488,377.7869,1116.1562,1923.4412,0.4487,0.2079,0.0456,0.6179,0.3393,0.8292,0,0,0,-0,17.0019,17.0019,17.0019,0.0035
CRMS0309,Wetland: Estuarine Emergent,37.8327,911.1649,230.6106,2077.5217,39826.1245,611.3724,3289.9786,0.3592,282.9667,14.5,5,0.6543,320,5,116,3901.351,0,0.1567,0.8433,649.2051,0.9417,611.3724,4201.1435,0.7831,3289.9786,841.983,0.7261,611.3724,0.3457,211.3653,0.251,5367.5004,0.6129,3289.9786,0.6408,2108.1735,0.3928,0,2319.5388,42145.6634,0.055,2319.5388,6220.8899,0.0983,0.5289,0.3729,48355.1467,0.0174,0.111,0.8716,0.122,282.9667,0.0067,2602.5055,400.0071,1181.8051,2036.5721,3618.3843,0.0884,35.3755,104.5156,180.1089,0.042,0.0195,0.0043,0.0579,0.0318,0.0776,364.6316,1077.2895,1856.4633,0.4331,0.2007,0.044,0.5964,0.3274,0.8004,0,0,0,-0,10.3075,10.3075,10.3075,0.0035
CRMS0309,Wetland: Estuarine Emergent,37.8327,911.1649,230.6106,2077.5217,39826.1245,611.3724,3289.9786,0.3592,282.9667,14.5,5,0.6543,414,1,134,3901.351,0,0.1567,0.8433,649.2051,0.9417,611.3724,4201.1435,0.7831,3289.9786,841.983,0.7261,611.3724,0.3457,211.3653,0.251,5367.5004,0.6129,3289.9786,0.6408,2108.1735,0.3928,0,2319.5388,42145.6634,0.055,2319.5388,6220.8899,0.0983,0.5289,0.3729,48355.1467,0.0174,0.111,0.8716,0.122,282.9667,0.0067,2602.5055,400.0071,1181.8051,2036.5721,3618.3843,0.1144,45.7671,135.2171,233.0158,0.0544,0.0252,0.0055,0.0749,0.0411,0.1005,354.24,1046.588,1803.5563,0.4207,0.195,0.0428,0.5794,0.3181,0.7775,0,0,0,-0,7.7401,7.7401,7.7401,0.0035
CRMS0309,Wetland: Estuarine Emergent,37.8327,911.1649,230.6106,2077.5217,39826.1245,611.3724,3289.9786,0.3592,282.9667,14.5,5,0.6543,456,3,152,3901.351,0,0.1567,0.8433,649.2051,0.9417,611.3724,4201.1435,0.7831,3289.9786,841.983,0.7261,611.3724,0.3457,211.3653,0.251,5367.5004,0.6129,3289.9786,0.6408,2108.1735,0.3928,0,2319.5388,42145.6634,0.055,2319.5388,6220.8899,0.0983,0.5289,0.3729,48355.1467,0.0174,0.111,0.8716,0.122,282.9667,0.0067,2602.5055,400.0071,1181.8051,2036.5721,3618.3843,0.126,50.4101,148.9347,256.6551,0.0599,0.0277,0.0061,0.0825,0.0453,0.1106,349.597,1032.8704,1779.917,0.4152,0.1924,0.0422,0.5718,0.3139,0.7674,0,0,0,-0,6.9351,6.9351,6.9351,0.0035
CRMS0327,Wetland: Palustrine Emergent,21.8047,353.0928,300.9653,1408.3305,46377.6335,379.8026,1850.7368,0.6196,191.9345,14.5,3,0.6011,-22.7,1,3,2230.5394,0,0.1703,0.8297,401.6073,0.9457,379.8026,2203.8297,0.8398,1850.7368,680.7679,0.5579,379.8026,0.3989,151.5216,0.2226,3259.0673,0.5679,1850.7368,0.3804,703.9612,0.216,0,855.4828,47233.1163,0.0181,855.4828,3086.0222,0.1231,0.5997,0.2772,51172.9515,0.0133,0.0637,0.923,0.2244,191.9345,0.0041,1047.4173,228.281,1146.7756,663.5484,2038.6049,-0.0111,-2.5419,-12.7694,-7.3887,-0.0037,-0.0039,-2e-4,-0.0067,-0.0069,-0.0086,230.8229,1159.545,670.937,0.3391,0.3558,0.0142,0.6077,0.6265,0.7843,0,0,-0,0,-90.8064,-90.8064,-90.8064,0.0064
CRMS0327,Wetland: Palustrine Emergent,21.8047,353.0928,300.9653,1408.3305,46377.6335,379.8026,1850.7368,0.6196,191.9345,14.5,3,0.6011,73,3,9,2230.5394,0,0.1703,0.8297,401.6073,0.9457,379.8026,2203.8297,0.8398,1850.7368,680.7679,0.5579,379.8026,0.3989,151.5216,0.2226,3259.0673,0.5679,1850.7368,0.3804,703.9612,0.216,0,855.4828,47233.1163,0.0181,855.4828,3086.0222,0.1231,0.5997,0.2772,51172.9515,0.0133,0.0637,0.923,0.2244,191.9345,0.0041,1047.4173,228.281,1146.7756,663.5484,2038.6049,0.0358,8.1745,41.0647,23.7609,0.012,0.0126,5e-4,0.0215,0.0222,0.0278,220.1065,1105.711,639.7875,0.3233,0.3393,0.0135,0.5795,0.5974,0.7479,0,0,-0,0,26.9261,26.9261,26.9261,0.0064
CRMS0327,Wetland: Palustrine Emergent,21.8047,353.0928,300.9653,1408.3305,46377.6335,379.8026,1850.7368,0.6196,191.9345,14.5,3,0.6011,197,2,15,2230.5394,0,0.1703,0.8297,401.6073,0.9457,379.8026,2203.8297,0.8398,1850.7368,680.7679,0.5579,379.8026,0.3989,151.5216,0.2226,3259.0673,0.5679,1850.7368,0.3804,703.9612,0.216,0,855.4828,47233.1163,0.0181,855.4828,3086.0222,0.1231,0.5997,0.2772,51172.9515,0.0133,0.0637,0.923,0.2244,191.9345,0.0041,1047.4173,228.281,1146.7756,663.5484,2038.6049,0.0966,22.0599,110.8183,64.1218,0.0324,0.034,0.0014,0.0581,0.0599,0.075,206.2211,1035.9573,599.4266,0.3029,0.3179,0.0127,0.543,0.5598,0.7007,0,-0,-0,0,9.3482,9.3482,9.3482,0.0064
CRMS0331,Wetland: Palustrine Emergent,24.1777,600.5318,324.8147,510.5337,68470.9943,376.3456,1207.5592,0.5015,156.9439,14.5,4,0.6873,-22.7,1,4,1583.9048,0,0.2376,0.7624,400.5233,0.9396,376.3456,1808.091,0.6679,1207.5592,701.1603,0.5367,376.3456,0.3127,117.6891,0.1678,1718.093,0.7028,1207.5592,0.4985,601.9338,0.3503,0,719.6229,69190.6172,0.0104,719.6229,2303.5277,0.1634,0.5242,0.3124,71609.8704,0.0098,0.024,0.9662,0.2181,156.9439,0.0023,876.5668,258.6565,605.6254,562.679,1426.9609,-0.0159,-4.1147,-9.6342,-8.9511,-0.0059,-0.0056,-1e-4,-0.0109,-0.008,-0.0124,262.7712,615.2597,571.63,0.3748,0.3581,0.0083,0.6982,0.5095,0.7943,0,0,-0,0,-63.8617,-63.8617,-63.8617,0.0088
CRMS0331,Wetland: Palustrine Emergent,24.1777,600.5318,324.8147,510.5337,68470.9943,376.3456,1207.5592,0.5015,156.9439,14.5,4,0.6873,73,3,10,1583.9048,0,0.2376,0.7624,400.5233,0.9396,376.3456,1808.091,0.6679,1207.5592,701.1603,0.5367,376.3456,0.3127,117.6891,0.1678,1718.093,0.7028,1207.5592,0.4985,601.9338,0.3503,0,719.6229,69190.6172,0.0104,719.6229,2303.5277,0.1634,0.5242,0.3124,71609.8704,0.0098,0.024,0.9662,0.2181,156.9439,0.0023,876.5668,258.6565,605.6254,562.679,1426.9609,0.0512,13.2323,30.9824,28.7853,0.0189,0.018,4e-4,0.0352,0.0257,0.04,245.4242,574.6431,533.8936,0.35,0.3345,0.0077,0.6521,0.4759,0.7419,0,0,0,0,18.5474,18.5474,18.5474,0.0088
CRMS0331,Wetland: Palustrine Emergent,24.1777,600.5318,324.8147,510.5337,68470.9943,376.3456,1207.5592,0.5015,156.9439,14.5,4,0.6873,197,2,16,1583.9048,0,0.2376,0.7624,400.5233,0.9396,376.3456,1808.091,0.6679,1207.5592,701.1603,0.5367,376.3456,0.3127,117.6891,0.1678,1718.093,0.7028,1207.5592,0.4985,601.9338,0.3503,0,719.6229,69190.6172,0.0104,719.6229,2303.5277,0.1634,0.5242,0.3124,71609.8704,0.0098,0.024,0.9662,0.2181,156.9439,0.0023,876.5668,258.6565,605.6254,562.679,1426.9609,0.1381,35.709,83.61,77.681,0.0509,0.0487,0.0011,0.0949,0.0692,0.1079,222.9475,522.0154,484.998,0.318,0.3038,0.007,0.5924,0.4323,0.674,0,0,-0,0,6.2435,6.2435,6.2435,0.0088
CRMS0337,Wetland: Estuarine Emergent,59.8948,471.1711,135.2023,1527.4018,37141.0397,245.7676,1374.7997,0.4942,208.4298,0,6,0.7237,10,7,9,1620.5674,0,0.1517,0.8483,305.6624,0.804,245.7676,1845.9709,0.7448,1374.7997,380.9699,0.6451,245.7676,0.2763,67.9138,0.1783,2902.2015,0.4737,1374.7997,0.5058,695.3353,0.2396,0,763.249,37904.2887,0.0201,763.249,2383.8164,0.1031,0.5767,0.3202,41187.4601,0.0092,0.0705,0.9203,0.2731,208.4298,0.0055,971.6788,177.8539,679.4645,554.8192,1412.1376,0.0071,1.2595,4.8116,3.9289,0.0033,0.0017,1e-4,0.0051,0.0035,0.0051,176.5944,674.6529,550.8903,0.4635,0.2325,0.0145,0.7185,0.4907,0.7218,-0,0,0,0,140.2138,140.2138,140.2138,0.003
CRMS0337,Wetland: Estuarine Emergent,59.8948,471.1711,135.2023,1527.4018,37141.0397,245.7676,1374.7997,0.4942,208.4298,0,6,0.7237,105,9,27,1620.5674,0,0.1517,0.8483,305.6624,0.804,245.7676,1845.9709,0.7448,1374.7997,380.9699,0.6451,245.7676,0.2763,67.9138,0.1783,2902.2015,0.4737,1374.7997,0.5058,695.3353,0.2396,0,763.249,37904.2887,0.0201,763.249,2383.8164,0.1031,0.5767,0.3202,41187.4601,0.0092,0.0705,0.9203,0.2731,208.4298,0.0055,971.6788,177.8539,679.4645,554.8192,1412.1376,0.0744,13.2244,50.5218,41.2538,0.0347,0.0174,0.0011,0.0538,0.0367,0.0541,164.6295,628.9427,513.5655,0.4321,0.2167,0.0135,0.6699,0.4575,0.6729,-0,0,0,0,12.4489,12.4489,12.4489,0.003
CRMS0337,Wetland: Estuarine Emergent,59.8948,471.1711,135.2023,1527.4018,37141.0397,245.7676,1374.7997,0.4942,208.4298,0,6,0.7237,123,6,45,1620.5674,0,0.1517,0.8483,305.6624,0.804,245.7676,1845.9709,0.7448,1374.7997,380.9699,0.6451,245.7676,0.2763,67.9138,0.1783,2902.2015,0.4737,1374.7997,0.5058,695.3353,0.2396,0,763.249,37904.2887,0.0201,763.249,2383.8164,0.1031,0.5767,0.3202,41187.4601,0.0092,0.0705,0.9203,0.2731,208.4298,0.0055,971.6788,177.8539,679.4645,554.8192,1412.1376,0.0871,15.4914,59.1827,48.3259,0.0407,0.0204,0.0013,0.063,0.043,0.0633,162.3624,620.2818,506.4934,0.4262,0.2137,0.0134,0.6606,0.4512,0.6636,-0,0,0,0,10.4808,10.4808,10.4808,0.003
CRMS0337,Wetland: Estuarine Emergent,59.8948,471.1711,135.2023,1527.4018,37141.0397,245.7676,1374.7997,0.4942,208.4298,0,6,0.7237,156,4,63,1620.5674,0,0.1517,0.8483,305.6624,0.804,245.7676,1845.9709,0.7448,1374.7997,380.9699,0.6451,245.7676,0.2763,67.9138,0.1783,2902.2015,0.4737,1374.7997,0.5058,695.3353,0.2396,0,763.249,37904.2887,0.0201,763.249,2383.8164,0.1031,0.5767,0.3202,41187.4601,0.0092,0.0705,0.9203,0.2731,208.4298,0.0055,971.6788,177.8539,679.4645,554.8192,1412.1376,0.1105,19.6477,75.061,61.2913,0.0516,0.0259,0.0016,0.0799,0.0546,0.0803,158.2062,604.4035,493.5279,0.4153,0.2083,0.013,0.6437,0.4396,0.6466,-0,0,0,0,8.0522,8.0522,8.0522,0.003
CRMS0337,Wetland: Estuarine Emergent,59.8948,471.1711,135.2023,1527.4018,37141.0397,245.7676,1374.7997,0.4942,208.4298,0,6,0.7237,175,2,81,1620.5674,0,0.1517,0.8483,305.6624,0.804,245.7676,1845.9709,0.7448,1374.7997,380.9699,0.6451,245.7676,0.2763,67.9138,0.1783,2902.2015,0.4737,1374.7997,0.5058,695.3353,0.2396,0,763.249,37904.2887,0.0201,763.249,2383.8164,0.1031,0.5767,0.3202,41187.4601,0.0092,0.0705,0.9203,0.2731,208.4298,0.0055,971.6788,177.8539,679.4645,554.8192,1412.1376,0.1239,22.0406,84.203,68.7563,0.0579,0.029,0.0018,0.0897,0.0612,0.0901,155.8132,595.2614,486.0629,0.409,0.2051,0.0128,0.634,0.433,0.6368,-0,0,0,0,7.0694,7.0694,7.0694,0.003
CRMS0337,Wetland: Estuarine Emergent,59.8948,471.1711,135.2023,1527.4018,37141.0397,245.7676,1374.7997,0.4942,208.4298,0,6,0.7237,201,8,99,1620.5674,0,0.1517,0.8483,305.6624,0.804,245.7676,1845.9709,0.7448,1374.7997,380.9699,0.6451,245.7676,0.2763,67.9138,0.1783,2902.2015,0.4737,1374.7997,0.5058,695.3353,0.2396,0,763.249,37904.2887,0.0201,763.249,2383.8164,0.1031,0.5767,0.3202,41187.4601,0.0092,0.0705,0.9203,0.2731,208.4298,0.0055,971.6788,177.8539,679.4645,554.8192,1412.1376,0.1423,25.3153,96.7132,78.9715,0.0664,0.0333,0.0021,0.103,0.0703,0.1035,152.5386,582.7513,475.8477,0.4004,0.2008,0.0126,0.6207,0.4239,0.6235,-0,0,0,0,6.0256,6.0256,6.0256,0.003
CRMS0337,Wetland: Estuarine Emergent,59.8948,471.1711,135.2023,1527.4018,37141.0397,245.7676,1374.7997,0.4942,208.4298,0,6,0.7237,320,5,117,1620.5674,0,0.1517,0.8483,305.6624,0.804,245.7676,1845.9709,0.7448,1374.7997,380.9699,0.6451,245.7676,0.2763,67.9138,0.1783,2902.2015,0.4737,1374.7997,0.5058,695.3353,0.2396,0,763.249,37904.2887,0.0201,763.249,2383.8164,0.1031,0.5767,0.3202,41187.4601,0.0092,0.0705,0.9203,0.2731,208.4298,0.0055,971.6788,177.8539,679.4645,554.8192,1412.1376,0.2266,40.3029,153.9713,125.7258,0.1058,0.0531,0.0033,0.164,0.112,0.1647,137.551,525.4932,429.0934,0.3611,0.1811,0.0113,0.5597,0.3822,0.5622,-0,0,0,0,3.4129,3.4129,3.4129,0.003
CRMS0337,Wetland: Estuarine Emergent,59.8948,471.1711,135.2023,1527.4018,37141.0397,245.7676,1374.7997,0.4942,208.4298,0,6,0.7237,414,1,135,1620.5674,0,0.1517,0.8483,305.6624,0.804,245.7676,1845.9709,0.7448,1374.7997,380.9699,0.6451,245.7676,0.2763,67.9138,0.1783,2902.2015,0.4737,1374.7997,0.5058,695.3353,0.2396,0,763.249,37904.2887,0.0201,763.249,2383.8164,0.1031,0.5767,0.3202,41187.4601,0.0092,0.0705,0.9203,0.2731,208.4298,0.0055,971.6788,177.8539,679.4645,554.8192,1412.1376,0.2932,52.1419,199.2003,162.6578,0.1369,0.0686,0.0043,0.2122,0.1449,0.2131,125.712,480.2641,392.1615,0.33,0.1655,0.0103,0.5115,0.3493,0.5138,-0,0,0,0,2.411,2.411,2.411,0.003
CRMS0337,Wetland: Estuarine Emergent,59.8948,471.1711,135.2023,1527.4018,37141.0397,245.7676,1374.7997,0.4942,208.4298,0,6,0.7237,456,3,153,1620.5674,0,0.1517,0.8483,305.6624,0.804,245.7676,1845.9709,0.7448,1374.7997,380.9699,0.6451,245.7676,0.2763,67.9138,0.1783,2902.2015,0.4737,1374.7997,0.5058,695.3353,0.2396,0,763.249,37904.2887,0.0201,763.249,2383.8164,0.1031,0.5767,0.3202,41187.4601,0.0092,0.0705,0.9203,0.2731,208.4298,0.0055,971.6788,177.8539,679.4645,554.8192,1412.1376,0.3229,57.4316,219.4091,179.1593,0.1508,0.0756,0.0047,0.2337,0.1596,0.2347,120.4222,460.0554,375.66,0.3161,0.1585,0.0099,0.49,0.3346,0.4922,-0,0,0,0,2.0968,2.0968,2.0968,0.003
CRMS0367,Wetland: Palustrine Emergent,9.7853,530.7043,100.7697,909.5524,45700.5319,554.3785,3324.0759,0.4253,118.7919,14.5,5,0.6687,-22.7,1,5,3878.4545,0,0.1429,0.8571,564.1638,0.9827,554.3785,3854.7802,0.8623,3324.0759,655.1482,0.8462,554.3785,0.3313,183.6662,0.2803,4233.6283,0.7852,3324.0759,0.5747,1910.4748,0.4513,0,2094.141,47794.6729,0.0438,2094.141,5972.5955,0.0928,0.5566,0.3506,52683.4494,0.0124,0.0804,0.9072,0.0567,118.7919,0.0025,2212.933,370.7123,1413.6012,1975.3491,3759.6625,-0.006,-2.2383,-8.535,-11.9267,-0.0034,-0.002,-2e-4,-0.004,-0.0026,-0.0057,372.9506,1422.1362,1987.2758,0.5693,0.3359,0.0416,0.6727,0.4278,0.949,0,0,0,-0,-166.6239,-166.6239,-166.6239,0.0029
CRMS0367,Wetland: Palustrine Emergent,9.7853,530.7043,100.7697,909.5524,45700.5319,554.3785,3324.0759,0.4253,118.7919,14.5,5,0.6687,73,3,11,3878.4545,0,0.1429,0.8571,564.1638,0.9827,554.3785,3854.7802,0.8623,3324.0759,655.1482,0.8462,554.3785,0.3313,183.6662,0.2803,4233.6283,0.7852,3324.0759,0.5747,1910.4748,0.4513,0,2094.141,47794.6729,0.0438,2094.141,5972.5955,0.0928,0.5566,0.3506,52683.4494,0.0124,0.0804,0.9072,0.0567,118.7919,0.0025,2212.933,370.7123,1413.6012,1975.3491,3759.6625,0.0194,7.198,27.4474,38.3546,0.011,0.0065,8e-4,0.013,0.0083,0.0183,363.5143,1386.1538,1936.9945,0.5549,0.3274,0.0405,0.6557,0.417,0.925,0,0,0,-0,50.5022,50.5022,50.5022,0.0029
CRMS0367,Wetland: Palustrine Emergent,9.7853,530.7043,100.7697,909.5524,45700.5319,554.3785,3324.0759,0.4253,118.7919,14.5,5,0.6687,197,2,17,3878.4545,0,0.1429,0.8571,564.1638,0.9827,554.3785,3854.7802,0.8623,3324.0759,655.1482,0.8462,554.3785,0.3313,183.6662,0.2803,4233.6283,0.7852,3324.0759,0.5747,1910.4748,0.4513,0,2094.141,47794.6729,0.0438,2094.141,5972.5955,0.0928,0.5566,0.3506,52683.4494,0.0124,0.0804,0.9072,0.0567,118.7919,0.0025,2212.933,370.7123,1413.6012,1975.3491,3759.6625,0.0524,19.4247,74.0703,103.505,0.0296,0.0175,0.0022,0.035,0.0223,0.0494,351.2876,1339.5308,1871.8441,0.5362,0.3164,0.0392,0.6337,0.403,0.8938,0,0,0,-0,18.0846,18.0846,18.0846,0.0029
CRMS0377,Wetland: Estuarine Emergent,66.4101,142.1259,216.6134,1443.0606,33943.9465,279.8293,1775.332,0.2734,48.4183,0,7,0.763,10,7,10,2055.1612,0,0.1362,0.8638,346.2394,0.8082,279.8293,1917.4578,0.9259,1775.332,496.4427,0.5637,279.8293,0.237,66.3137,0.1336,3218.3926,0.5516,1775.332,0.7266,1289.9833,0.4008,0,1356.297,35300.2435,0.0384,1356.297,3411.4582,0.082,0.5204,0.3976,39015.0788,0.0127,0.0825,0.9048,0.0357,48.4183,0.0014,1404.7152,213.5156,485.3487,1307.8787,2006.743,0.005,1.064,2.4186,6.5174,0.0021,8e-4,2e-4,0.0038,0.0014,0.0048,212.4516,482.9301,1301.3613,0.4279,0.1501,0.0369,0.7592,0.272,0.9595,0,-0,0,-0,199.6743,199.6743,199.6743,0.0016
CRMS0377,Wetland: Estuarine Emergent,66.4101,142.1259,216.6134,1443.0606,33943.9465,279.8293,1775.332,0.2734,48.4183,0,7,0.763,105,9,28,2055.1612,0,0.1362,0.8638,346.2394,0.8082,279.8293,1917.4578,0.9259,1775.332,496.4427,0.5637,279.8293,0.237,66.3137,0.1336,3218.3926,0.5516,1775.332,0.7266,1289.9833,0.4008,0,1356.297,35300.2435,0.0384,1356.297,3411.4582,0.082,0.5204,0.3976,39015.0788,0.0127,0.0825,0.9048,0.0357,48.4183,0.0014,1404.7152,213.5156,485.3487,1307.8787,2006.743,0.0523,11.1719,25.3952,68.4329,0.0225,0.0079,0.0019,0.0399,0.0143,0.0505,202.3437,459.9535,1239.4458,0.4076,0.1429,0.0351,0.7231,0.2591,0.9138,0,-0,0,-0,18.1118,18.1118,18.1118,0.0016
CRMS0377,Wetland: Estuarine Emergent,66.4101,142.1259,216.6134,1443.0606,33943.9465,279.8293,1775.332,0.2734,48.4183,0,7,0.763,123,6,46,2055.1612,0,0.1362,0.8638,346.2394,0.8082,279.8293,1917.4578,0.9259,1775.332,496.4427,0.5637,279.8293,0.237,66.3137,0.1336,3218.3926,0.5516,1775.332,0.7266,1289.9833,0.4008,0,1356.297,35300.2435,0.0384,1356.297,3411.4582,0.082,0.5204,0.3976,39015.0788,0.0127,0.0825,0.9048,0.0357,48.4183,0.0014,1404.7152,213.5156,485.3487,1307.8787,2006.743,0.0613,13.0871,29.7486,80.1643,0.0264,0.0092,0.0023,0.0468,0.0168,0.0591,200.4285,455.6,1227.7144,0.4037,0.1416,0.0348,0.7163,0.2566,0.9052,0,-0,0,-0,15.315,15.315,15.315,0.0016
CRMS0377,Wetland: Estuarine Emergent,66.4101,142.1259,216.6134,1443.0606,33943.9465,279.8293,1775.332,0.2734,48.4183,0,7,0.763,156,4,64,2055.1612,0,0.1362,0.8638,346.2394,0.8082,279.8293,1917.4578,0.9259,1775.332,496.4427,0.5637,279.8293,0.237,66.3137,0.1336,3218.3926,0.5516,1775.332,0.7266,1289.9833,0.4008,0,1356.297,35300.2435,0.0384,1356.297,3411.4582,0.082,0.5204,0.3976,39015.0788,0.0127,0.0825,0.9048,0.0357,48.4183,0.0014,1404.7152,213.5156,485.3487,1307.8787,2006.743,0.0777,16.5983,37.73,101.6718,0.0334,0.0117,0.0029,0.0593,0.0213,0.075,196.9173,447.6187,1206.2069,0.3967,0.1391,0.0342,0.7037,0.2521,0.8893,0,-0,0,-0,11.8637,11.8637,11.8637,0.0016
CRMS0377,Wetland: Estuarine Emergent,66.4101,142.1259,216.6134,1443.0606,33943.9465,279.8293,1775.332,0.2734,48.4183,0,7,0.763,175,2,82,2055.1612,0,0.1362,0.8638,346.2394,0.8082,279.8293,1917.4578,0.9259,1775.332,496.4427,0.5637,279.8293,0.237,66.3137,0.1336,3218.3926,0.5516,1775.332,0.7266,1289.9833,0.4008,0,1356.297,35300.2435,0.0384,1356.297,3411.4582,0.082,0.5204,0.3976,39015.0788,0.0127,0.0825,0.9048,0.0357,48.4183,0.0014,1404.7152,213.5156,485.3487,1307.8787,2006.743,0.0872,18.6198,42.3253,114.0549,0.0375,0.0132,0.0032,0.0665,0.0238,0.0841,194.8958,443.0234,1193.8238,0.3926,0.1377,0.0338,0.6965,0.2495,0.8802,0,-0,0,-0,10.4671,10.4671,10.4671,0.0016
CRMS0377,Wetland: Estuarine Emergent,66.4101,142.1259,216.6134,1443.0606,33943.9465,279.8293,1775.332,0.2734,48.4183,0,7,0.763,201,8,100,2055.1612,0,0.1362,0.8638,346.2394,0.8082,279.8293,1917.4578,0.9259,1775.332,496.4427,0.5637,279.8293,0.237,66.3137,0.1336,3218.3926,0.5516,1775.332,0.7266,1289.9833,0.4008,0,1356.297,35300.2435,0.0384,1356.297,3411.4582,0.082,0.5204,0.3976,39015.0788,0.0127,0.0825,0.9048,0.0357,48.4183,0.0014,1404.7152,213.5156,485.3487,1307.8787,2006.743,0.1002,21.3862,48.6136,131.0001,0.0431,0.0151,0.0037,0.0764,0.0274,0.0966,192.1294,436.735,1176.8786,0.387,0.1357,0.0333,0.6866,0.246,0.8677,0,-0,0,-0,8.9838,8.9838,8.9838,0.0016
CRMS0377,Wetland: Estuarine Emergent,66.4101,142.1259,216.6134,1443.0606,33943.9465,279.8293,1775.332,0.2734,48.4183,0,7,0.763,320,5,118,2055.1612,0,0.1362,0.8638,346.2394,0.8082,279.8293,1917.4578,0.9259,1775.332,496.4427,0.5637,279.8293,0.237,66.3137,0.1336,3218.3926,0.5516,1775.332,0.7266,1289.9833,0.4008,0,1356.297,35300.2435,0.0384,1356.297,3411.4582,0.082,0.5204,0.3976,39015.0788,0.0127,0.0825,0.9048,0.0357,48.4183,0.0014,1404.7152,213.5156,485.3487,1307.8787,2006.743,0.1595,34.0477,77.3949,208.5574,0.0686,0.024,0.0059,0.1217,0.0436,0.1538,179.4679,407.9538,1099.3213,0.3615,0.1268,0.0311,0.6413,0.2298,0.8105,0,-0,0,-0,5.2711,5.2711,5.2711,0.0016
CRMS0377,Wetland: Estuarine Emergent,66.4101,142.1259,216.6134,1443.0606,33943.9465,279.8293,1775.332,0.2734,48.4183,0,7,0.763,414,1,136,2055.1612,0,0.1362,0.8638,346.2394,0.8082,279.8293,1917.4578,0.9259,1775.332,496.4427,0.5637,279.8293,0.237,66.3137,0.1336,3218.3926,0.5516,1775.332,0.7266,1289.9833,0.4008,0,1356.297,35300.2435,0.0384,1356.297,3411.4582,0.082,0.5204,0.3976,39015.0788,0.0127,0.0825,0.9048,0.0357,48.4183,0.0014,1404.7152,213.5156,485.3487,1307.8787,2006.743,0.2063,44.0492,100.1296,269.8212,0.0887,0.0311,0.0076,0.1574,0.0564,0.1989,169.4664,385.2191,1038.0575,0.3414,0.1197,0.0294,0.6056,0.217,0.7654,0,-0,0,-0,3.8472,3.8472,3.8472,0.0016
CRMS0377,Wetland: Estuarine Emergent,66.4101,142.1259,216.6134,1443.0606,33943.9465,279.8293,1775.332,0.2734,48.4183,0,7,0.763,456,3,154,2055.1612,0,0.1362,0.8638,346.2394,0.8082,279.8293,1917.4578,0.9259,1775.332,496.4427,0.5637,279.8293,0.237,66.3137,0.1336,3218.3926,0.5516,1775.332,0.7266,1289.9833,0.4008,0,1356.297,35300.2435,0.0384,1356.297,3411.4582,0.082,0.5204,0.3976,39015.0788,0.0127,0.0825,0.9048,0.0357,48.4183,0.0014,1404.7152,213.5156,485.3487,1307.8787,2006.743,0.2272,48.518,110.2877,297.1944,0.0977,0.0343,0.0084,0.1734,0.0621,0.2191,164.9976,375.061,1010.6843,0.3324,0.1165,0.0286,0.5896,0.2113,0.7452,0,-0,0,-0,3.4008,3.4008,3.4008,0.0016
CRMS0398,Wetland: Estuarine Emergent,166.1865,347.1126,237.8849,563.9184,53832.6241,583.0834,1043.4833,0.4324,434.1522,14.5,16,0.7029,10,7,11,1626.5667,0,0.3585,0.6415,749.2699,0.7782,583.0834,1390.5959,0.7504,1043.4833,820.9683,0.7102,583.0834,0.2971,173.2075,0.211,1607.4017,0.6492,1043.4833,0.5676,592.3226,0.3685,0,765.5301,54598.1543,0.014,765.5301,2392.0969,0.2438,0.4362,0.32,57026.5242,0.0144,0.0282,0.9574,0.5671,434.1522,0.008,1199.6823,409.8759,451.1607,331.378,1192.4146,0.0084,3.4374,3.7836,2.7791,0.0042,0.0024,1e-4,0.0059,0.0036,0.0036,406.4385,447.3771,328.5989,0.4951,0.2783,0.006,0.6971,0.4287,0.4292,0,0,-0,0,118.2415,118.2415,118.2415,0.019
CRMS0398,Wetland: Estuarine Emergent,166.1865,347.1126,237.8849,563.9184,53832.6241,583.0834,1043.4833,0.4324,434.1522,14.5,16,0.7029,105,9,29,1626.5667,0,0.3585,0.6415,749.2699,0.7782,583.0834,1390.5959,0.7504,1043.4833,820.9683,0.7102,583.0834,0.2971,173.2075,0.211,1607.4017,0.6492,1043.4833,0.5676,592.3226,0.3685,0,765.5301,54598.1543,0.014,765.5301,2392.0969,0.2438,0.4362,0.32,57026.5242,0.0144,0.0282,0.9574,0.5671,434.1522,0.008,1199.6823,409.8759,451.1607,331.378,1192.4146,0.0881,36.0923,39.7277,29.18,0.044,0.0247,5e-4,0.0619,0.0381,0.0381,373.7836,411.433,302.198,0.4553,0.256,0.0055,0.641,0.3943,0.3948,-0,0,0,0,10.3563,10.3563,10.3563,0.019
CRMS0398,Wetland: Estuarine Emergent,166.1865,347.1126,237.8849,563.9184,53832.6241,583.0834,1043.4833,0.4324,434.1522,14.5,16,0.7029,123,6,47,1626.5667,0,0.3585,0.6415,749.2699,0.7782,583.0834,1390.5959,0.7504,1043.4833,820.9683,0.7102,583.0834,0.2971,173.2075,0.211,1607.4017,0.6492,1043.4833,0.5676,592.3226,0.3685,0,765.5301,54598.1543,0.014,765.5301,2392.0969,0.2438,0.4362,0.32,57026.5242,0.0144,0.0282,0.9574,0.5671,434.1522,0.008,1199.6823,409.8759,451.1607,331.378,1192.4146,0.1032,42.2795,46.5382,34.1823,0.0515,0.029,6e-4,0.0725,0.0446,0.0447,367.5963,404.6226,297.1957,0.4478,0.2517,0.0054,0.6304,0.3878,0.3882,0,0,0,0,8.6944,8.6944,8.6944,0.019
CRMS0398,Wetland: Estuarine Emergent,166.1865,347.1126,237.8849,563.9184,53832.6241,583.0834,1043.4833,0.4324,434.1522,14.5,16,0.7029,156,4,65,1626.5667,0,0.3585,0.6415,749.2699,0.7782,583.0834,1390.5959,0.7504,1043.4833,820.9683,0.7102,583.0834,0.2971,173.2075,0.211,1607.4017,0.6492,1043.4833,0.5676,592.3226,0.3685,0,765.5301,54598.1543,0.014,765.5301,2392.0969,0.2438,0.4362,0.32,57026.5242,0.0144,0.0282,0.9574,0.5671,434.1522,0.008,1199.6823,409.8759,451.1607,331.378,1192.4146,0.1308,53.6228,59.024,43.3532,0.0653,0.0367,8e-4,0.092,0.0566,0.0566,356.253,392.1367,288.0248,0.4339,0.244,0.0053,0.611,0.3758,0.3762,-0,0,-0,0,6.6437,6.6437,6.6437,0.019
CRMS0398,Wetland: Estuarine Emergent,166.1865,347.1126,237.8849,563.9184,53832.6241,583.0834,1043.4833,0.4324,434.1522,14.5,16,0.7029,175,2,83,1626.5667,0,0.3585,0.6415,749.2699,0.7782,583.0834,1390.5959,0.7504,1043.4833,820.9683,0.7102,583.0834,0.2971,173.2075,0.211,1607.4017,0.6492,1043.4833,0.5676,592.3226,0.3685,0,765.5301,54598.1543,0.014,765.5301,2392.0969,0.2438,0.4362,0.32,57026.5242,0.0144,0.0282,0.9574,0.5671,434.1522,0.008,1199.6823,409.8759,451.1607,331.378,1192.4146,0.1468,60.1538,66.2128,48.6334,0.0733,0.0412,9e-4,0.1032,0.0635,0.0635,349.7221,384.9479,282.7446,0.426,0.2395,0.0052,0.5998,0.3689,0.3693,0,0,-0,0,5.8138,5.8138,5.8138,0.019
CRMS0398,Wetland: Estuarine Emergent,166.1865,347.1126,237.8849,563.9184,53832.6241,583.0834,1043.4833,0.4324,434.1522,14.5,16,0.7029,201,8,101,1626.5667,0,0.3585,0.6415,749.2699,0.7782,583.0834,1390.5959,0.7504,1043.4833,820.9683,0.7102,583.0834,0.2971,173.2075,0.211,1607.4017,0.6492,1043.4833,0.5676,592.3226,0.3685,0,765.5301,54598.1543,0.014,765.5301,2392.0969,0.2438,0.4362,0.32,57026.5242,0.0144,0.0282,0.9574,0.5671,434.1522,0.008,1199.6823,409.8759,451.1607,331.378,1192.4146,0.1686,69.0909,76.0501,55.8589,0.0842,0.0473,0.001,0.1185,0.0729,0.073,340.7849,375.1106,275.5191,0.4151,0.2334,0.005,0.5845,0.3595,0.3599,0,0,-0,0,4.9324,4.9324,4.9324,0.019
CRMS0398,Wetland: Estuarine Emergent,166.1865,347.1126,237.8849,563.9184,53832.6241,583.0834,1043.4833,0.4324,434.1522,14.5,16,0.7029,320,5,119,1626.5667,0,0.3585,0.6415,749.2699,0.7782,583.0834,1390.5959,0.7504,1043.4833,820.9683,0.7102,583.0834,0.2971,173.2075,0.211,1607.4017,0.6492,1043.4833,0.5676,592.3226,0.3685,0,765.5301,54598.1543,0.014,765.5301,2392.0969,0.2438,0.4362,0.32,57026.5242,0.0144,0.0282,0.9574,0.5671,434.1522,0.008,1199.6823,409.8759,451.1607,331.378,1192.4146,0.2684,109.9955,121.0749,88.9296,0.134,0.0753,0.0016,0.1886,0.116,0.1162,299.8803,330.0859,242.4484,0.3653,0.2054,0.0044,0.5143,0.3163,0.3167,-0,0,-0,0,2.7263,2.7263,2.7263,0.019
CRMS0398,Wetland: Estuarine Emergent,166.1865,347.1126,237.8849,563.9184,53832.6241,583.0834,1043.4833,0.4324,434.1522,14.5,16,0.7029,414,1,137,1626.5667,0,0.3585,0.6415,749.2699,0.7782,583.0834,1390.5959,0.7504,1043.4833,820.9683,0.7102,583.0834,0.2971,173.2075,0.211,1607.4017,0.6492,1043.4833,0.5676,592.3226,0.3685,0,765.5301,54598.1543,0.014,765.5301,2392.0969,0.2438,0.4362,0.32,57026.5242,0.0144,0.0282,0.9574,0.5671,434.1522,0.008,1199.6823,409.8759,451.1607,331.378,1192.4146,0.3472,142.3067,156.6406,115.0527,0.1733,0.0974,0.0021,0.2441,0.1501,0.1503,267.5691,294.5201,216.3253,0.3259,0.1832,0.004,0.4589,0.2822,0.2826,0,0,-0,0,1.8802,1.8802,1.8802,0.019
CRMS0398,Wetland: Estuarine Emergent,166.1865,347.1126,237.8849,563.9184,53832.6241,583.0834,1043.4833,0.4324,434.1522,14.5,16,0.7029,456,3,155,1626.5667,0,0.3585,0.6415,749.2699,0.7782,583.0834,1390.5959,0.7504,1043.4833,820.9683,0.7102,583.0834,0.2971,173.2075,0.211,1607.4017,0.6492,1043.4833,0.5676,592.3226,0.3685,0,765.5301,54598.1543,0.014,765.5301,2392.0969,0.2438,0.4362,0.32,57026.5242,0.0144,0.0282,0.9574,0.5671,434.1522,0.008,1199.6823,409.8759,451.1607,331.378,1192.4146,0.3824,156.7436,172.5317,126.7247,0.1909,0.1073,0.0023,0.2688,0.1653,0.1655,253.1322,278.629,204.6533,0.3083,0.1733,0.0037,0.4341,0.267,0.2673,-0,0,0,0,1.6149,1.6149,1.6149,0.019
CRMS0399,Wetland: Estuarine Emergent,35.8444,518.4414,390.0195,1794.3442,49770.9039,403.9196,1739.4331,0.3025,500.0074,14.5,8,0.5444,10,7,12,2143.3527,0,0.1885,0.8115,439.764,0.9185,403.9196,2257.8745,0.7704,1739.4331,793.9391,0.5088,403.9196,0.4556,184.0222,0.2318,3533.7773,0.4922,1739.4331,0.6975,1213.2878,0.3433,0,1397.31,51168.214,0.0273,1397.31,3540.6628,0.1141,0.4913,0.3946,55495.9304,0.0143,0.0637,0.922,0.3578,500.0074,0.0098,1897.3175,219.8974,526.1453,897.3026,1643.3453,0.0061,1.3381,3.2017,5.4602,0.0017,9e-4,1e-4,0.0033,0.0018,0.0039,218.5593,522.9436,891.8424,0.2753,0.148,0.0174,0.5411,0.3006,0.6383,0,0,0,0,163.3345,163.3345,163.3345,0.0063
CRMS0399,Wetland: Estuarine Emergent,35.8444,518.4414,390.0195,1794.3442,49770.9039,403.9196,1739.4331,0.3025,500.0074,14.5,8,0.5444,105,9,30,2143.3527,0,0.1885,0.8115,439.764,0.9185,403.9196,2257.8745,0.7704,1739.4331,793.9391,0.5088,403.9196,0.4556,184.0222,0.2318,3533.7773,0.4922,1739.4331,0.6975,1213.2878,0.3433,0,1397.31,51168.214,0.0273,1397.31,3540.6628,0.1141,0.4913,0.3946,55495.9304,0.0143,0.0637,0.922,0.3578,500.0074,0.0098,1897.3175,219.8974,526.1453,897.3026,1643.3453,0.0639,14.0501,33.6176,57.3323,0.0177,0.0095,0.0011,0.0348,0.0193,0.041,205.8472,492.5278,839.9703,0.2593,0.1394,0.0164,0.5096,0.2832,0.6011,0,0,0,0,14.6509,14.6509,14.6509,0.0063
CRMS0399,Wetland: Estuarine Emergent,35.8444,518.4414,390.0195,1794.3442,49770.9039,403.9196,1739.4331,0.3025,500.0074,14.5,8,0.5444,123,6,48,2143.3527,0,0.1885,0.8115,439.764,0.9185,403.9196,2257.8745,0.7704,1739.4331,793.9391,0.5088,403.9196,0.4556,184.0222,0.2318,3533.7773,0.4922,1739.4331,0.6975,1213.2878,0.3433,0,1397.31,51168.214,0.0273,1397.31,3540.6628,0.1141,0.4913,0.3946,55495.9304,0.0143,0.0637,0.922,0.3578,500.0074,0.0098,1897.3175,219.8974,526.1453,897.3026,1643.3453,0.0748,16.4587,39.3806,67.1607,0.0207,0.0111,0.0013,0.0407,0.0226,0.0481,203.4387,486.7647,830.1419,0.2562,0.1377,0.0162,0.5037,0.2798,0.5941,0,0,0,0,12.3605,12.3605,12.3605,0.0063
CRMS0399,Wetland: Estuarine Emergent,35.8444,518.4414,390.0195,1794.3442,49770.9039,403.9196,1739.4331,0.3025,500.0074,14.5,8,0.5444,156,4,66,2143.3527,0,0.1885,0.8115,439.764,0.9185,403.9196,2257.8745,0.7704,1739.4331,793.9391,0.5088,403.9196,0.4556,184.0222,0.2318,3533.7773,0.4922,1739.4331,0.6975,1213.2878,0.3433,0,1397.31,51168.214,0.0273,1397.31,3540.6628,0.1141,0.4913,0.3946,55495.9304,0.0143,0.0637,0.922,0.3578,500.0074,0.0098,1897.3175,219.8974,526.1453,897.3026,1643.3453,0.0949,20.8745,49.9461,85.1794,0.0263,0.0141,0.0017,0.0517,0.0287,0.061,199.0229,476.1992,812.1232,0.2507,0.1348,0.0159,0.4927,0.2738,0.5812,0,0,0,0,9.5343,9.5343,9.5343,0.0063
CRMS0399,Wetland: Estuarine Emergent,35.8444,518.4414,390.0195,1794.3442,49770.9039,403.9196,1739.4331,0.3025,500.0074,14.5,8,0.5444,175,2,84,2143.3527,0,0.1885,0.8115,439.764,0.9185,403.9196,2257.8745,0.7704,1739.4331,793.9391,0.5088,403.9196,0.4556,184.0222,0.2318,3533.7773,0.4922,1739.4331,0.6975,1213.2878,0.3433,0,1397.31,51168.214,0.0273,1397.31,3540.6628,0.1141,0.4913,0.3946,55495.9304,0.0143,0.0637,0.922,0.3578,500.0074,0.0098,1897.3175,219.8974,526.1453,897.3026,1643.3453,0.1065,23.4169,56.0293,95.5538,0.0295,0.0159,0.0019,0.058,0.0322,0.0684,196.4805,470.116,801.7488,0.2475,0.133,0.0157,0.4864,0.2703,0.5738,0,0,0,0,8.3905,8.3905,8.3905,0.0063
CRMS0399,Wetland: Estuarine Emergent,35.8444,518.4414,390.0195,1794.3442,49770.9039,403.9196,1739.4331,0.3025,500.0074,14.5,8,0.5444,201,8,102,2143.3527,0,0.1885,0.8115,439.764,0.9185,403.9196,2257.8745,0.7704,1739.4331,793.9391,0.5088,403.9196,0.4556,184.0222,0.2318,3533.7773,0.4922,1739.4331,0.6975,1213.2878,0.3433,0,1397.31,51168.214,0.0273,1397.31,3540.6628,0.1141,0.4913,0.3946,55495.9304,0.0143,0.0637,0.922,0.3578,500.0074,0.0098,1897.3175,219.8974,526.1453,897.3026,1643.3453,0.1223,26.896,64.3536,109.7504,0.0339,0.0182,0.0021,0.0666,0.037,0.0785,193.0014,461.7917,787.5522,0.2431,0.1307,0.0154,0.4778,0.2655,0.5636,0,0,0,0,7.1758,7.1758,7.1758,0.0063
CRMS0399,Wetland: Estuarine Emergent,35.8444,518.4414,390.0195,1794.3442,49770.9039,403.9196,1739.4331,0.3025,500.0074,14.5,8,0.5444,320,5,120,2143.3527,0,0.1885,0.8115,439.764,0.9185,403.9196,2257.8745,0.7704,1739.4331,793.9391,0.5088,403.9196,0.4556,184.0222,0.2318,3533.7773,0.4922,1739.4331,0.6975,1213.2878,0.3433,0,1397.31,51168.214,0.0273,1397.31,3540.6628,0.1141,0.4913,0.3946,55495.9304,0.0143,0.0637,0.922,0.3578,500.0074,0.0098,1897.3175,219.8974,526.1453,897.3026,1643.3453,0.1947,42.8195,102.4535,174.727,0.053900000000000003,0.029,0.0034,0.106,0.0589,0.125,177.0779,423.6918,722.5756,0.223,0.1199,0.0141,0.4384,0.2436,0.5171,0,0,0,0,4.1355,4.1355,4.1355,0.0063
CRMS0399,Wetland: Estuarine Emergent,35.8444,518.4414,390.0195,1794.3442,49770.9039,403.9196,1739.4331,0.3025,500.0074,14.5,8,0.5444,414,1,138,2143.3527,0,0.1885,0.8115,439.764,0.9185,403.9196,2257.8745,0.7704,1739.4331,793.9391,0.5088,403.9196,0.4556,184.0222,0.2318,3533.7773,0.4922,1739.4331,0.6975,1213.2878,0.3433,0,1397.31,51168.214,0.0273,1397.31,3540.6628,0.1141,0.4913,0.3946,55495.9304,0.0143,0.0637,0.922,0.3578,500.0074,0.0098,1897.3175,219.8974,526.1453,897.3026,1643.3453,0.2519,55.3977,132.5492,226.0531,0.0698,0.0375,0.0044,0.1372,0.0762,0.1618,164.4997,393.5961,671.2495,0.2072,0.1114,0.0131,0.4073,0.2263,0.4804,0,0,0,0,2.9694,2.9694,2.9694,0.0063
CRMS0399,Wetland: Estuarine Emergent,35.8444,518.4414,390.0195,1794.3442,49770.9039,403.9196,1739.4331,0.3025,500.0074,14.5,8,0.5444,456,3,156,2143.3527,0,0.1885,0.8115,439.764,0.9185,403.9196,2257.8745,0.7704,1739.4331,793.9391,0.5088,403.9196,0.4556,184.0222,0.2318,3533.7773,0.4922,1739.4331,0.6975,1213.2878,0.3433,0,1397.31,51168.214,0.0273,1397.31,3540.6628,0.1141,0.4913,0.3946,55495.9304,0.0143,0.0637,0.922,0.3578,500.0074,0.0098,1897.3175,219.8974,526.1453,897.3026,1643.3453,0.2775,61.0177,145.9963,248.986,0.0769,0.0413,0.0049,0.1511,0.0839,0.1782,158.8796,380.1491,648.3166,0.2001,0.1076,0.0127,0.3933,0.2185,0.464,0,0,0,0,2.6038,2.6038,2.6038,0.0063
CRMS2825,Wetland: Estuarine Emergent,442.0395,46.2689,859.17,1010.5917,64693.1566,1266.0178,2260.223,0.3683,454.9488,14.5,9,0.5622,10,7,13,3526.2408,0,0.359,0.641,1708.0573,0.7412,1266.0178,2306.4919,0.9799,2260.223,2125.1877,0.5957,1266.0178,0.4378,554.3013,0.2608,3270.8147,0.691,2260.223,0.6317,1427.8396,0.4365,0,1982.1409,66675.2975,0.0297,1982.1409,5508.3816,0.2298,0.4103,0.3598,72071.2999,0.0295,0.0454,0.9251,0.2295,454.9488,0.0068,2437.0897,711.7165,832.3835,1527.192,3071.292,0.0033,2.3173,2.7102,4.9725,0.0011,8e-4,1e-4,0.0018,0.0012,0.0025,709.3992,829.6733,1522.2195,0.3338,0.2537,0.0228,0.5603,0.3671,0.768,-0,0,0,0,306.1292,306.1292,306.1292,0.0257
CRMS2825,Wetland: Estuarine Emergent,442.0395,46.2689,859.17,1010.5917,64693.1566,1266.0178,2260.223,0.3683,454.9488,14.5,9,0.5622,105,9,31,3526.2408,0,0.359,0.641,1708.0573,0.7412,1266.0178,2306.4919,0.9799,2260.223,2125.1877,0.5957,1266.0178,0.4378,554.3013,0.2608,3270.8147,0.691,2260.223,0.6317,1427.8396,0.4365,0,1982.1409,66675.2975,0.0297,1982.1409,5508.3816,0.2298,0.4103,0.3598,72071.2999,0.0295,0.0454,0.9251,0.2295,454.9488,0.0068,2437.0897,711.7165,832.3835,1527.192,3071.292,0.0342,24.3319,28.4572,52.211,0.0114,0.0087,8e-4,0.0192,0.0126,0.0263,687.3846,803.9263,1474.981,0.3234,0.2458,0.0221,0.543,0.3557,0.7441,-0,0,0,0,28.2504,28.2504,28.2504,0.0257
CRMS2825,Wetland: Estuarine Emergent,442.0395,46.2689,859.17,1010.5917,64693.1566,1266.0178,2260.223,0.3683,454.9488,14.5,9,0.5622,123,6,49,3526.2408,0,0.359,0.641,1708.0573,0.7412,1266.0178,2306.4919,0.9799,2260.223,2125.1877,0.5957,1266.0178,0.4378,554.3013,0.2608,3270.8147,0.691,2260.223,0.6317,1427.8396,0.4365,0,1982.1409,66675.2975,0.0297,1982.1409,5508.3816,0.2298,0.4103,0.3598,72071.2999,0.0295,0.0454,0.9251,0.2295,454.9488,0.0068,2437.0897,711.7165,832.3835,1527.192,3071.292,0.04,28.503,33.3355,61.1614,0.0134,0.0102,9e-4,0.0225,0.0147,0.0309,683.2134,799.0479,1466.0306,0.3215,0.2443,0.022,0.5397,0.3535,0.7396,0,0,-0,0,23.9699,23.9699,23.9699,0.0257
CRMS2825,Wetland: Estuarine Emergent,442.0395,46.2689,859.17,1010.5917,64693.1566,1266.0178,2260.223,0.3683,454.9488,14.5,9,0.5622,156,4,67,3526.2408,0,0.359,0.641,1708.0573,0.7412,1266.0178,2306.4919,0.9799,2260.223,2125.1877,0.5957,1266.0178,0.4378,554.3013,0.2608,3270.8147,0.691,2260.223,0.6317,1427.8396,0.4365,0,1982.1409,66675.2975,0.0297,1982.1409,5508.3816,0.2298,0.4103,0.3598,72071.2999,0.0295,0.0454,0.9251,0.2295,454.9488,0.0068,2437.0897,711.7165,832.3835,1527.192,3071.292,0.0508,36.1502,42.2792,77.5706,0.017,0.0129,0.0012,0.0286,0.0187,0.0391,675.5663,790.1042,1449.6214,0.3179,0.2416,0.0217,0.5336,0.3496,0.7313,0,0,0,0,18.6878,18.6878,18.6878,0.0257
CRMS2825,Wetland: Estuarine Emergent,442.0395,46.2689,859.17,1010.5917,64693.1566,1266.0178,2260.223,0.3683,454.9488,14.5,9,0.5622,175,2,85,3526.2408,0,0.359,0.641,1708.0573,0.7412,1266.0178,2306.4919,0.9799,2260.223,2125.1877,0.5957,1266.0178,0.4378,554.3013,0.2608,3270.8147,0.691,2260.223,0.6317,1427.8396,0.4365,0,1982.1409,66675.2975,0.0297,1982.1409,5508.3816,0.2298,0.4103,0.3598,72071.2999,0.0295,0.0454,0.9251,0.2295,454.9488,0.0068,2437.0897,711.7165,832.3835,1527.192,3071.292,0.057,40.5531,47.4286,87.0183,0.0191,0.0145,0.0013,0.032,0.021,0.0439,671.1634,784.9549,1440.1737,0.3158,0.24,0.0216,0.5301,0.3473,0.7266,0,0,0,0,16.5502,16.5502,16.5502,0.0257
CRMS2825,Wetland: Estuarine Emergent,442.0395,46.2689,859.17,1010.5917,64693.1566,1266.0178,2260.223,0.3683,454.9488,14.5,9,0.5622,201,8,103,3526.2408,0,0.359,0.641,1708.0573,0.7412,1266.0178,2306.4919,0.9799,2260.223,2125.1877,0.5957,1266.0178,0.4378,554.3013,0.2608,3270.8147,0.691,2260.223,0.6317,1427.8396,0.4365,0,1982.1409,66675.2975,0.0297,1982.1409,5508.3816,0.2298,0.4103,0.3598,72071.2999,0.0295,0.0454,0.9251,0.2295,454.9488,0.0068,2437.0897,711.7165,832.3835,1527.192,3071.292,0.0654,46.5781,54.4751,99.9467,0.0219,0.0167,0.0015,0.0368,0.0241,0.0504,665.1384,777.9083,1427.2453,0.313,0.2378,0.0214,0.5254,0.3442,0.7201,0,0,-0,0,14.2801,14.2801,14.2801,0.0257
CRMS2825,Wetland: Estuarine Emergent,442.0395,46.2689,859.17,1010.5917,64693.1566,1266.0178,2260.223,0.3683,454.9488,14.5,9,0.5622,320,5,121,3526.2408,0,0.359,0.641,1708.0573,0.7412,1266.0178,2306.4919,0.9799,2260.223,2125.1877,0.5957,1266.0178,0.4378,554.3013,0.2608,3270.8147,0.691,2260.223,0.6317,1427.8396,0.4365,0,1982.1409,66675.2975,0.0297,1982.1409,5508.3816,0.2298,0.4103,0.3598,72071.2999,0.0295,0.0454,0.9251,0.2295,454.9488,0.0068,2437.0897,711.7165,832.3835,1527.192,3071.292,0.1042,74.1542,86.7266,159.1192,0.0349,0.0265,0.0024,0.0586,0.0384,0.0803,637.5623,745.6569,1368.0728,0.3,0.228,0.0205,0.5036,0.3299,0.6902,0,0,-0,0,8.5978,8.5978,8.5978,0.0257
CRMS2825,Wetland: Estuarine Emergent,442.0395,46.2689,859.17,1010.5917,64693.1566,1266.0178,2260.223,0.3683,454.9488,14.5,9,0.5622,414,1,139,3526.2408,0,0.359,0.641,1708.0573,0.7412,1266.0178,2306.4919,0.9799,2260.223,2125.1877,0.5957,1266.0178,0.4378,554.3013,0.2608,3270.8147,0.691,2260.223,0.6317,1427.8396,0.4365,0,1982.1409,66675.2975,0.0297,1982.1409,5508.3816,0.2298,0.4103,0.3598,72071.2999,0.0295,0.0454,0.9251,0.2295,454.9488,0.0068,2437.0897,711.7165,832.3835,1527.192,3071.292,0.1348,95.937,112.2025,205.8604,0.0451,0.0343,0.0031,0.0758,0.0496,0.1039,615.7795,720.1809,1321.3316,0.2898,0.2202,0.0198,0.4864,0.3186,0.6666,-0,0,0,0,6.4186,6.4186,6.4186,0.0257
CRMS2825,Wetland: Estuarine Emergent,442.0395,46.2689,859.17,1010.5917,64693.1566,1266.0178,2260.223,0.3683,454.9488,14.5,9,0.5622,456,3,157,3526.2408,0,0.359,0.641,1708.0573,0.7412,1266.0178,2306.4919,0.9799,2260.223,2125.1877,0.5957,1266.0178,0.4378,554.3013,0.2608,3270.8147,0.691,2260.223,0.6317,1427.8396,0.4365,0,1982.1409,66675.2975,0.0297,1982.1409,5508.3816,0.2298,0.4103,0.3598,72071.2999,0.0295,0.0454,0.9251,0.2295,454.9488,0.0068,2437.0897,711.7165,832.3835,1527.192,3071.292,0.1485,105.6698,123.5854,226.7448,0.0497,0.0378,0.0034,0.0835,0.0547,0.1144,606.0467,708.7981,1300.4472,0.2852,0.2167,0.0195,0.4787,0.3136,0.6561,0,0,-0,0,5.7353,5.7353,5.7353,0.0257
CRMS3166,Wetland: Palustrine Emergent,78.4701,122.5077,382.2731,614.062,73041.3133,363.569,2431.5026,0.4022,223.0041,14.5,6,0.5948,-22.7,1,6,2795.0715,0,0.1301,0.8699,442.0391,0.8225,363.569,2554.0102,0.952,2431.5026,745.8421,0.4875,363.569,0.4052,147.3333,0.1975,3045.5645,0.7984,2431.5026,0.5978,1453.6247,0.4773,0,1600.958,74642.2714,0.0214,1600.958,4396.0296,0.0827,0.5531,0.3642,78433.678,0.0095,0.0388,0.9517,0.1393,223.0041,0.003,1823.9621,216.2356,977.8779,1377.9539,2572.0675,-0.0088,-1.9084,-8.6303,-12.1612,-0.0026,-0.0028,-2e-4,-0.0052,-0.0035,-0.0076,218.144,986.5082,1390.1152,0.2925,0.3239,0.0186,0.6,0.4057,0.8683,0,0,0,0,-114.3069,-114.3069,-114.3069,0.0029
CRMS3166,Wetland: Palustrine Emergent,78.4701,122.5077,382.2731,614.062,73041.3133,363.569,2431.5026,0.4022,223.0041,14.5,6,0.5948,73,3,12,2795.0715,0,0.1301,0.8699,442.0391,0.8225,363.569,2554.0102,0.952,2431.5026,745.8421,0.4875,363.569,0.4052,147.3333,0.1975,3045.5645,0.7984,2431.5026,0.5978,1453.6247,0.4773,0,1600.958,74642.2714,0.0214,1600.958,4396.0296,0.0827,0.5531,0.3642,78433.678,0.0095,0.0388,0.9517,0.1393,223.0041,0.003,1823.9621,216.2356,977.8779,1377.9539,2572.0675,0.0284,6.1372,27.754,39.1089,0.0082,0.0091,5e-4,0.0169,0.0114,0.0244,210.0985,950.1239,1338.8451,0.2817,0.312,0.0179,0.5779,0.3908,0.8363,0,0,0,0,34.2338,34.2338,34.2338,0.0029
CRMS3166,Wetland: Palustrine Emergent,78.4701,122.5077,382.2731,614.062,73041.3133,363.569,2431.5026,0.4022,223.0041,14.5,6,0.5948,197,2,18,2795.0715,0,0.1301,0.8699,442.0391,0.8225,363.569,2554.0102,0.952,2431.5026,745.8421,0.4875,363.569,0.4052,147.3333,0.1975,3045.5645,0.7984,2431.5026,0.5978,1453.6247,0.4773,0,1600.958,74642.2714,0.0214,1600.958,4396.0296,0.0827,0.5531,0.3642,78433.678,0.0095,0.0388,0.9517,0.1393,223.0041,0.003,1823.9621,216.2356,977.8779,1377.9539,2572.0675,0.0766,16.5619,74.8977,105.5404,0.0222,0.0246,0.0014,0.0456,0.0308,0.0659,199.6737,902.9802,1272.4136,0.2677,0.2965,0.017,0.5492,0.3714,0.7948,0,0,0,0,12.0562,12.0562,12.0562,0.0029
CRMS3565,Wetland: Estuarine Emergent,209.3613,331.7489,631.7829,1147.0611,53948.1205,683.499,1599.1862,0.4002,422.9521,14.5,10,0.6232,10,7,14,2282.6852,0,0.2994,0.7006,892.8603,0.7655,683.499,1930.9351,0.8282,1599.1862,1315.2819,0.5197,683.499,0.3768,257.5598,0.1958,2746.2473,0.5823,1599.1862,0.5998,959.2431,0.3493,0,1216.8029,55164.9234,0.0221,1216.8029,3499.4881,0.1953,0.457,0.3477,59226.4526,0.0222,0.0464,0.9314,0.3476,422.9521,0.0077,1639.755,425.9392,639.9431,793.8509,1859.7331,0.0054,2.2903,3.441,4.2686,0.0017,0.0013,1e-4,0.0034,0.0022,0.0035,423.6489,636.502,789.5822,0.3221,0.2318,0.0143,0.6198,0.398,0.6489,0,0,-0,0,184.9733,184.9733,184.9733,0.0155
CRMS3565,Wetland: Estuarine Emergent,209.3613,331.7489,631.7829,1147.0611,53948.1205,683.499,1599.1862,0.4002,422.9521,14.5,10,0.6232,105,9,32,2282.6852,0,0.2994,0.7006,892.8603,0.7655,683.499,1930.9351,0.8282,1599.1862,1315.2819,0.5197,683.499,0.3768,257.5598,0.1958,2746.2473,0.5823,1599.1862,0.5998,959.2431,0.3493,0,1216.8029,55164.9234,0.0221,1216.8029,3499.4881,0.1953,0.457,0.3477,59226.4526,0.0222,0.0464,0.9314,0.3476,422.9521,0.0077,1639.755,425.9392,639.9431,793.8509,1859.7331,0.0565,24.0484,36.131,44.8206,0.0183,0.0132,8e-4,0.0352,0.0226,0.0368,401.8908,603.8121,749.0303,0.3056,0.2199,0.0136,0.588,0.3776,0.6156,0,0,-0,0,16.7117,16.7117,16.7117,0.0155
CRMS3565,Wetland: Estuarine Emergent,209.3613,331.7489,631.7829,1147.0611,53948.1205,683.499,1599.1862,0.4002,422.9521,14.5,10,0.6232,123,6,50,2282.6852,0,0.2994,0.7006,892.8603,0.7655,683.499,1930.9351,0.8282,1599.1862,1315.2819,0.5197,683.499,0.3768,257.5598,0.1958,2746.2473,0.5823,1599.1862,0.5998,959.2431,0.3493,0,1216.8029,55164.9234,0.0221,1216.8029,3499.4881,0.1953,0.457,0.3477,59226.4526,0.0222,0.0464,0.9314,0.3476,422.9521,0.0077,1639.755,425.9392,639.9431,793.8509,1859.7331,0.0661,28.171,42.3249,52.5041,0.0214,0.0154,0.001,0.0412,0.0265,0.0431,397.7682,597.6182,741.3467,0.3024,0.2176,0.0134,0.582,0.3737,0.6093,0,0,-0,0,14.1198,14.1198,14.1198,0.0155
CRMS3565,Wetland: Estuarine Emergent,209.3613,331.7489,631.7829,1147.0611,53948.1205,683.499,1599.1862,0.4002,422.9521,14.5,10,0.6232,156,4,68,2282.6852,0,0.2994,0.7006,892.8603,0.7655,683.499,1930.9351,0.8282,1599.1862,1315.2819,0.5197,683.499,0.3768,257.5598,0.1958,2746.2473,0.5823,1599.1862,0.5998,959.2431,0.3493,0,1216.8029,55164.9234,0.0221,1216.8029,3499.4881,0.1953,0.457,0.3477,59226.4526,0.0222,0.0464,0.9314,0.3476,422.9521,0.0077,1639.755,425.9392,639.9431,793.8509,1859.7331,0.0839,35.7291,53.6803,66.5906,0.0272,0.0195,0.0012,0.0523,0.0336,0.0547,390.2102,586.2627,727.2603,0.2967,0.2135,0.0132,0.5709,0.3666,0.5977,0,0,0,0,10.9214,10.9214,10.9214,0.0155
CRMS3565,Wetland: Estuarine Emergent,209.3613,331.7489,631.7829,1147.0611,53948.1205,683.499,1599.1862,0.4002,422.9521,14.5,10,0.6232,175,2,86,2282.6852,0,0.2994,0.7006,892.8603,0.7655,683.499,1930.9351,0.8282,1599.1862,1315.2819,0.5197,683.499,0.3768,257.5598,0.1958,2746.2473,0.5823,1599.1862,0.5998,959.2431,0.3493,0,1216.8029,55164.9234,0.0221,1216.8029,3499.4881,0.1953,0.457,0.3477,59226.4526,0.0222,0.0464,0.9314,0.3476,422.9521,0.0077,1639.755,425.9392,639.9431,793.8509,1859.7331,0.0941,40.0807,60.2183,74.701,0.0305,0.0219,0.0014,0.0586,0.0377,0.0614,385.8585,579.7247,719.1499,0.2934,0.2111,0.013,0.5645,0.3625,0.591,0,0,-0,0,9.627,9.627,9.627,0.0155
CRMS3565,Wetland: Estuarine Emergent,209.3613,331.7489,631.7829,1147.0611,53948.1205,683.499,1599.1862,0.4002,422.9521,14.5,10,0.6232,201,8,104,2282.6852,0,0.2994,0.7006,892.8603,0.7655,683.499,1930.9351,0.8282,1599.1862,1315.2819,0.5197,683.499,0.3768,257.5598,0.1958,2746.2473,0.5823,1599.1862,0.5998,959.2431,0.3493,0,1216.8029,55164.9234,0.0221,1216.8029,3499.4881,0.1953,0.457,0.3477,59226.4526,0.0222,0.0464,0.9314,0.3476,422.9521,0.0077,1639.755,425.9392,639.9431,793.8509,1859.7331,0.1081,46.0355,69.1651,85.7994,0.035,0.0252,0.0016,0.0674,0.0433,0.0705,379.9037,570.778,708.0514,0.2888,0.2078,0.0128,0.5558,0.3569,0.5819,0,0,-0,0,8.2524,8.2524,8.2524,0.0155
CRMS3565,Wetland: Estuarine Emergent,209.3613,331.7489,631.7829,1147.0611,53948.1205,683.499,1599.1862,0.4002,422.9521,14.5,10,0.6232,320,5,122,2282.6852,0,0.2994,0.7006,892.8603,0.7655,683.499,1930.9351,0.8282,1599.1862,1315.2819,0.5197,683.499,0.3768,257.5598,0.1958,2746.2473,0.5823,1599.1862,0.5998,959.2431,0.3493,0,1216.8029,55164.9234,0.0221,1216.8029,3499.4881,0.1953,0.457,0.3477,59226.4526,0.0222,0.0464,0.9314,0.3476,422.9521,0.0077,1639.755,425.9392,639.9431,793.8509,1859.7331,0.1721,73.2904,110.1135,136.5961,0.0557,0.0401,0.0025,0.1072,0.0689,0.1123,352.6488,529.8295,657.2548,0.2681,0.1929,0.0119,0.5159,0.3313,0.5401,0,0,0,0,4.8117,4.8117,4.8117,0.0155
CRMS3565,Wetland: Estuarine Emergent,209.3613,331.7489,631.7829,1147.0611,53948.1205,683.499,1599.1862,0.4002,422.9521,14.5,10,0.6232,414,1,140,2282.6852,0,0.2994,0.7006,892.8603,0.7655,683.499,1930.9351,0.8282,1599.1862,1315.2819,0.5197,683.499,0.3768,257.5598,0.1958,2746.2473,0.5823,1599.1862,0.5998,959.2431,0.3493,0,1216.8029,55164.9234,0.0221,1216.8029,3499.4881,0.1953,0.457,0.3477,59226.4526,0.0222,0.0464,0.9314,0.3476,422.9521,0.0077,1639.755,425.9392,639.9431,793.8509,1859.7331,0.2226,94.8194,142.4594,176.7212,0.0721,0.0519,0.0032,0.1387,0.0891,0.1452,331.1198,497.4837,617.1297,0.2517,0.1812,0.0112,0.4844,0.3111,0.5072,0,0,0,0,3.4921,3.4921,3.4921,0.0155
CRMS3565,Wetland: Estuarine Emergent,209.3613,331.7489,631.7829,1147.0611,53948.1205,683.499,1599.1862,0.4002,422.9521,14.5,10,0.6232,456,3,158,2282.6852,0,0.2994,0.7006,892.8603,0.7655,683.499,1930.9351,0.8282,1599.1862,1315.2819,0.5197,683.499,0.3768,257.5598,0.1958,2746.2473,0.5823,1599.1862,0.5998,959.2431,0.3493,0,1216.8029,55164.9234,0.0221,1216.8029,3499.4881,0.1953,0.457,0.3477,59226.4526,0.0222,0.0464,0.9314,0.3476,422.9521,0.0077,1639.755,425.9392,639.9431,793.8509,1859.7331,0.2452,104.4388,156.9118,194.64940000000001,0.0794,0.0571,0.0035,0.1528,0.0981,0.16,321.5004,483.0313,599.2014,0.2444,0.1759,0.0109,0.4704,0.302,0.4924,0,0,0,0,3.0784,3.0784,3.0784,0.0155
CRMS3617,Wetland: Estuarine Emergent,98.6994,99.241,361.6602,1532.6094,52575.1447,536.2169,2605.6726,0.2553,331.2891,14.5,11,0.4506,10,7,15,3141.8894,0,0.1707,0.8293,634.9163,0.8445,536.2169,2704.9136,0.9633,2605.6726,897.8771,0.5972,536.2169,0.5494,294.5852,0.3281,4138.282,0.6297,2605.6726,0.7447,1940.376,0.4689,0,2234.9612,54810.1058,0.0408,2234.9612,5376.8506,0.0997,0.4846,0.4157,59846.2649,0.015,0.0691,0.9158,0.1482,331.2891,0.006,2566.2502,241.6317,665.2966,1903.6721,2810.6004,0.0036,0.8597,2.3671,6.7732,0.001,6e-4,1e-4,0.0016,9e-4,0.003,240.772,662.9295,1896.8989,0.2682,0.1602,0.0346,0.449,0.2544,0.8487,0,0,0,0,280.06,280.06,280.06,0.0058
CRMS3617,Wetland: Estuarine Emergent,98.6994,99.241,361.6602,1532.6094,52575.1447,536.2169,2605.6726,0.2553,331.2891,14.5,11,0.4506,105,9,33,3141.8894,0,0.1707,0.8293,634.9163,0.8445,536.2169,2704.9136,0.9633,2605.6726,897.8771,0.5972,536.2169,0.5494,294.5852,0.3281,4138.282,0.6297,2605.6726,0.7447,1940.376,0.4689,0,2234.9612,54810.1058,0.0408,2234.9612,5376.8506,0.0997,0.4846,0.4157,59846.2649,0.015,0.0691,0.9158,0.1482,331.2891,0.006,2566.2502,241.6317,665.2966,1903.6721,2810.6004,0.0374,9.027,24.8545,71.1185,0.0101,0.006,0.0013,0.0168,0.0095,0.0318,232.6047,640.442,1832.5536,0.2591,0.1548,0.0334,0.4338,0.2458,0.8199,0,0,0,0,25.7676,25.7676,25.7676,0.0058
CRMS3617,Wetland: Estuarine Emergent,98.6994,99.241,361.6602,1532.6094,52575.1447,536.2169,2605.6726,0.2553,331.2891,14.5,11,0.4506,123,6,51,3141.8894,0,0.1707,0.8293,634.9163,0.8445,536.2169,2704.9136,0.9633,2605.6726,897.8771,0.5972,536.2169,0.5494,294.5852,0.3281,4138.282,0.6297,2605.6726,0.7447,1940.376,0.4689,0,2234.9612,54810.1058,0.0408,2234.9612,5376.8506,0.0997,0.4846,0.4157,59846.2649,0.015,0.0691,0.9158,0.1482,331.2891,0.006,2566.2502,241.6317,665.2966,1903.6721,2810.6004,0.0438,10.5745,29.1153,83.3102,0.0118,0.007,0.0015,0.0197,0.0112,0.0373,231.0572,636.1813,1820.3619,0.2573,0.1537,0.0332,0.4309,0.2442,0.8145,0,0,0,0,21.8504,21.8504,21.8504,0.0058
CRMS3617,Wetland: Estuarine Emergent,98.6994,99.241,361.6602,1532.6094,52575.1447,536.2169,2605.6726,0.2553,331.2891,14.5,11,0.4506,156,4,69,3141.8894,0,0.1707,0.8293,634.9163,0.8445,536.2169,2704.9136,0.9633,2605.6726,897.8771,0.5972,536.2169,0.5494,294.5852,0.3281,4138.282,0.6297,2605.6726,0.7447,1940.376,0.4689,0,2234.9612,54810.1058,0.0408,2234.9612,5376.8506,0.0997,0.4846,0.4157,59846.2649,0.015,0.0691,0.9158,0.1482,331.2891,0.006,2566.2502,241.6317,665.2966,1903.6721,2810.6004,0.0555,13.4116,36.9267,105.6617,0.0149,0.0089,0.0019,0.025,0.0142,0.0473,228.2202,628.3698,1798.0104,0.2542,0.1518,0.0328,0.4256,0.2412,0.8045,0,0,0,0,17.0167,17.0167,17.0167,0.0058
CRMS3617,Wetland: Estuarine Emergent,98.6994,99.241,361.6602,1532.6094,52575.1447,536.2169,2605.6726,0.2553,331.2891,14.5,11,0.4506,175,2,87,3141.8894,0,0.1707,0.8293,634.9163,0.8445,536.2169,2704.9136,0.9633,2605.6726,897.8771,0.5972,536.2169,0.5494,294.5852,0.3281,4138.282,0.6297,2605.6726,0.7447,1940.376,0.4689,0,2234.9612,54810.1058,0.0408,2234.9612,5376.8506,0.0997,0.4846,0.4157,59846.2649,0.015,0.0691,0.9158,0.1482,331.2891,0.006,2566.2502,241.6317,665.2966,1903.6721,2810.6004,0.0623,15.045,41.4242,118.5308,0.0168,0.01,0.0022,0.0281,0.0159,0.053,226.5867,623.8724,1785.1413,0.2524,0.1508,0.0326,0.4226,0.2394,0.7987,0,0,0,0,15.0606,15.0606,15.0606,0.0058
CRMS3617,Wetland: Estuarine Emergent,98.6994,99.241,361.6602,1532.6094,52575.1447,536.2169,2605.6726,0.2553,331.2891,14.5,11,0.4506,201,8,105,3141.8894,0,0.1707,0.8293,634.9163,0.8445,536.2169,2704.9136,0.9633,2605.6726,897.8771,0.5972,536.2169,0.5494,294.5852,0.3281,4138.282,0.6297,2605.6726,0.7447,1940.376,0.4689,0,2234.9612,54810.1058,0.0408,2234.9612,5376.8506,0.0997,0.4846,0.4157,59846.2649,0.015,0.0691,0.9158,0.1482,331.2891,0.006,2566.2502,241.6317,665.2966,1903.6721,2810.6004,0.0715,17.2803,47.5787,136.1411,0.0192,0.0115,0.0025,0.0322,0.0183,0.0609,224.3514,617.7179,1767.531,0.2499,0.1493,0.0322,0.4184,0.2371,0.7909,0,0,0,0,12.9831,12.9831,12.9831,0.0058
CRMS3617,Wetland: Estuarine Emergent,98.6994,99.241,361.6602,1532.6094,52575.1447,536.2169,2605.6726,0.2553,331.2891,14.5,11,0.4506,320,5,123,3141.8894,0,0.1707,0.8293,634.9163,0.8445,536.2169,2704.9136,0.9633,2605.6726,897.8771,0.5972,536.2169,0.5494,294.5852,0.3281,4138.282,0.6297,2605.6726,0.7447,1940.376,0.4689,0,2234.9612,54810.1058,0.0408,2234.9612,5376.8506,0.0997,0.4846,0.4157,59846.2649,0.015,0.0691,0.9158,0.1482,331.2891,0.006,2566.2502,241.6317,665.2966,1903.6721,2810.6004,0.1139,27.5109,75.7471,216.742,0.0306,0.0183,0.004,0.0513,0.0291,0.097,214.1208,589.5494,1686.9301,0.2385,0.1425,0.0308,0.3993,0.2263,0.7548,0,0,0,0,7.7831,7.7831,7.7831,0.0058
CRMS3617,Wetland: Estuarine Emergent,98.6994,99.241,361.6602,1532.6094,52575.1447,536.2169,2605.6726,0.2553,331.2891,14.5,11,0.4506,414,1,141,3141.8894,0,0.1707,0.8293,634.9163,0.8445,536.2169,2704.9136,0.9633,2605.6726,897.8771,0.5972,536.2169,0.5494,294.5852,0.3281,4138.282,0.6297,2605.6726,0.7447,1940.376,0.4689,0,2234.9612,54810.1058,0.0408,2234.9612,5376.8506,0.0997,0.4846,0.4157,59846.2649,0.015,0.0691,0.9158,0.1482,331.2891,0.006,2566.2502,241.6317,665.2966,1903.6721,2810.6004,0.1473,35.5922,97.9978,280.4099,0.0396,0.0237,0.0051,0.0664,0.0376,0.1255,206.0395,567.2987,1623.2621,0.2295,0.1371,0.0296,0.3842,0.2177,0.7263,0,0,0,0,5.7889,5.7889,5.7889,0.0058
CRMS3617,Wetland: Estuarine Emergent,98.6994,99.241,361.6602,1532.6094,52575.1447,536.2169,2605.6726,0.2553,331.2891,14.5,11,0.4506,456,3,159,3141.8894,0,0.1707,0.8293,634.9163,0.8445,536.2169,2704.9136,0.9633,2605.6726,897.8771,0.5972,536.2169,0.5494,294.5852,0.3281,4138.282,0.6297,2605.6726,0.7447,1940.376,0.4689,0,2234.9612,54810.1058,0.0408,2234.9612,5376.8506,0.0997,0.4846,0.4157,59846.2649,0.015,0.0691,0.9158,0.1482,331.2891,0.006,2566.2502,241.6317,665.2966,1903.6721,2810.6004,0.1622,39.203,107.9397,308.8573,0.0437,0.0261,0.0056,0.0731,0.0414,0.1382,202.4287,557.3569,1594.8148,0.2255,0.1347,0.0291,0.3775,0.2139,0.7136,0,0,0,0,5.1636,5.1636,5.1636,0.0058
CRMS4045,Wetland: Estuarine Emergent,32.4422,391.2991,175.3892,1979.7141,45499.7087,366.9086,1879.168,0.7301,235.6086,14.5,17,0.8558,10,7,16,2246.0765,0,0.1634,0.8366,399.3508,0.9188,366.9086,2270.4671,0.8277,1879.168,542.2978,0.6766,366.9086,0.1442,52.9066,0.0976,3858.8821,0.487,1879.168,0.2699,507.2333,0.1314,0,560.1399,46059.8486,0.0122,560.1399,2806.2164,0.1307,0.6696,0.1996,50461.0285,0.0107,0.0765,0.9128,0.4206,235.6086,0.0051,795.7485,314.002,1371.9346,324.5312,2010.4679,0.005,1.5618,6.824,1.6142,0.0029,0.0018,0,0.0043,0.0036,0.0029,312.4402,1365.1107,322.917,0.5761,0.3538,0.007,0.8515,0.7264,0.5765,-0,0,0,0,200.0468,200.0468,200.0468,0.0025
CRMS4045,Wetland: Estuarine Emergent,32.4422,391.2991,175.3892,1979.7141,45499.7087,366.9086,1879.168,0.7301,235.6086,14.5,17,0.8558,105,9,34,2246.0765,0,0.1634,0.8366,399.3508,0.9188,366.9086,2270.4671,0.8277,1879.168,542.2978,0.6766,366.9086,0.1442,52.9066,0.0976,3858.8821,0.487,1879.168,0.2699,507.2333,0.1314,0,560.1399,46059.8486,0.0122,560.1399,2806.2164,0.1307,0.6696,0.1996,50461.0285,0.0107,0.0765,0.9128,0.4206,235.6086,0.0051,795.7485,314.002,1371.9346,324.5312,2010.4679,0.0522,16.3993,71.6515,16.9492,0.0302,0.0186,4e-4,0.0447,0.0381,0.0303,297.6027,1300.2831,307.5821,0.5488,0.337,0.0067,0.8111,0.6919,0.5491,-0,0,0,0,18.1473,18.1473,18.1473,0.0025
CRMS4045,Wetland: Estuarine Emergent,32.4422,391.2991,175.3892,1979.7141,45499.7087,366.9086,1879.168,0.7301,235.6086,14.5,17,0.8558,123,6,52,2246.0765,0,0.1634,0.8366,399.3508,0.9188,366.9086,2270.4671,0.8277,1879.168,542.2978,0.6766,366.9086,0.1442,52.9066,0.0976,3858.8821,0.487,1879.168,0.2699,507.2333,0.1314,0,560.1399,46059.8486,0.0122,560.1399,2806.2164,0.1307,0.6696,0.1996,50461.0285,0.0107,0.0765,0.9128,0.4206,235.6086,0.0051,795.7485,314.002,1371.9346,324.5312,2010.4679,0.0612,19.2106,83.9347,19.8548,0.0354,0.0218,4e-4,0.0524,0.0447,0.0354,294.7914,1288,304.6765,0.5436,0.3338,0.0066,0.8034,0.6854,0.5439,-0,0,0,0,15.3453,15.3453,15.3453,0.0025
CRMS4045,Wetland: Estuarine Emergent,32.4422,391.2991,175.3892,1979.7141,45499.7087,366.9086,1879.168,0.7301,235.6086,14.5,17,0.8558,156,4,70,2246.0765,0,0.1634,0.8366,399.3508,0.9188,366.9086,2270.4671,0.8277,1879.168,542.2978,0.6766,366.9086,0.1442,52.9066,0.0976,3858.8821,0.487,1879.168,0.2699,507.2333,0.1314,0,560.1399,46059.8486,0.0122,560.1399,2806.2164,0.1307,0.6696,0.1996,50461.0285,0.0107,0.0765,0.9128,0.4206,235.6086,0.0051,795.7485,314.002,1371.9346,324.5312,2010.4679,0.0776,24.3646,106.4537,25.1816,0.0449,0.0276,5e-4,0.0664,0.0566,0.045,289.6374,1265.4809,299.3496,0.5341,0.3279,0.0065,0.7894,0.6734,0.5344,-0,0,0,0,11.8876,11.8876,11.8876,0.0025
CRMS4045,Wetland: Estuarine Emergent,32.4422,391.2991,175.3892,1979.7141,45499.7087,366.9086,1879.168,0.7301,235.6086,14.5,17,0.8558,175,2,88,2246.0765,0,0.1634,0.8366,399.3508,0.9188,366.9086,2270.4671,0.8277,1879.168,542.2978,0.6766,366.9086,0.1442,52.9066,0.0976,3858.8821,0.487,1879.168,0.2699,507.2333,0.1314,0,560.1399,46059.8486,0.0122,560.1399,2806.2164,0.1307,0.6696,0.1996,50461.0285,0.0107,0.0765,0.9128,0.4206,235.6086,0.0051,795.7485,314.002,1371.9346,324.5312,2010.4679,0.087,27.3321,119.4192,28.2486,0.0504,0.0309,6e-4,0.0745,0.0635,0.0504,286.6699,1252.5154,296.2826,0.5286,0.3246,0.0064,0.7813,0.6665,0.5289,-0,0,0,0,10.4884,10.4884,10.4884,0.0025
CRMS4045,Wetland: Estuarine Emergent,32.4422,391.2991,175.3892,1979.7141,45499.7087,366.9086,1879.168,0.7301,235.6086,14.5,17,0.8558,201,8,106,2246.0765,0,0.1634,0.8366,399.3508,0.9188,366.9086,2270.4671,0.8277,1879.168,542.2978,0.6766,366.9086,0.1442,52.9066,0.0976,3858.8821,0.487,1879.168,0.2699,507.2333,0.1314,0,560.1399,46059.8486,0.0122,560.1399,2806.2164,0.1307,0.6696,0.1996,50461.0285,0.0107,0.0765,0.9128,0.4206,235.6086,0.0051,795.7485,314.002,1371.9346,324.5312,2010.4679,0.1,31.3929,137.1615,32.4456,0.0579,0.0355,7e-4,0.0856,0.073,0.0579,282.6091,1234.7731,292.0857,0.5211,0.32,0.0063,0.7702,0.6571,0.5215,-0,0,0,0,9.0023,9.0023,9.0023,0.0025
CRMS4045,Wetland: Estuarine Emergent,32.4422,391.2991,175.3892,1979.7141,45499.7087,366.9086,1879.168,0.7301,235.6086,14.5,17,0.8558,320,5,124,2246.0765,0,0.1634,0.8366,399.3508,0.9188,366.9086,2270.4671,0.8277,1879.168,542.2978,0.6766,366.9086,0.1442,52.9066,0.0976,3858.8821,0.487,1879.168,0.2699,507.2333,0.1314,0,560.1399,46059.8486,0.0122,560.1399,2806.2164,0.1307,0.6696,0.1996,50461.0285,0.0107,0.0765,0.9128,0.4206,235.6086,0.0051,795.7485,314.002,1371.9346,324.5312,2010.4679,0.1592,49.9787,218.3666,51.6546,0.0922,0.0566,0.0011,0.1362,0.1162,0.0922,264.0233,1153.568,272.8766,0.4869,0.2989,0.0059,0.7196,0.6139,0.4872,-0,0,0,0,5.2827,5.2827,5.2827,0.0025
CRMS4045,Wetland: Estuarine Emergent,32.4422,391.2991,175.3892,1979.7141,45499.7087,366.9086,1879.168,0.7301,235.6086,14.5,17,0.8558,414,1,142,2246.0765,0,0.1634,0.8366,399.3508,0.9188,366.9086,2270.4671,0.8277,1879.168,542.2978,0.6766,366.9086,0.1442,52.9066,0.0976,3858.8821,0.487,1879.168,0.2699,507.2333,0.1314,0,560.1399,46059.8486,0.0122,560.1399,2806.2164,0.1307,0.6696,0.1996,50461.0285,0.0107,0.0765,0.9128,0.4206,235.6086,0.0051,795.7485,314.002,1371.9346,324.5312,2010.4679,0.2059,64.66,282.5118,66.8282,0.1192,0.0732,0.0015,0.1762,0.1503,0.1193,249.342,1089.4228,257.703,0.4598,0.2823,0.0056,0.6796,0.5797,0.4601,-0,0,0,0,3.8562,3.8562,3.8562,0.0025
CRMS4045,Wetland: Estuarine Emergent,32.4422,391.2991,175.3892,1979.7141,45499.7087,366.9086,1879.168,0.7301,235.6086,14.5,17,0.8558,456,3,160,2246.0765,0,0.1634,0.8366,399.3508,0.9188,366.9086,2270.4671,0.8277,1879.168,542.2978,0.6766,366.9086,0.1442,52.9066,0.0976,3858.8821,0.487,1879.168,0.2699,507.2333,0.1314,0,560.1399,46059.8486,0.0122,560.1399,2806.2164,0.1307,0.6696,0.1996,50461.0285,0.0107,0.0765,0.9128,0.4206,235.6086,0.0051,795.7485,314.002,1371.9346,324.5312,2010.4679,0.2268,71.2197,311.1724,73.6079,0.1313,0.0806,0.0016,0.1941,0.1656,0.1314,242.7823,1060.7622,250.9234,0.4477,0.2749,0.0054,0.6617,0.5645,0.448,-0,0,0,0,3.4089,3.4089,3.4089,0.0025
CRMS4245,Wetland: Estuarine Emergent,202.07,102.3176,293.6054,1185.4687,104937.8738,566.9275,1413.8739,0.6345,717.9697,14.5,18,0.8339,10,7,17,1980.8014,0,0.2862,0.7138,768.9975,0.7372,566.9275,1516.1915,0.9325,1413.8739,860.5329,0.6588,566.9275,0.1661,94.1942,0.1095,2599.3426,0.5439,1413.8739,0.3655,623.7755,0.24,0,717.9697,105655.8435,0.0068,717.9697,2698.7711,0.2101,0.5239,0.266,109115.7191,0.0079,0.0238,0.9683,1,717.9697,0.0068,1435.9395,472.7333,790.0984,0,1262.8316,0.0079,3.7434,6.2566,0,0.0044,0.0024,0,0.0066,0.0044,0,468.9898,783.8418,0,0.545,0.3016,0,0.8272,0.5544,0,0,0,0,0,125.2832,125.2832,NA,0.0076
CRMS4245,Wetland: Estuarine Emergent,202.07,102.3176,293.6054,1185.4687,104937.8738,566.9275,1413.8739,0.6345,717.9697,14.5,18,0.8339,105,9,35,1980.8014,0,0.2862,0.7138,768.9975,0.7372,566.9275,1516.1915,0.9325,1413.8739,860.5329,0.6588,566.9275,0.1661,94.1942,0.1095,2599.3426,0.5439,1413.8739,0.3655,623.7755,0.24,0,717.9697,105655.8435,0.0068,717.9697,2698.7711,0.2101,0.5239,0.266,109115.7191,0.0079,0.0238,0.9683,1,717.9697,0.0068,1435.9395,472.7333,790.0984,0,1262.8316,0.0831,39.3061,65.6939,0,0.0457,0.0253,0,0.0693,0.0465,0,433.4272,724.4045,0,0.5037,0.2787,0,0.7645,0.5124,0,0,0,0,0,11.027,11.027,NA,0.0076
CRMS4245,Wetland: Estuarine Emergent,202.07,102.3176,293.6054,1185.4687,104937.8738,566.9275,1413.8739,0.6345,717.9697,14.5,18,0.8339,123,6,53,1980.8014,0,0.2862,0.7138,768.9975,0.7372,566.9275,1516.1915,0.9325,1413.8739,860.5329,0.6588,566.9275,0.1661,94.1942,0.1095,2599.3426,0.5439,1413.8739,0.3655,623.7755,0.24,0,717.9697,105655.8435,0.0068,717.9697,2698.7711,0.2101,0.5239,0.266,109115.7191,0.0079,0.0238,0.9683,1,717.9697,0.0068,1435.9395,472.7333,790.0984,0,1262.8316,0.0974,46.0443,76.9557,0,0.0535,0.0296,0,0.0812,0.0544,0,426.689,713.1427,0,0.4958,0.2744,0,0.7526,0.5044,0,0,0,0,0,9.2669,9.2669,NA,0.0076
CRMS4245,Wetland: Estuarine Emergent,202.07,102.3176,293.6054,1185.4687,104937.8738,566.9275,1413.8739,0.6345,717.9697,14.5,18,0.8339,156,4,71,1980.8014,0,0.2862,0.7138,768.9975,0.7372,566.9275,1516.1915,0.9325,1413.8739,860.5329,0.6588,566.9275,0.1661,94.1942,0.1095,2599.3426,0.5439,1413.8739,0.3655,623.7755,0.24,0,717.9697,105655.8435,0.0068,717.9697,2698.7711,0.2101,0.5239,0.266,109115.7191,0.0079,0.0238,0.9683,1,717.9697,0.0068,1435.9395,472.7333,790.0984,0,1262.8316,0.1235,58.3976,97.6024,0,0.0679,0.0375,0,0.103,0.069,0,414.3356,692.496,0,0.4815,0.2664,0,0.7308,0.4898,0,-0,0,0,0,7.0951,7.0951,NA,0.0076
CRMS4245,Wetland: Estuarine Emergent,202.07,102.3176,293.6054,1185.4687,104937.8738,566.9275,1413.8739,0.6345,717.9697,14.5,18,0.8339,175,2,89,1980.8014,0,0.2862,0.7138,768.9975,0.7372,566.9275,1516.1915,0.9325,1413.8739,860.5329,0.6588,566.9275,0.1661,94.1942,0.1095,2599.3426,0.5439,1413.8739,0.3655,623.7755,0.24,0,717.9697,105655.8435,0.0068,717.9697,2698.7711,0.2101,0.5239,0.266,109115.7191,0.0079,0.0238,0.9683,1,717.9697,0.0068,1435.9395,472.7333,790.0984,0,1262.8316,0.1386,65.5102,109.4898,0,0.0761,0.0421,0,0.1156,0.0774,0,407.2231,680.6085,0,0.4732,0.2618,0,0.7183,0.4814,0,0,0,0,0,6.2162,6.2162,NA,0.0076
CRMS4245,Wetland: Estuarine Emergent,202.07,102.3176,293.6054,1185.4687,104937.8738,566.9275,1413.8739,0.6345,717.9697,14.5,18,0.8339,201,8,107,1980.8014,0,0.2862,0.7138,768.9975,0.7372,566.9275,1516.1915,0.9325,1413.8739,860.5329,0.6588,566.9275,0.1661,94.1942,0.1095,2599.3426,0.5439,1413.8739,0.3655,623.7755,0.24,0,717.9697,105655.8435,0.0068,717.9697,2698.7711,0.2101,0.5239,0.266,109115.7191,0.0079,0.0238,0.9683,1,717.9697,0.0068,1435.9395,472.7333,790.0984,0,1262.8316,0.1592,75.2431,125.7569,0,0.0874,0.0484,0,0.1327,0.0889,0,397.4902,664.3415,0,0.4619,0.2556,0,0.7011,0.4699,0,-0,0,0,0,5.2827,5.2827,NA,0.0076
CRMS4245,Wetland: Estuarine Emergent,202.07,102.3176,293.6054,1185.4687,104937.8738,566.9275,1413.8739,0.6345,717.9697,14.5,18,0.8339,320,5,125,1980.8014,0,0.2862,0.7138,768.9975,0.7372,566.9275,1516.1915,0.9325,1413.8739,860.5329,0.6588,566.9275,0.1661,94.1942,0.1095,2599.3426,0.5439,1413.8739,0.3655,623.7755,0.24,0,717.9697,105655.8435,0.0068,717.9697,2698.7711,0.2101,0.5239,0.266,109115.7191,0.0079,0.0238,0.9683,1,717.9697,0.0068,1435.9395,472.7333,790.0984,0,1262.8316,0.2534,119.79,200.21,0,0.1392,0.077,0,0.2113,0.1416,0,352.9432,589.8884,0,0.4101,0.2269,0,0.6226,0.4172,0,-0,0,0,0,2.9463,2.9463,NA,0.0076
CRMS4245,Wetland: Estuarine Emergent,202.07,102.3176,293.6054,1185.4687,104937.8738,566.9275,1413.8739,0.6345,717.9697,14.5,18,0.8339,414,1,143,1980.8014,0,0.2862,0.7138,768.9975,0.7372,566.9275,1516.1915,0.9325,1413.8739,860.5329,0.6588,566.9275,0.1661,94.1942,0.1095,2599.3426,0.5439,1413.8739,0.3655,623.7755,0.24,0,717.9697,105655.8435,0.0068,717.9697,2698.7711,0.2101,0.5239,0.266,109115.7191,0.0079,0.0238,0.9683,1,717.9697,0.0068,1435.9395,472.7333,790.0984,0,1262.8316,0.3278,154.9784,259.0216,0,0.1801,0.0996,0,0.2734,0.1832,0,317.7549,531.0767,0,0.3693,0.2043,0,0.5605,0.3756,0,-0,0,0,0,2.0503,2.0503,NA,0.0076
CRMS4245,Wetland: Estuarine Emergent,202.07,102.3176,293.6054,1185.4687,104937.8738,566.9275,1413.8739,0.6345,717.9697,14.5,18,0.8339,456,3,161,1980.8014,0,0.2862,0.7138,768.9975,0.7372,566.9275,1516.1915,0.9325,1413.8739,860.5329,0.6588,566.9275,0.1661,94.1942,0.1095,2599.3426,0.5439,1413.8739,0.3655,623.7755,0.24,0,717.9697,105655.8435,0.0068,717.9697,2698.7711,0.2101,0.5239,0.266,109115.7191,0.0079,0.0238,0.9683,1,717.9697,0.0068,1435.9395,472.7333,790.0984,0,1262.8316,0.3611,170.7008,285.2992,0,0.1984,0.1098,0,0.3011,0.2018,0,302.0325,504.7992,0,0.351,0.1942,0,0.5328,0.357,0,0,0,0,0,1.7694,1.7694,NA,0.0076
CRMS4455,Wetland: Estuarine Emergent,266.7818,354.1127,333.7589,2496.918,43434.4551,607.4835,3273.0344,0.4785,534.3824,0,12,0.7521,10,7,18,3880.5179,0,0.1565,0.8435,874.2653,0.6949,607.4835,3627.1471,0.9024,3273.0344,941.2424,0.6454,607.4835,0.2479,150.6095,0.16,5769.9524,0.5673,3273.0344,0.5215,1706.9307,0.2958,0,1857.5402,45291.9953,0.041,1857.5402,5738.0582,0.1059,0.5704,0.3237,52003.1902,0.0181,0.111,0.8709,0.2877,534.3824,0.0118,2391.9226,456.874,1566.1037,1323.1578,3346.1355,0.003,1.3654,4.6803,3.9543,0.0015,8e-4,1e-4,0.0022,0.0014,0.0021,455.5086,1561.4234,1319.2036,0.4839,0.2706,0.0291,0.7498,0.4771,0.7102,0,-0,-0,-0,333.6136,333.6136,333.6136,0.0029
CRMS4455,Wetland: Estuarine Emergent,266.7818,354.1127,333.7589,2496.918,43434.4551,607.4835,3273.0344,0.4785,534.3824,0,12,0.7521,105,9,36,3880.5179,0,0.1565,0.8435,874.2653,0.6949,607.4835,3627.1471,0.9024,3273.0344,941.2424,0.6454,607.4835,0.2479,150.6095,0.16,5769.9524,0.5673,3273.0344,0.5215,1706.9307,0.2958,0,1857.5402,45291.9953,0.041,1857.5402,5738.0582,0.1059,0.5704,0.3237,52003.1902,0.0181,0.111,0.8709,0.2877,534.3824,0.0118,2391.9226,456.874,1566.1037,1323.1578,3346.1355,0.0314,14.3365,49.1435,41.52,0.0152,0.0085,9e-4,0.0236,0.015,0.0224,442.5375,1516.9602,1281.6378,0.4702,0.2629,0.0283,0.7285,0.4635,0.69,0,-0,-0,-0,30.868,30.868,30.868,0.0029
CRMS4455,Wetland: Estuarine Emergent,266.7818,354.1127,333.7589,2496.918,43434.4551,607.4835,3273.0344,0.4785,534.3824,0,12,0.7521,123,6,54,3880.5179,0,0.1565,0.8435,874.2653,0.6949,607.4835,3627.1471,0.9024,3273.0344,941.2424,0.6454,607.4835,0.2479,150.6095,0.16,5769.9524,0.5673,3273.0344,0.5215,1706.9307,0.2958,0,1857.5402,45291.9953,0.041,1857.5402,5738.0582,0.1059,0.5704,0.3237,52003.1902,0.0181,0.111,0.8709,0.2877,534.3824,0.0118,2391.9226,456.874,1566.1037,1323.1578,3346.1355,0.0368,16.7941,57.5681,48.6377,0.0178,0.01,0.0011,0.0276,0.0176,0.0262,440.0798,1508.5356,1274.5201,0.4676,0.2614,0.0281,0.7244,0.4609,0.6861,0,-0,0,-0,26.2044,26.2044,26.2044,0.0029
CRMS4455,Wetland: Estuarine Emergent,266.7818,354.1127,333.7589,2496.918,43434.4551,607.4835,3273.0344,0.4785,534.3824,0,12,0.7521,156,4,72,3880.5179,0,0.1565,0.8435,874.2653,0.6949,607.4835,3627.1471,0.9024,3273.0344,941.2424,0.6454,607.4835,0.2479,150.6095,0.16,5769.9524,0.5673,3273.0344,0.5215,1706.9307,0.2958,0,1857.5402,45291.9953,0.041,1857.5402,5738.0582,0.1059,0.5704,0.3237,52003.1902,0.0181,0.111,0.8709,0.2877,534.3824,0.0118,2391.9226,456.874,1566.1037,1323.1578,3346.1355,0.0466,21.2999,73.0132,61.6869,0.0226,0.0127,0.0014,0.0351,0.0223,0.0332,435.5741,1493.0905,1261.471,0.4628,0.2588,0.0279,0.717,0.4562,0.6791,0,-0,-0,-0,20.4496,20.4496,20.4496,0.0029
CRMS4455,Wetland: Estuarine Emergent,266.7818,354.1127,333.7589,2496.918,43434.4551,607.4835,3273.0344,0.4785,534.3824,0,12,0.7521,175,2,90,3880.5179,0,0.1565,0.8435,874.2653,0.6949,607.4835,3627.1471,0.9024,3273.0344,941.2424,0.6454,607.4835,0.2479,150.6095,0.16,5769.9524,0.5673,3273.0344,0.5215,1706.9307,0.2958,0,1857.5402,45291.9953,0.041,1857.5402,5738.0582,0.1059,0.5704,0.3237,52003.1902,0.0181,0.111,0.8709,0.2877,534.3824,0.0118,2391.9226,456.874,1566.1037,1323.1578,3346.1355,0.0523,23.8941,81.9059,69.2,0.0254,0.0142,0.0015,0.0393,0.025,0.0373,432.9799,1484.1978,1253.9578,0.46,0.2572,0.0277,0.7127,0.4535,0.6751,0,-0,-0,-0,18.1208,18.1208,18.1208,0.0029
CRMS4455,Wetland: Estuarine Emergent,266.7818,354.1127,333.7589,2496.918,43434.4551,607.4835,3273.0344,0.4785,534.3824,0,12,0.7521,201,8,108,3880.5179,0,0.1565,0.8435,874.2653,0.6949,607.4835,3627.1471,0.9024,3273.0344,941.2424,0.6454,607.4835,0.2479,150.6095,0.16,5769.9524,0.5673,3273.0344,0.5215,1706.9307,0.2958,0,1857.5402,45291.9953,0.041,1857.5402,5738.0582,0.1059,0.5704,0.3237,52003.1902,0.0181,0.111,0.8709,0.2877,534.3824,0.0118,2391.9226,456.874,1566.1037,1323.1578,3346.1355,0.0601,27.4441,94.074700000000007,79.4812,0.0292,0.0163,0.0018,0.0452,0.0287,0.0428,429.4299,1472.029,1243.6767,0.4562,0.2551,0.0275,0.7069,0.4497,0.6695,0,-0,0,-0,15.6474,15.6474,15.6474,0.0029
CRMS4455,Wetland: Estuarine Emergent,266.7818,354.1127,333.7589,2496.918,43434.4551,607.4835,3273.0344,0.4785,534.3824,0,12,0.7521,320,5,126,3880.5179,0,0.1565,0.8435,874.2653,0.6949,607.4835,3627.1471,0.9024,3273.0344,941.2424,0.6454,607.4835,0.2479,150.6095,0.16,5769.9524,0.5673,3273.0344,0.5215,1706.9307,0.2958,0,1857.5402,45291.9953,0.041,1857.5402,5738.0582,0.1059,0.5704,0.3237,52003.1902,0.0181,0.111,0.8709,0.2877,534.3824,0.0118,2391.9226,456.874,1566.1037,1323.1578,3346.1355,0.0956,43.6921,149.7707,126.5372,0.0464,0.026,0.0028,0.0719,0.0458,0.0681,413.1819,1416.333,1196.6207,0.439,0.2455,0.0264,0.6802,0.4327,0.6442,0,-0,0,-0,9.4567,9.4567,9.4567,0.0029
CRMS4455,Wetland: Estuarine Emergent,266.7818,354.1127,333.7589,2496.918,43434.4551,607.4835,3273.0344,0.4785,534.3824,0,12,0.7521,414,1,144,3880.5179,0,0.1565,0.8435,874.2653,0.6949,607.4835,3627.1471,0.9024,3273.0344,941.2424,0.6454,607.4835,0.2479,150.6095,0.16,5769.9524,0.5673,3273.0344,0.5215,1706.9307,0.2958,0,1857.5402,45291.9953,0.041,1857.5402,5738.0582,0.1059,0.5704,0.3237,52003.1902,0.0181,0.111,0.8709,0.2877,534.3824,0.0118,2391.9226,456.874,1566.1037,1323.1578,3346.1355,0.1237,56.5267,193.7659,163.7075,0.0601,0.0336,0.0036,0.0931,0.0592,0.0881,400.3473,1372.3378,1159.4504,0.4253,0.2378,0.0256,0.659,0.4193,0.6242,0,-0,-0,-0,7.0825,7.0825,7.0825,0.0029
CRMS4455,Wetland: Estuarine Emergent,266.7818,354.1127,333.7589,2496.918,43434.4551,607.4835,3273.0344,0.4785,534.3824,0,12,0.7521,456,3,162,3880.5179,0,0.1565,0.8435,874.2653,0.6949,607.4835,3627.1471,0.9024,3273.0344,941.2424,0.6454,607.4835,0.2479,150.6095,0.16,5769.9524,0.5673,3273.0344,0.5215,1706.9307,0.2958,0,1857.5402,45291.9953,0.041,1857.5402,5738.0582,0.1059,0.5704,0.3237,52003.1902,0.0181,0.111,0.8709,0.2877,534.3824,0.0118,2391.9226,456.874,1566.1037,1323.1578,3346.1355,0.1363,62.2612,213.4233,180.3155,0.0661,0.037,0.004,0.1025,0.0652,0.0971,394.6128,1352.6804,1142.8424,0.4192,0.2344,0.0252,0.6496,0.4133,0.6152,0,-0,-0,-0,6.338,6.338,6.338,0.0029
