DistributionTypeID,ExternalVariableTypeID,ExternalVariableMin,ExternalVariableMax,Value,ValueDistributionRelativeFrequency
Wetland: Estuarine Emergent Carbon Initial Conditions: Foliage,Site ID Wetland: Estuarine Emergent,1,1,46.4481864,1
Wetland: Estuarine Emergent Carbon Initial Conditions: Foliage,Site ID Wetland: Estuarine Emergent,19,19,46.4481864,1
Wetland: Estuarine Emergent Carbon Initial Conditions: Foliage,Site ID Wetland: Estuarine Emergent,37,37,46.4481864,1
Wetland: Estuarine Emergent Carbon Initial Conditions: Foliage,Site ID Wetland: Estuarine Emergent,55,55,46.4481864,1
Wetland: Estuarine Emergent Carbon Initial Conditions: Foliage,Site ID Wetland: Estuarine Emergent,73,73,46.4481864,1
Wetland: Estuarine Emergent Carbon Initial Conditions: Foliage,Site ID Wetland: Estuarine Emergent,91,91,46.4481864,1
Wetland: Estuarine Emergent Carbon Initial Conditions: Foliage,Site ID Wetland: Estuarine Emergent,109,109,46.4481864,1
Wetland: Estuarine Emergent Carbon Initial Conditions: Foliage,Site ID Wetland: Estuarine Emergent,127,127,46.4481864,1
Wetland: Estuarine Emergent Carbon Initial Conditions: Foliage,Site ID Wetland: Estuarine Emergent,145,145,46.4481864,1
Wetland: Estuarine Emergent Carbon Initial Conditions: Foliage,Site ID Wetland: Estuarine Emergent,2,2,19.5013644,1
Wetland: Estuarine Emergent Carbon Initial Conditions: Foliage,Site ID Wetland: Estuarine Emergent,20,20,19.5013644,1
Wetland: Estuarine Emergent Carbon Initial Conditions: Foliage,Site ID Wetland: Estuarine Emergent,38,38,19.5013644,1
Wetland: Estuarine Emergent Carbon Initial Conditions: Foliage,Site ID Wetland: Estuarine Emergent,56,56,19.5013644,1
Wetland: Estuarine Emergent Carbon Initial Conditions: Foliage,Site ID Wetland: Estuarine Emergent,74,74,19.5013644,1
Wetland: Estuarine Emergent Carbon Initial Conditions: Foliage,Site ID Wetland: Estuarine Emergent,92,92,19.5013644,1
Wetland: Estuarine Emergent Carbon Initial Conditions: Foliage,Site ID Wetland: Estuarine Emergent,110,110,19.5013644,1
Wetland: Estuarine Emergent Carbon Initial Conditions: Foliage,Site ID Wetland: Estuarine Emergent,128,128,19.5013644,1
Wetland: Estuarine Emergent Carbon Initial Conditions: Foliage,Site ID Wetland: Estuarine Emergent,146,146,19.5013644,1
Wetland: Palustrine Emergent Carbon Initial Conditions: Foliage,Site ID Wetland: Palustrine Emergent,1,1,32.2195272,1
Wetland: Palustrine Emergent Carbon Initial Conditions: Foliage,Site ID Wetland: Palustrine Emergent,7,7,32.2195272,1
Wetland: Estuarine Emergent Carbon Initial Conditions: Foliage,Site ID Wetland: Estuarine Emergent,3,3,215.59158276,1
Wetland: Estuarine Emergent Carbon Initial Conditions: Foliage,Site ID Wetland: Estuarine Emergent,21,21,215.59158276,1
Wetland: Estuarine Emergent Carbon Initial Conditions: Foliage,Site ID Wetland: Estuarine Emergent,39,39,215.59158276,1
Wetland: Estuarine Emergent Carbon Initial Conditions: Foliage,Site ID Wetland: Estuarine Emergent,57,57,215.59158276,1
Wetland: Estuarine Emergent Carbon Initial Conditions: Foliage,Site ID Wetland: Estuarine Emergent,75,75,215.59158276,1
Wetland: Estuarine Emergent Carbon Initial Conditions: Foliage,Site ID Wetland: Estuarine Emergent,93,93,215.59158276,1
Wetland: Estuarine Emergent Carbon Initial Conditions: Foliage,Site ID Wetland: Estuarine Emergent,111,111,215.59158276,1
Wetland: Estuarine Emergent Carbon Initial Conditions: Foliage,Site ID Wetland: Estuarine Emergent,129,129,215.59158276,1
Wetland: Estuarine Emergent Carbon Initial Conditions: Foliage,Site ID Wetland: Estuarine Emergent,147,147,215.59158276,1
Wetland: Estuarine Emergent Carbon Initial Conditions: Foliage,Site ID Wetland: Estuarine Emergent,4,4,39.84595,1
Wetland: Estuarine Emergent Carbon Initial Conditions: Foliage,Site ID Wetland: Estuarine Emergent,22,22,39.84595,1
Wetland: Estuarine Emergent Carbon Initial Conditions: Foliage,Site ID Wetland: Estuarine Emergent,40,40,39.84595,1
Wetland: Estuarine Emergent Carbon Initial Conditions: Foliage,Site ID Wetland: Estuarine Emergent,58,58,39.84595,1
Wetland: Estuarine Emergent Carbon Initial Conditions: Foliage,Site ID Wetland: Estuarine Emergent,76,76,39.84595,1
Wetland: Estuarine Emergent Carbon Initial Conditions: Foliage,Site ID Wetland: Estuarine Emergent,94,94,39.84595,1
Wetland: Estuarine Emergent Carbon Initial Conditions: Foliage,Site ID Wetland: Estuarine Emergent,112,112,39.84595,1
Wetland: Estuarine Emergent Carbon Initial Conditions: Foliage,Site ID Wetland: Estuarine Emergent,130,130,39.84595,1
Wetland: Estuarine Emergent Carbon Initial Conditions: Foliage,Site ID Wetland: Estuarine Emergent,148,148,39.84595,1
Wetland: Estuarine Emergent Carbon Initial Conditions: Foliage,Site ID Wetland: Estuarine Emergent,5,5,135.8578052,1
Wetland: Estuarine Emergent Carbon Initial Conditions: Foliage,Site ID Wetland: Estuarine Emergent,23,23,135.8578052,1
Wetland: Estuarine Emergent Carbon Initial Conditions: Foliage,Site ID Wetland: Estuarine Emergent,41,41,135.8578052,1
Wetland: Estuarine Emergent Carbon Initial Conditions: Foliage,Site ID Wetland: Estuarine Emergent,59,59,135.8578052,1
Wetland: Estuarine Emergent Carbon Initial Conditions: Foliage,Site ID Wetland: Estuarine Emergent,77,77,135.8578052,1
Wetland: Estuarine Emergent Carbon Initial Conditions: Foliage,Site ID Wetland: Estuarine Emergent,95,95,135.8578052,1
Wetland: Estuarine Emergent Carbon Initial Conditions: Foliage,Site ID Wetland: Estuarine Emergent,113,113,135.8578052,1
Wetland: Estuarine Emergent Carbon Initial Conditions: Foliage,Site ID Wetland: Estuarine Emergent,131,131,135.8578052,1
Wetland: Estuarine Emergent Carbon Initial Conditions: Foliage,Site ID Wetland: Estuarine Emergent,149,149,135.8578052,1
Wetland: Estuarine Emergent Carbon Initial Conditions: Foliage,Site ID Wetland: Estuarine Emergent,6,6,45.2672606,1
Wetland: Estuarine Emergent Carbon Initial Conditions: Foliage,Site ID Wetland: Estuarine Emergent,24,24,45.2672606,1
Wetland: Estuarine Emergent Carbon Initial Conditions: Foliage,Site ID Wetland: Estuarine Emergent,42,42,45.2672606,1
Wetland: Estuarine Emergent Carbon Initial Conditions: Foliage,Site ID Wetland: Estuarine Emergent,60,60,45.2672606,1
Wetland: Estuarine Emergent Carbon Initial Conditions: Foliage,Site ID Wetland: Estuarine Emergent,78,78,45.2672606,1
Wetland: Estuarine Emergent Carbon Initial Conditions: Foliage,Site ID Wetland: Estuarine Emergent,96,96,45.2672606,1
Wetland: Estuarine Emergent Carbon Initial Conditions: Foliage,Site ID Wetland: Estuarine Emergent,114,114,45.2672606,1
Wetland: Estuarine Emergent Carbon Initial Conditions: Foliage,Site ID Wetland: Estuarine Emergent,132,132,45.2672606,1
Wetland: Estuarine Emergent Carbon Initial Conditions: Foliage,Site ID Wetland: Estuarine Emergent,150,150,45.2672606,1
Wetland: Palustrine Emergent Carbon Initial Conditions: Foliage,Site ID Wetland: Palustrine Emergent,2,2,32.2037144,1
Wetland: Palustrine Emergent Carbon Initial Conditions: Foliage,Site ID Wetland: Palustrine Emergent,8,8,32.2037144,1
Wetland: Estuarine Emergent Carbon Initial Conditions: Foliage,Site ID Wetland: Estuarine Emergent,7,7,74.08757999999999,1
Wetland: Estuarine Emergent Carbon Initial Conditions: Foliage,Site ID Wetland: Estuarine Emergent,25,25,74.08757999999999,1
Wetland: Estuarine Emergent Carbon Initial Conditions: Foliage,Site ID Wetland: Estuarine Emergent,43,43,74.08757999999999,1
Wetland: Estuarine Emergent Carbon Initial Conditions: Foliage,Site ID Wetland: Estuarine Emergent,61,61,74.08757999999999,1
Wetland: Estuarine Emergent Carbon Initial Conditions: Foliage,Site ID Wetland: Estuarine Emergent,79,79,74.08757999999999,1
Wetland: Estuarine Emergent Carbon Initial Conditions: Foliage,Site ID Wetland: Estuarine Emergent,97,97,74.08757999999999,1
Wetland: Estuarine Emergent Carbon Initial Conditions: Foliage,Site ID Wetland: Estuarine Emergent,115,115,74.08757999999999,1
Wetland: Estuarine Emergent Carbon Initial Conditions: Foliage,Site ID Wetland: Estuarine Emergent,133,133,74.08757999999999,1
Wetland: Estuarine Emergent Carbon Initial Conditions: Foliage,Site ID Wetland: Estuarine Emergent,151,151,74.08757999999999,1
Wetland: Estuarine Emergent Carbon Initial Conditions: Foliage,Site ID Wetland: Estuarine Emergent,8,8,37.832671999999995,1
Wetland: Estuarine Emergent Carbon Initial Conditions: Foliage,Site ID Wetland: Estuarine Emergent,26,26,37.832671999999995,1
Wetland: Estuarine Emergent Carbon Initial Conditions: Foliage,Site ID Wetland: Estuarine Emergent,44,44,37.832671999999995,1
Wetland: Estuarine Emergent Carbon Initial Conditions: Foliage,Site ID Wetland: Estuarine Emergent,62,62,37.832671999999995,1
Wetland: Estuarine Emergent Carbon Initial Conditions: Foliage,Site ID Wetland: Estuarine Emergent,80,80,37.832671999999995,1
Wetland: Estuarine Emergent Carbon Initial Conditions: Foliage,Site ID Wetland: Estuarine Emergent,98,98,37.832671999999995,1
Wetland: Estuarine Emergent Carbon Initial Conditions: Foliage,Site ID Wetland: Estuarine Emergent,116,116,37.832671999999995,1
Wetland: Estuarine Emergent Carbon Initial Conditions: Foliage,Site ID Wetland: Estuarine Emergent,134,134,37.832671999999995,1
Wetland: Estuarine Emergent Carbon Initial Conditions: Foliage,Site ID Wetland: Estuarine Emergent,152,152,37.832671999999995,1
Wetland: Palustrine Emergent Carbon Initial Conditions: Foliage,Site ID Wetland: Palustrine Emergent,3,3,21.804703800000002,1
Wetland: Palustrine Emergent Carbon Initial Conditions: Foliage,Site ID Wetland: Palustrine Emergent,9,9,21.804703800000002,1
Wetland: Palustrine Emergent Carbon Initial Conditions: Foliage,Site ID Wetland: Palustrine Emergent,4,4,24.1776944,1
Wetland: Palustrine Emergent Carbon Initial Conditions: Foliage,Site ID Wetland: Palustrine Emergent,10,10,24.1776944,1
Wetland: Estuarine Emergent Carbon Initial Conditions: Foliage,Site ID Wetland: Estuarine Emergent,9,9,59.89478463999999,1
Wetland: Estuarine Emergent Carbon Initial Conditions: Foliage,Site ID Wetland: Estuarine Emergent,27,27,59.89478463999999,1
Wetland: Estuarine Emergent Carbon Initial Conditions: Foliage,Site ID Wetland: Estuarine Emergent,45,45,59.89478463999999,1
Wetland: Estuarine Emergent Carbon Initial Conditions: Foliage,Site ID Wetland: Estuarine Emergent,63,63,59.89478463999999,1
Wetland: Estuarine Emergent Carbon Initial Conditions: Foliage,Site ID Wetland: Estuarine Emergent,81,81,59.89478463999999,1
Wetland: Estuarine Emergent Carbon Initial Conditions: Foliage,Site ID Wetland: Estuarine Emergent,99,99,59.89478463999999,1
Wetland: Estuarine Emergent Carbon Initial Conditions: Foliage,Site ID Wetland: Estuarine Emergent,117,117,59.89478463999999,1
Wetland: Estuarine Emergent Carbon Initial Conditions: Foliage,Site ID Wetland: Estuarine Emergent,135,135,59.89478463999999,1
Wetland: Estuarine Emergent Carbon Initial Conditions: Foliage,Site ID Wetland: Estuarine Emergent,153,153,59.89478463999999,1
Wetland: Palustrine Emergent Carbon Initial Conditions: Foliage,Site ID Wetland: Palustrine Emergent,5,5,9.785250000000001,1
Wetland: Palustrine Emergent Carbon Initial Conditions: Foliage,Site ID Wetland: Palustrine Emergent,11,11,9.785250000000001,1
Wetland: Estuarine Emergent Carbon Initial Conditions: Foliage,Site ID Wetland: Estuarine Emergent,10,10,66.410123,1
Wetland: Estuarine Emergent Carbon Initial Conditions: Foliage,Site ID Wetland: Estuarine Emergent,28,28,66.410123,1
Wetland: Estuarine Emergent Carbon Initial Conditions: Foliage,Site ID Wetland: Estuarine Emergent,46,46,66.410123,1
Wetland: Estuarine Emergent Carbon Initial Conditions: Foliage,Site ID Wetland: Estuarine Emergent,64,64,66.410123,1
Wetland: Estuarine Emergent Carbon Initial Conditions: Foliage,Site ID Wetland: Estuarine Emergent,82,82,66.410123,1
Wetland: Estuarine Emergent Carbon Initial Conditions: Foliage,Site ID Wetland: Estuarine Emergent,100,100,66.410123,1
Wetland: Estuarine Emergent Carbon Initial Conditions: Foliage,Site ID Wetland: Estuarine Emergent,118,118,66.410123,1
Wetland: Estuarine Emergent Carbon Initial Conditions: Foliage,Site ID Wetland: Estuarine Emergent,136,136,66.410123,1
Wetland: Estuarine Emergent Carbon Initial Conditions: Foliage,Site ID Wetland: Estuarine Emergent,154,154,66.410123,1
Wetland: Estuarine Emergent Carbon Initial Conditions: Foliage,Site ID Wetland: Estuarine Emergent,11,11,166.18654400000003,1
Wetland: Estuarine Emergent Carbon Initial Conditions: Foliage,Site ID Wetland: Estuarine Emergent,29,29,166.18654400000003,1
Wetland: Estuarine Emergent Carbon Initial Conditions: Foliage,Site ID Wetland: Estuarine Emergent,47,47,166.18654400000003,1
Wetland: Estuarine Emergent Carbon Initial Conditions: Foliage,Site ID Wetland: Estuarine Emergent,65,65,166.18654400000003,1
Wetland: Estuarine Emergent Carbon Initial Conditions: Foliage,Site ID Wetland: Estuarine Emergent,83,83,166.18654400000003,1
Wetland: Estuarine Emergent Carbon Initial Conditions: Foliage,Site ID Wetland: Estuarine Emergent,101,101,166.18654400000003,1
Wetland: Estuarine Emergent Carbon Initial Conditions: Foliage,Site ID Wetland: Estuarine Emergent,119,119,166.18654400000003,1
Wetland: Estuarine Emergent Carbon Initial Conditions: Foliage,Site ID Wetland: Estuarine Emergent,137,137,166.18654400000003,1
Wetland: Estuarine Emergent Carbon Initial Conditions: Foliage,Site ID Wetland: Estuarine Emergent,155,155,166.18654400000003,1
Wetland: Estuarine Emergent Carbon Initial Conditions: Foliage,Site ID Wetland: Estuarine Emergent,12,12,35.8443842,1
Wetland: Estuarine Emergent Carbon Initial Conditions: Foliage,Site ID Wetland: Estuarine Emergent,30,30,35.8443842,1
Wetland: Estuarine Emergent Carbon Initial Conditions: Foliage,Site ID Wetland: Estuarine Emergent,48,48,35.8443842,1
Wetland: Estuarine Emergent Carbon Initial Conditions: Foliage,Site ID Wetland: Estuarine Emergent,66,66,35.8443842,1
Wetland: Estuarine Emergent Carbon Initial Conditions: Foliage,Site ID Wetland: Estuarine Emergent,84,84,35.8443842,1
Wetland: Estuarine Emergent Carbon Initial Conditions: Foliage,Site ID Wetland: Estuarine Emergent,102,102,35.8443842,1
Wetland: Estuarine Emergent Carbon Initial Conditions: Foliage,Site ID Wetland: Estuarine Emergent,120,120,35.8443842,1
Wetland: Estuarine Emergent Carbon Initial Conditions: Foliage,Site ID Wetland: Estuarine Emergent,138,138,35.8443842,1
Wetland: Estuarine Emergent Carbon Initial Conditions: Foliage,Site ID Wetland: Estuarine Emergent,156,156,35.8443842,1
Wetland: Estuarine Emergent Carbon Initial Conditions: Foliage,Site ID Wetland: Estuarine Emergent,13,13,442.0395,1
Wetland: Estuarine Emergent Carbon Initial Conditions: Foliage,Site ID Wetland: Estuarine Emergent,31,31,442.0395,1
Wetland: Estuarine Emergent Carbon Initial Conditions: Foliage,Site ID Wetland: Estuarine Emergent,49,49,442.0395,1
Wetland: Estuarine Emergent Carbon Initial Conditions: Foliage,Site ID Wetland: Estuarine Emergent,67,67,442.0395,1
Wetland: Estuarine Emergent Carbon Initial Conditions: Foliage,Site ID Wetland: Estuarine Emergent,85,85,442.0395,1
Wetland: Estuarine Emergent Carbon Initial Conditions: Foliage,Site ID Wetland: Estuarine Emergent,103,103,442.0395,1
Wetland: Estuarine Emergent Carbon Initial Conditions: Foliage,Site ID Wetland: Estuarine Emergent,121,121,442.0395,1
Wetland: Estuarine Emergent Carbon Initial Conditions: Foliage,Site ID Wetland: Estuarine Emergent,139,139,442.0395,1
Wetland: Estuarine Emergent Carbon Initial Conditions: Foliage,Site ID Wetland: Estuarine Emergent,157,157,442.0395,1
Wetland: Palustrine Emergent Carbon Initial Conditions: Foliage,Site ID Wetland: Palustrine Emergent,6,6,78.47012880000001,1
Wetland: Palustrine Emergent Carbon Initial Conditions: Foliage,Site ID Wetland: Palustrine Emergent,12,12,78.47012880000001,1
Wetland: Estuarine Emergent Carbon Initial Conditions: Foliage,Site ID Wetland: Estuarine Emergent,14,14,209.36133071999998,1
Wetland: Estuarine Emergent Carbon Initial Conditions: Foliage,Site ID Wetland: Estuarine Emergent,32,32,209.36133071999998,1
Wetland: Estuarine Emergent Carbon Initial Conditions: Foliage,Site ID Wetland: Estuarine Emergent,50,50,209.36133071999998,1
Wetland: Estuarine Emergent Carbon Initial Conditions: Foliage,Site ID Wetland: Estuarine Emergent,68,68,209.36133071999998,1
Wetland: Estuarine Emergent Carbon Initial Conditions: Foliage,Site ID Wetland: Estuarine Emergent,86,86,209.36133071999998,1
Wetland: Estuarine Emergent Carbon Initial Conditions: Foliage,Site ID Wetland: Estuarine Emergent,104,104,209.36133071999998,1
Wetland: Estuarine Emergent Carbon Initial Conditions: Foliage,Site ID Wetland: Estuarine Emergent,122,122,209.36133071999998,1
Wetland: Estuarine Emergent Carbon Initial Conditions: Foliage,Site ID Wetland: Estuarine Emergent,140,140,209.36133071999998,1
Wetland: Estuarine Emergent Carbon Initial Conditions: Foliage,Site ID Wetland: Estuarine Emergent,158,158,209.36133071999998,1
Wetland: Estuarine Emergent Carbon Initial Conditions: Foliage,Site ID Wetland: Estuarine Emergent,15,15,98.69943696,1
Wetland: Estuarine Emergent Carbon Initial Conditions: Foliage,Site ID Wetland: Estuarine Emergent,33,33,98.69943696,1
Wetland: Estuarine Emergent Carbon Initial Conditions: Foliage,Site ID Wetland: Estuarine Emergent,51,51,98.69943696,1
Wetland: Estuarine Emergent Carbon Initial Conditions: Foliage,Site ID Wetland: Estuarine Emergent,69,69,98.69943696,1
Wetland: Estuarine Emergent Carbon Initial Conditions: Foliage,Site ID Wetland: Estuarine Emergent,87,87,98.69943696,1
Wetland: Estuarine Emergent Carbon Initial Conditions: Foliage,Site ID Wetland: Estuarine Emergent,105,105,98.69943696,1
Wetland: Estuarine Emergent Carbon Initial Conditions: Foliage,Site ID Wetland: Estuarine Emergent,123,123,98.69943696,1
Wetland: Estuarine Emergent Carbon Initial Conditions: Foliage,Site ID Wetland: Estuarine Emergent,141,141,98.69943696,1
Wetland: Estuarine Emergent Carbon Initial Conditions: Foliage,Site ID Wetland: Estuarine Emergent,159,159,98.69943696,1
Wetland: Estuarine Emergent Carbon Initial Conditions: Foliage,Site ID Wetland: Estuarine Emergent,16,16,32.4421904,1
Wetland: Estuarine Emergent Carbon Initial Conditions: Foliage,Site ID Wetland: Estuarine Emergent,34,34,32.4421904,1
Wetland: Estuarine Emergent Carbon Initial Conditions: Foliage,Site ID Wetland: Estuarine Emergent,52,52,32.4421904,1
Wetland: Estuarine Emergent Carbon Initial Conditions: Foliage,Site ID Wetland: Estuarine Emergent,70,70,32.4421904,1
Wetland: Estuarine Emergent Carbon Initial Conditions: Foliage,Site ID Wetland: Estuarine Emergent,88,88,32.4421904,1
Wetland: Estuarine Emergent Carbon Initial Conditions: Foliage,Site ID Wetland: Estuarine Emergent,106,106,32.4421904,1
Wetland: Estuarine Emergent Carbon Initial Conditions: Foliage,Site ID Wetland: Estuarine Emergent,124,124,32.4421904,1
Wetland: Estuarine Emergent Carbon Initial Conditions: Foliage,Site ID Wetland: Estuarine Emergent,142,142,32.4421904,1
Wetland: Estuarine Emergent Carbon Initial Conditions: Foliage,Site ID Wetland: Estuarine Emergent,160,160,32.4421904,1
Wetland: Estuarine Emergent Carbon Initial Conditions: Foliage,Site ID Wetland: Estuarine Emergent,17,17,202.07004935999998,1
Wetland: Estuarine Emergent Carbon Initial Conditions: Foliage,Site ID Wetland: Estuarine Emergent,35,35,202.07004935999998,1
Wetland: Estuarine Emergent Carbon Initial Conditions: Foliage,Site ID Wetland: Estuarine Emergent,53,53,202.07004935999998,1
Wetland: Estuarine Emergent Carbon Initial Conditions: Foliage,Site ID Wetland: Estuarine Emergent,71,71,202.07004935999998,1
Wetland: Estuarine Emergent Carbon Initial Conditions: Foliage,Site ID Wetland: Estuarine Emergent,89,89,202.07004935999998,1
Wetland: Estuarine Emergent Carbon Initial Conditions: Foliage,Site ID Wetland: Estuarine Emergent,107,107,202.07004935999998,1
Wetland: Estuarine Emergent Carbon Initial Conditions: Foliage,Site ID Wetland: Estuarine Emergent,125,125,202.07004935999998,1
Wetland: Estuarine Emergent Carbon Initial Conditions: Foliage,Site ID Wetland: Estuarine Emergent,143,143,202.07004935999998,1
Wetland: Estuarine Emergent Carbon Initial Conditions: Foliage,Site ID Wetland: Estuarine Emergent,161,161,202.07004935999998,1
Wetland: Estuarine Emergent Carbon Initial Conditions: Foliage,Site ID Wetland: Estuarine Emergent,18,18,266.78181759999995,1
Wetland: Estuarine Emergent Carbon Initial Conditions: Foliage,Site ID Wetland: Estuarine Emergent,36,36,266.78181759999995,1
Wetland: Estuarine Emergent Carbon Initial Conditions: Foliage,Site ID Wetland: Estuarine Emergent,54,54,266.78181759999995,1
Wetland: Estuarine Emergent Carbon Initial Conditions: Foliage,Site ID Wetland: Estuarine Emergent,72,72,266.78181759999995,1
Wetland: Estuarine Emergent Carbon Initial Conditions: Foliage,Site ID Wetland: Estuarine Emergent,90,90,266.78181759999995,1
Wetland: Estuarine Emergent Carbon Initial Conditions: Foliage,Site ID Wetland: Estuarine Emergent,108,108,266.78181759999995,1
Wetland: Estuarine Emergent Carbon Initial Conditions: Foliage,Site ID Wetland: Estuarine Emergent,126,126,266.78181759999995,1
Wetland: Estuarine Emergent Carbon Initial Conditions: Foliage,Site ID Wetland: Estuarine Emergent,144,144,266.78181759999995,1
Wetland: Estuarine Emergent Carbon Initial Conditions: Foliage,Site ID Wetland: Estuarine Emergent,162,162,266.78181759999995,1
Wetland: Estuarine Emergent Carbon Initial Conditions: Fine Roots,Site ID Wetland: Estuarine Emergent,1,1,120.79594585987263,1
Wetland: Estuarine Emergent Carbon Initial Conditions: Fine Roots,Site ID Wetland: Estuarine Emergent,19,19,120.79594585987263,1
Wetland: Estuarine Emergent Carbon Initial Conditions: Fine Roots,Site ID Wetland: Estuarine Emergent,37,37,120.79594585987263,1
Wetland: Estuarine Emergent Carbon Initial Conditions: Fine Roots,Site ID Wetland: Estuarine Emergent,55,55,120.79594585987263,1
Wetland: Estuarine Emergent Carbon Initial Conditions: Fine Roots,Site ID Wetland: Estuarine Emergent,73,73,120.79594585987263,1
Wetland: Estuarine Emergent Carbon Initial Conditions: Fine Roots,Site ID Wetland: Estuarine Emergent,91,91,120.79594585987263,1
Wetland: Estuarine Emergent Carbon Initial Conditions: Fine Roots,Site ID Wetland: Estuarine Emergent,109,109,120.79594585987263,1
Wetland: Estuarine Emergent Carbon Initial Conditions: Fine Roots,Site ID Wetland: Estuarine Emergent,127,127,120.79594585987263,1
Wetland: Estuarine Emergent Carbon Initial Conditions: Fine Roots,Site ID Wetland: Estuarine Emergent,145,145,120.79594585987263,1
Wetland: Estuarine Emergent Carbon Initial Conditions: Fine Roots,Site ID Wetland: Estuarine Emergent,2,2,225.56610191082805,1
Wetland: Estuarine Emergent Carbon Initial Conditions: Fine Roots,Site ID Wetland: Estuarine Emergent,20,20,225.56610191082805,1
Wetland: Estuarine Emergent Carbon Initial Conditions: Fine Roots,Site ID Wetland: Estuarine Emergent,38,38,225.56610191082805,1
Wetland: Estuarine Emergent Carbon Initial Conditions: Fine Roots,Site ID Wetland: Estuarine Emergent,56,56,225.56610191082805,1
Wetland: Estuarine Emergent Carbon Initial Conditions: Fine Roots,Site ID Wetland: Estuarine Emergent,74,74,225.56610191082805,1
Wetland: Estuarine Emergent Carbon Initial Conditions: Fine Roots,Site ID Wetland: Estuarine Emergent,92,92,225.56610191082805,1
Wetland: Estuarine Emergent Carbon Initial Conditions: Fine Roots,Site ID Wetland: Estuarine Emergent,110,110,225.56610191082805,1
Wetland: Estuarine Emergent Carbon Initial Conditions: Fine Roots,Site ID Wetland: Estuarine Emergent,128,128,225.56610191082805,1
Wetland: Estuarine Emergent Carbon Initial Conditions: Fine Roots,Site ID Wetland: Estuarine Emergent,146,146,225.56610191082805,1
Wetland: Palustrine Emergent Carbon Initial Conditions: Fine Roots,Site ID Wetland: Palustrine Emergent,1,1,505.1845222929937,1
Wetland: Palustrine Emergent Carbon Initial Conditions: Fine Roots,Site ID Wetland: Palustrine Emergent,7,7,505.1845222929937,1
Wetland: Estuarine Emergent Carbon Initial Conditions: Fine Roots,Site ID Wetland: Estuarine Emergent,3,3,463.22545222929944,1
Wetland: Estuarine Emergent Carbon Initial Conditions: Fine Roots,Site ID Wetland: Estuarine Emergent,21,21,463.22545222929944,1
Wetland: Estuarine Emergent Carbon Initial Conditions: Fine Roots,Site ID Wetland: Estuarine Emergent,39,39,463.22545222929944,1
Wetland: Estuarine Emergent Carbon Initial Conditions: Fine Roots,Site ID Wetland: Estuarine Emergent,57,57,463.22545222929944,1
Wetland: Estuarine Emergent Carbon Initial Conditions: Fine Roots,Site ID Wetland: Estuarine Emergent,75,75,463.22545222929944,1
Wetland: Estuarine Emergent Carbon Initial Conditions: Fine Roots,Site ID Wetland: Estuarine Emergent,93,93,463.22545222929944,1
Wetland: Estuarine Emergent Carbon Initial Conditions: Fine Roots,Site ID Wetland: Estuarine Emergent,111,111,463.22545222929944,1
Wetland: Estuarine Emergent Carbon Initial Conditions: Fine Roots,Site ID Wetland: Estuarine Emergent,129,129,463.22545222929944,1
Wetland: Estuarine Emergent Carbon Initial Conditions: Fine Roots,Site ID Wetland: Estuarine Emergent,147,147,463.22545222929944,1
Wetland: Estuarine Emergent Carbon Initial Conditions: Fine Roots,Site ID Wetland: Estuarine Emergent,4,4,419.3215796178344,1
Wetland: Estuarine Emergent Carbon Initial Conditions: Fine Roots,Site ID Wetland: Estuarine Emergent,22,22,419.3215796178344,1
Wetland: Estuarine Emergent Carbon Initial Conditions: Fine Roots,Site ID Wetland: Estuarine Emergent,40,40,419.3215796178344,1
Wetland: Estuarine Emergent Carbon Initial Conditions: Fine Roots,Site ID Wetland: Estuarine Emergent,58,58,419.3215796178344,1
Wetland: Estuarine Emergent Carbon Initial Conditions: Fine Roots,Site ID Wetland: Estuarine Emergent,76,76,419.3215796178344,1
Wetland: Estuarine Emergent Carbon Initial Conditions: Fine Roots,Site ID Wetland: Estuarine Emergent,94,94,419.3215796178344,1
Wetland: Estuarine Emergent Carbon Initial Conditions: Fine Roots,Site ID Wetland: Estuarine Emergent,112,112,419.3215796178344,1
Wetland: Estuarine Emergent Carbon Initial Conditions: Fine Roots,Site ID Wetland: Estuarine Emergent,130,130,419.3215796178344,1
Wetland: Estuarine Emergent Carbon Initial Conditions: Fine Roots,Site ID Wetland: Estuarine Emergent,148,148,419.3215796178344,1
Wetland: Estuarine Emergent Carbon Initial Conditions: Fine Roots,Site ID Wetland: Estuarine Emergent,5,5,684.7753375796179,1
Wetland: Estuarine Emergent Carbon Initial Conditions: Fine Roots,Site ID Wetland: Estuarine Emergent,23,23,684.7753375796179,1
Wetland: Estuarine Emergent Carbon Initial Conditions: Fine Roots,Site ID Wetland: Estuarine Emergent,41,41,684.7753375796179,1
Wetland: Estuarine Emergent Carbon Initial Conditions: Fine Roots,Site ID Wetland: Estuarine Emergent,59,59,684.7753375796179,1
Wetland: Estuarine Emergent Carbon Initial Conditions: Fine Roots,Site ID Wetland: Estuarine Emergent,77,77,684.7753375796179,1
Wetland: Estuarine Emergent Carbon Initial Conditions: Fine Roots,Site ID Wetland: Estuarine Emergent,95,95,684.7753375796179,1
Wetland: Estuarine Emergent Carbon Initial Conditions: Fine Roots,Site ID Wetland: Estuarine Emergent,113,113,684.7753375796179,1
Wetland: Estuarine Emergent Carbon Initial Conditions: Fine Roots,Site ID Wetland: Estuarine Emergent,131,131,684.7753375796179,1
Wetland: Estuarine Emergent Carbon Initial Conditions: Fine Roots,Site ID Wetland: Estuarine Emergent,149,149,684.7753375796179,1
Wetland: Estuarine Emergent Carbon Initial Conditions: Fine Roots,Site ID Wetland: Estuarine Emergent,6,6,257.18847133757964,1
Wetland: Estuarine Emergent Carbon Initial Conditions: Fine Roots,Site ID Wetland: Estuarine Emergent,24,24,257.18847133757964,1
Wetland: Estuarine Emergent Carbon Initial Conditions: Fine Roots,Site ID Wetland: Estuarine Emergent,42,42,257.18847133757964,1
Wetland: Estuarine Emergent Carbon Initial Conditions: Fine Roots,Site ID Wetland: Estuarine Emergent,60,60,257.18847133757964,1
Wetland: Estuarine Emergent Carbon Initial Conditions: Fine Roots,Site ID Wetland: Estuarine Emergent,78,78,257.18847133757964,1
Wetland: Estuarine Emergent Carbon Initial Conditions: Fine Roots,Site ID Wetland: Estuarine Emergent,96,96,257.18847133757964,1
Wetland: Estuarine Emergent Carbon Initial Conditions: Fine Roots,Site ID Wetland: Estuarine Emergent,114,114,257.18847133757964,1
Wetland: Estuarine Emergent Carbon Initial Conditions: Fine Roots,Site ID Wetland: Estuarine Emergent,132,132,257.18847133757964,1
Wetland: Estuarine Emergent Carbon Initial Conditions: Fine Roots,Site ID Wetland: Estuarine Emergent,150,150,257.18847133757964,1
Wetland: Palustrine Emergent Carbon Initial Conditions: Fine Roots,Site ID Wetland: Palustrine Emergent,2,2,491.5352208067941,1
Wetland: Palustrine Emergent Carbon Initial Conditions: Fine Roots,Site ID Wetland: Palustrine Emergent,8,8,491.5352208067941,1
Wetland: Estuarine Emergent Carbon Initial Conditions: Fine Roots,Site ID Wetland: Estuarine Emergent,7,7,346.23172611464975,1
Wetland: Estuarine Emergent Carbon Initial Conditions: Fine Roots,Site ID Wetland: Estuarine Emergent,25,25,346.23172611464975,1
Wetland: Estuarine Emergent Carbon Initial Conditions: Fine Roots,Site ID Wetland: Estuarine Emergent,43,43,346.23172611464975,1
Wetland: Estuarine Emergent Carbon Initial Conditions: Fine Roots,Site ID Wetland: Estuarine Emergent,61,61,346.23172611464975,1
Wetland: Estuarine Emergent Carbon Initial Conditions: Fine Roots,Site ID Wetland: Estuarine Emergent,79,79,346.23172611464975,1
Wetland: Estuarine Emergent Carbon Initial Conditions: Fine Roots,Site ID Wetland: Estuarine Emergent,97,97,346.23172611464975,1
Wetland: Estuarine Emergent Carbon Initial Conditions: Fine Roots,Site ID Wetland: Estuarine Emergent,115,115,346.23172611464975,1
Wetland: Estuarine Emergent Carbon Initial Conditions: Fine Roots,Site ID Wetland: Estuarine Emergent,133,133,346.23172611464975,1
Wetland: Estuarine Emergent Carbon Initial Conditions: Fine Roots,Site ID Wetland: Estuarine Emergent,151,151,346.23172611464975,1
Wetland: Estuarine Emergent Carbon Initial Conditions: Fine Roots,Site ID Wetland: Estuarine Emergent,8,8,911.1648917197454,1
Wetland: Estuarine Emergent Carbon Initial Conditions: Fine Roots,Site ID Wetland: Estuarine Emergent,26,26,911.1648917197454,1
Wetland: Estuarine Emergent Carbon Initial Conditions: Fine Roots,Site ID Wetland: Estuarine Emergent,44,44,911.1648917197454,1
Wetland: Estuarine Emergent Carbon Initial Conditions: Fine Roots,Site ID Wetland: Estuarine Emergent,62,62,911.1648917197454,1
Wetland: Estuarine Emergent Carbon Initial Conditions: Fine Roots,Site ID Wetland: Estuarine Emergent,80,80,911.1648917197454,1
Wetland: Estuarine Emergent Carbon Initial Conditions: Fine Roots,Site ID Wetland: Estuarine Emergent,98,98,911.1648917197454,1
Wetland: Estuarine Emergent Carbon Initial Conditions: Fine Roots,Site ID Wetland: Estuarine Emergent,116,116,911.1648917197454,1
Wetland: Estuarine Emergent Carbon Initial Conditions: Fine Roots,Site ID Wetland: Estuarine Emergent,134,134,911.1648917197454,1
Wetland: Estuarine Emergent Carbon Initial Conditions: Fine Roots,Site ID Wetland: Estuarine Emergent,152,152,911.1648917197454,1
Wetland: Palustrine Emergent Carbon Initial Conditions: Fine Roots,Site ID Wetland: Palustrine Emergent,3,3,353.0928152866243,1
Wetland: Palustrine Emergent Carbon Initial Conditions: Fine Roots,Site ID Wetland: Palustrine Emergent,9,9,353.0928152866243,1
Wetland: Palustrine Emergent Carbon Initial Conditions: Fine Roots,Site ID Wetland: Palustrine Emergent,4,4,600.5317579617835,1
Wetland: Palustrine Emergent Carbon Initial Conditions: Fine Roots,Site ID Wetland: Palustrine Emergent,10,10,600.5317579617835,1
Wetland: Estuarine Emergent Carbon Initial Conditions: Fine Roots,Site ID Wetland: Estuarine Emergent,9,9,471.17113375796185,1
Wetland: Estuarine Emergent Carbon Initial Conditions: Fine Roots,Site ID Wetland: Estuarine Emergent,27,27,471.17113375796185,1
Wetland: Estuarine Emergent Carbon Initial Conditions: Fine Roots,Site ID Wetland: Estuarine Emergent,45,45,471.17113375796185,1
Wetland: Estuarine Emergent Carbon Initial Conditions: Fine Roots,Site ID Wetland: Estuarine Emergent,63,63,471.17113375796185,1
Wetland: Estuarine Emergent Carbon Initial Conditions: Fine Roots,Site ID Wetland: Estuarine Emergent,81,81,471.17113375796185,1
Wetland: Estuarine Emergent Carbon Initial Conditions: Fine Roots,Site ID Wetland: Estuarine Emergent,99,99,471.17113375796185,1
Wetland: Estuarine Emergent Carbon Initial Conditions: Fine Roots,Site ID Wetland: Estuarine Emergent,117,117,471.17113375796185,1
Wetland: Estuarine Emergent Carbon Initial Conditions: Fine Roots,Site ID Wetland: Estuarine Emergent,135,135,471.17113375796185,1
Wetland: Estuarine Emergent Carbon Initial Conditions: Fine Roots,Site ID Wetland: Estuarine Emergent,153,153,471.17113375796185,1
Wetland: Palustrine Emergent Carbon Initial Conditions: Fine Roots,Site ID Wetland: Palustrine Emergent,5,5,530.7042802547771,1
Wetland: Palustrine Emergent Carbon Initial Conditions: Fine Roots,Site ID Wetland: Palustrine Emergent,11,11,530.7042802547771,1
Wetland: Estuarine Emergent Carbon Initial Conditions: Fine Roots,Site ID Wetland: Estuarine Emergent,10,10,142.1258598726115,1
Wetland: Estuarine Emergent Carbon Initial Conditions: Fine Roots,Site ID Wetland: Estuarine Emergent,28,28,142.1258598726115,1
Wetland: Estuarine Emergent Carbon Initial Conditions: Fine Roots,Site ID Wetland: Estuarine Emergent,46,46,142.1258598726115,1
Wetland: Estuarine Emergent Carbon Initial Conditions: Fine Roots,Site ID Wetland: Estuarine Emergent,64,64,142.1258598726115,1
Wetland: Estuarine Emergent Carbon Initial Conditions: Fine Roots,Site ID Wetland: Estuarine Emergent,82,82,142.1258598726115,1
Wetland: Estuarine Emergent Carbon Initial Conditions: Fine Roots,Site ID Wetland: Estuarine Emergent,100,100,142.1258598726115,1
Wetland: Estuarine Emergent Carbon Initial Conditions: Fine Roots,Site ID Wetland: Estuarine Emergent,118,118,142.1258598726115,1
Wetland: Estuarine Emergent Carbon Initial Conditions: Fine Roots,Site ID Wetland: Estuarine Emergent,136,136,142.1258598726115,1
Wetland: Estuarine Emergent Carbon Initial Conditions: Fine Roots,Site ID Wetland: Estuarine Emergent,154,154,142.1258598726115,1
Wetland: Estuarine Emergent Carbon Initial Conditions: Fine Roots,Site ID Wetland: Estuarine Emergent,11,11,347.11259235668797,1
Wetland: Estuarine Emergent Carbon Initial Conditions: Fine Roots,Site ID Wetland: Estuarine Emergent,29,29,347.11259235668797,1
Wetland: Estuarine Emergent Carbon Initial Conditions: Fine Roots,Site ID Wetland: Estuarine Emergent,47,47,347.11259235668797,1
Wetland: Estuarine Emergent Carbon Initial Conditions: Fine Roots,Site ID Wetland: Estuarine Emergent,65,65,347.11259235668797,1
Wetland: Estuarine Emergent Carbon Initial Conditions: Fine Roots,Site ID Wetland: Estuarine Emergent,83,83,347.11259235668797,1
Wetland: Estuarine Emergent Carbon Initial Conditions: Fine Roots,Site ID Wetland: Estuarine Emergent,101,101,347.11259235668797,1
Wetland: Estuarine Emergent Carbon Initial Conditions: Fine Roots,Site ID Wetland: Estuarine Emergent,119,119,347.11259235668797,1
Wetland: Estuarine Emergent Carbon Initial Conditions: Fine Roots,Site ID Wetland: Estuarine Emergent,137,137,347.11259235668797,1
Wetland: Estuarine Emergent Carbon Initial Conditions: Fine Roots,Site ID Wetland: Estuarine Emergent,155,155,347.11259235668797,1
Wetland: Estuarine Emergent Carbon Initial Conditions: Fine Roots,Site ID Wetland: Estuarine Emergent,12,12,518.4414012738854,1
Wetland: Estuarine Emergent Carbon Initial Conditions: Fine Roots,Site ID Wetland: Estuarine Emergent,30,30,518.4414012738854,1
Wetland: Estuarine Emergent Carbon Initial Conditions: Fine Roots,Site ID Wetland: Estuarine Emergent,48,48,518.4414012738854,1
Wetland: Estuarine Emergent Carbon Initial Conditions: Fine Roots,Site ID Wetland: Estuarine Emergent,66,66,518.4414012738854,1
Wetland: Estuarine Emergent Carbon Initial Conditions: Fine Roots,Site ID Wetland: Estuarine Emergent,84,84,518.4414012738854,1
Wetland: Estuarine Emergent Carbon Initial Conditions: Fine Roots,Site ID Wetland: Estuarine Emergent,102,102,518.4414012738854,1
Wetland: Estuarine Emergent Carbon Initial Conditions: Fine Roots,Site ID Wetland: Estuarine Emergent,120,120,518.4414012738854,1
Wetland: Estuarine Emergent Carbon Initial Conditions: Fine Roots,Site ID Wetland: Estuarine Emergent,138,138,518.4414012738854,1
Wetland: Estuarine Emergent Carbon Initial Conditions: Fine Roots,Site ID Wetland: Estuarine Emergent,156,156,518.4414012738854,1
Wetland: Estuarine Emergent Carbon Initial Conditions: Fine Roots,Site ID Wetland: Estuarine Emergent,13,13,46.268866242038214,1
Wetland: Estuarine Emergent Carbon Initial Conditions: Fine Roots,Site ID Wetland: Estuarine Emergent,31,31,46.268866242038214,1
Wetland: Estuarine Emergent Carbon Initial Conditions: Fine Roots,Site ID Wetland: Estuarine Emergent,49,49,46.268866242038214,1
Wetland: Estuarine Emergent Carbon Initial Conditions: Fine Roots,Site ID Wetland: Estuarine Emergent,67,67,46.268866242038214,1
Wetland: Estuarine Emergent Carbon Initial Conditions: Fine Roots,Site ID Wetland: Estuarine Emergent,85,85,46.268866242038214,1
Wetland: Estuarine Emergent Carbon Initial Conditions: Fine Roots,Site ID Wetland: Estuarine Emergent,103,103,46.268866242038214,1
Wetland: Estuarine Emergent Carbon Initial Conditions: Fine Roots,Site ID Wetland: Estuarine Emergent,121,121,46.268866242038214,1
Wetland: Estuarine Emergent Carbon Initial Conditions: Fine Roots,Site ID Wetland: Estuarine Emergent,139,139,46.268866242038214,1
Wetland: Estuarine Emergent Carbon Initial Conditions: Fine Roots,Site ID Wetland: Estuarine Emergent,157,157,46.268866242038214,1
Wetland: Palustrine Emergent Carbon Initial Conditions: Fine Roots,Site ID Wetland: Palustrine Emergent,6,6,122.50766878980892,1
Wetland: Palustrine Emergent Carbon Initial Conditions: Fine Roots,Site ID Wetland: Palustrine Emergent,12,12,122.50766878980892,1
Wetland: Estuarine Emergent Carbon Initial Conditions: Fine Roots,Site ID Wetland: Estuarine Emergent,14,14,331.74888535031846,1
Wetland: Estuarine Emergent Carbon Initial Conditions: Fine Roots,Site ID Wetland: Estuarine Emergent,32,32,331.74888535031846,1
Wetland: Estuarine Emergent Carbon Initial Conditions: Fine Roots,Site ID Wetland: Estuarine Emergent,50,50,331.74888535031846,1
Wetland: Estuarine Emergent Carbon Initial Conditions: Fine Roots,Site ID Wetland: Estuarine Emergent,68,68,331.74888535031846,1
Wetland: Estuarine Emergent Carbon Initial Conditions: Fine Roots,Site ID Wetland: Estuarine Emergent,86,86,331.74888535031846,1
Wetland: Estuarine Emergent Carbon Initial Conditions: Fine Roots,Site ID Wetland: Estuarine Emergent,104,104,331.74888535031846,1
Wetland: Estuarine Emergent Carbon Initial Conditions: Fine Roots,Site ID Wetland: Estuarine Emergent,122,122,331.74888535031846,1
Wetland: Estuarine Emergent Carbon Initial Conditions: Fine Roots,Site ID Wetland: Estuarine Emergent,140,140,331.74888535031846,1
Wetland: Estuarine Emergent Carbon Initial Conditions: Fine Roots,Site ID Wetland: Estuarine Emergent,158,158,331.74888535031846,1
Wetland: Estuarine Emergent Carbon Initial Conditions: Fine Roots,Site ID Wetland: Estuarine Emergent,15,15,99.24099363057324,1
Wetland: Estuarine Emergent Carbon Initial Conditions: Fine Roots,Site ID Wetland: Estuarine Emergent,33,33,99.24099363057324,1
Wetland: Estuarine Emergent Carbon Initial Conditions: Fine Roots,Site ID Wetland: Estuarine Emergent,51,51,99.24099363057324,1
Wetland: Estuarine Emergent Carbon Initial Conditions: Fine Roots,Site ID Wetland: Estuarine Emergent,69,69,99.24099363057324,1
Wetland: Estuarine Emergent Carbon Initial Conditions: Fine Roots,Site ID Wetland: Estuarine Emergent,87,87,99.24099363057324,1
Wetland: Estuarine Emergent Carbon Initial Conditions: Fine Roots,Site ID Wetland: Estuarine Emergent,105,105,99.24099363057324,1
Wetland: Estuarine Emergent Carbon Initial Conditions: Fine Roots,Site ID Wetland: Estuarine Emergent,123,123,99.24099363057324,1
Wetland: Estuarine Emergent Carbon Initial Conditions: Fine Roots,Site ID Wetland: Estuarine Emergent,141,141,99.24099363057324,1
Wetland: Estuarine Emergent Carbon Initial Conditions: Fine Roots,Site ID Wetland: Estuarine Emergent,159,159,99.24099363057324,1
Wetland: Estuarine Emergent Carbon Initial Conditions: Fine Roots,Site ID Wetland: Estuarine Emergent,16,16,391.29914649681535,1
Wetland: Estuarine Emergent Carbon Initial Conditions: Fine Roots,Site ID Wetland: Estuarine Emergent,34,34,391.29914649681535,1
Wetland: Estuarine Emergent Carbon Initial Conditions: Fine Roots,Site ID Wetland: Estuarine Emergent,52,52,391.29914649681535,1
Wetland: Estuarine Emergent Carbon Initial Conditions: Fine Roots,Site ID Wetland: Estuarine Emergent,70,70,391.29914649681535,1
Wetland: Estuarine Emergent Carbon Initial Conditions: Fine Roots,Site ID Wetland: Estuarine Emergent,88,88,391.29914649681535,1
Wetland: Estuarine Emergent Carbon Initial Conditions: Fine Roots,Site ID Wetland: Estuarine Emergent,106,106,391.29914649681535,1
Wetland: Estuarine Emergent Carbon Initial Conditions: Fine Roots,Site ID Wetland: Estuarine Emergent,124,124,391.29914649681535,1
Wetland: Estuarine Emergent Carbon Initial Conditions: Fine Roots,Site ID Wetland: Estuarine Emergent,142,142,391.29914649681535,1
Wetland: Estuarine Emergent Carbon Initial Conditions: Fine Roots,Site ID Wetland: Estuarine Emergent,160,160,391.29914649681535,1
Wetland: Estuarine Emergent Carbon Initial Conditions: Fine Roots,Site ID Wetland: Estuarine Emergent,17,17,102.31763057324841,1
Wetland: Estuarine Emergent Carbon Initial Conditions: Fine Roots,Site ID Wetland: Estuarine Emergent,35,35,102.31763057324841,1
Wetland: Estuarine Emergent Carbon Initial Conditions: Fine Roots,Site ID Wetland: Estuarine Emergent,53,53,102.31763057324841,1
Wetland: Estuarine Emergent Carbon Initial Conditions: Fine Roots,Site ID Wetland: Estuarine Emergent,71,71,102.31763057324841,1
Wetland: Estuarine Emergent Carbon Initial Conditions: Fine Roots,Site ID Wetland: Estuarine Emergent,89,89,102.31763057324841,1
Wetland: Estuarine Emergent Carbon Initial Conditions: Fine Roots,Site ID Wetland: Estuarine Emergent,107,107,102.31763057324841,1
Wetland: Estuarine Emergent Carbon Initial Conditions: Fine Roots,Site ID Wetland: Estuarine Emergent,125,125,102.31763057324841,1
Wetland: Estuarine Emergent Carbon Initial Conditions: Fine Roots,Site ID Wetland: Estuarine Emergent,143,143,102.31763057324841,1
Wetland: Estuarine Emergent Carbon Initial Conditions: Fine Roots,Site ID Wetland: Estuarine Emergent,161,161,102.31763057324841,1
Wetland: Estuarine Emergent Carbon Initial Conditions: Fine Roots,Site ID Wetland: Estuarine Emergent,18,18,354.11273885350323,1
Wetland: Estuarine Emergent Carbon Initial Conditions: Fine Roots,Site ID Wetland: Estuarine Emergent,36,36,354.11273885350323,1
Wetland: Estuarine Emergent Carbon Initial Conditions: Fine Roots,Site ID Wetland: Estuarine Emergent,54,54,354.11273885350323,1
Wetland: Estuarine Emergent Carbon Initial Conditions: Fine Roots,Site ID Wetland: Estuarine Emergent,72,72,354.11273885350323,1
Wetland: Estuarine Emergent Carbon Initial Conditions: Fine Roots,Site ID Wetland: Estuarine Emergent,90,90,354.11273885350323,1
Wetland: Estuarine Emergent Carbon Initial Conditions: Fine Roots,Site ID Wetland: Estuarine Emergent,108,108,354.11273885350323,1
Wetland: Estuarine Emergent Carbon Initial Conditions: Fine Roots,Site ID Wetland: Estuarine Emergent,126,126,354.11273885350323,1
Wetland: Estuarine Emergent Carbon Initial Conditions: Fine Roots,Site ID Wetland: Estuarine Emergent,144,144,354.11273885350323,1
Wetland: Estuarine Emergent Carbon Initial Conditions: Fine Roots,Site ID Wetland: Estuarine Emergent,162,162,354.11273885350323,1
Wetland: Estuarine Emergent Carbon Initial Conditions: Aboveground Very Fast,Site ID Wetland: Estuarine Emergent,1,1,606.9507688000001,1
Wetland: Estuarine Emergent Carbon Initial Conditions: Aboveground Very Fast,Site ID Wetland: Estuarine Emergent,19,19,606.9507688000001,1
Wetland: Estuarine Emergent Carbon Initial Conditions: Aboveground Very Fast,Site ID Wetland: Estuarine Emergent,37,37,606.9507688000001,1
Wetland: Estuarine Emergent Carbon Initial Conditions: Aboveground Very Fast,Site ID Wetland: Estuarine Emergent,55,55,606.9507688000001,1
Wetland: Estuarine Emergent Carbon Initial Conditions: Aboveground Very Fast,Site ID Wetland: Estuarine Emergent,73,73,606.9507688000001,1
Wetland: Estuarine Emergent Carbon Initial Conditions: Aboveground Very Fast,Site ID Wetland: Estuarine Emergent,91,91,606.9507688000001,1
Wetland: Estuarine Emergent Carbon Initial Conditions: Aboveground Very Fast,Site ID Wetland: Estuarine Emergent,109,109,606.9507688000001,1
Wetland: Estuarine Emergent Carbon Initial Conditions: Aboveground Very Fast,Site ID Wetland: Estuarine Emergent,127,127,606.9507688000001,1
Wetland: Estuarine Emergent Carbon Initial Conditions: Aboveground Very Fast,Site ID Wetland: Estuarine Emergent,145,145,606.9507688000001,1
Wetland: Estuarine Emergent Carbon Initial Conditions: Aboveground Very Fast,Site ID Wetland: Estuarine Emergent,2,2,99.6337068,1
Wetland: Estuarine Emergent Carbon Initial Conditions: Aboveground Very Fast,Site ID Wetland: Estuarine Emergent,20,20,99.6337068,1
Wetland: Estuarine Emergent Carbon Initial Conditions: Aboveground Very Fast,Site ID Wetland: Estuarine Emergent,38,38,99.6337068,1
Wetland: Estuarine Emergent Carbon Initial Conditions: Aboveground Very Fast,Site ID Wetland: Estuarine Emergent,56,56,99.6337068,1
Wetland: Estuarine Emergent Carbon Initial Conditions: Aboveground Very Fast,Site ID Wetland: Estuarine Emergent,74,74,99.6337068,1
Wetland: Estuarine Emergent Carbon Initial Conditions: Aboveground Very Fast,Site ID Wetland: Estuarine Emergent,92,92,99.6337068,1
Wetland: Estuarine Emergent Carbon Initial Conditions: Aboveground Very Fast,Site ID Wetland: Estuarine Emergent,110,110,99.6337068,1
Wetland: Estuarine Emergent Carbon Initial Conditions: Aboveground Very Fast,Site ID Wetland: Estuarine Emergent,128,128,99.6337068,1
Wetland: Estuarine Emergent Carbon Initial Conditions: Aboveground Very Fast,Site ID Wetland: Estuarine Emergent,146,146,99.6337068,1
Wetland: Palustrine Emergent Carbon Initial Conditions: Aboveground Very Fast,Site ID Wetland: Palustrine Emergent,1,1,265.1979264,1
Wetland: Palustrine Emergent Carbon Initial Conditions: Aboveground Very Fast,Site ID Wetland: Palustrine Emergent,7,7,265.1979264,1
Wetland: Estuarine Emergent Carbon Initial Conditions: Aboveground Very Fast,Site ID Wetland: Estuarine Emergent,3,3,329.30417364000004,1
Wetland: Estuarine Emergent Carbon Initial Conditions: Aboveground Very Fast,Site ID Wetland: Estuarine Emergent,21,21,329.30417364000004,1
Wetland: Estuarine Emergent Carbon Initial Conditions: Aboveground Very Fast,Site ID Wetland: Estuarine Emergent,39,39,329.30417364000004,1
Wetland: Estuarine Emergent Carbon Initial Conditions: Aboveground Very Fast,Site ID Wetland: Estuarine Emergent,57,57,329.30417364000004,1
Wetland: Estuarine Emergent Carbon Initial Conditions: Aboveground Very Fast,Site ID Wetland: Estuarine Emergent,75,75,329.30417364000004,1
Wetland: Estuarine Emergent Carbon Initial Conditions: Aboveground Very Fast,Site ID Wetland: Estuarine Emergent,93,93,329.30417364000004,1
Wetland: Estuarine Emergent Carbon Initial Conditions: Aboveground Very Fast,Site ID Wetland: Estuarine Emergent,111,111,329.30417364000004,1
Wetland: Estuarine Emergent Carbon Initial Conditions: Aboveground Very Fast,Site ID Wetland: Estuarine Emergent,129,129,329.30417364000004,1
Wetland: Estuarine Emergent Carbon Initial Conditions: Aboveground Very Fast,Site ID Wetland: Estuarine Emergent,147,147,329.30417364000004,1
Wetland: Estuarine Emergent Carbon Initial Conditions: Aboveground Very Fast,Site ID Wetland: Estuarine Emergent,4,4,194.2172506,1
Wetland: Estuarine Emergent Carbon Initial Conditions: Aboveground Very Fast,Site ID Wetland: Estuarine Emergent,22,22,194.2172506,1
Wetland: Estuarine Emergent Carbon Initial Conditions: Aboveground Very Fast,Site ID Wetland: Estuarine Emergent,40,40,194.2172506,1
Wetland: Estuarine Emergent Carbon Initial Conditions: Aboveground Very Fast,Site ID Wetland: Estuarine Emergent,58,58,194.2172506,1
Wetland: Estuarine Emergent Carbon Initial Conditions: Aboveground Very Fast,Site ID Wetland: Estuarine Emergent,76,76,194.2172506,1
Wetland: Estuarine Emergent Carbon Initial Conditions: Aboveground Very Fast,Site ID Wetland: Estuarine Emergent,94,94,194.2172506,1
Wetland: Estuarine Emergent Carbon Initial Conditions: Aboveground Very Fast,Site ID Wetland: Estuarine Emergent,112,112,194.2172506,1
Wetland: Estuarine Emergent Carbon Initial Conditions: Aboveground Very Fast,Site ID Wetland: Estuarine Emergent,130,130,194.2172506,1
Wetland: Estuarine Emergent Carbon Initial Conditions: Aboveground Very Fast,Site ID Wetland: Estuarine Emergent,148,148,194.2172506,1
Wetland: Estuarine Emergent Carbon Initial Conditions: Aboveground Very Fast,Site ID Wetland: Estuarine Emergent,5,5,253.65294079999998,1
Wetland: Estuarine Emergent Carbon Initial Conditions: Aboveground Very Fast,Site ID Wetland: Estuarine Emergent,23,23,253.65294079999998,1
Wetland: Estuarine Emergent Carbon Initial Conditions: Aboveground Very Fast,Site ID Wetland: Estuarine Emergent,41,41,253.65294079999998,1
Wetland: Estuarine Emergent Carbon Initial Conditions: Aboveground Very Fast,Site ID Wetland: Estuarine Emergent,59,59,253.65294079999998,1
Wetland: Estuarine Emergent Carbon Initial Conditions: Aboveground Very Fast,Site ID Wetland: Estuarine Emergent,77,77,253.65294079999998,1
Wetland: Estuarine Emergent Carbon Initial Conditions: Aboveground Very Fast,Site ID Wetland: Estuarine Emergent,95,95,253.65294079999998,1
Wetland: Estuarine Emergent Carbon Initial Conditions: Aboveground Very Fast,Site ID Wetland: Estuarine Emergent,113,113,253.65294079999998,1
Wetland: Estuarine Emergent Carbon Initial Conditions: Aboveground Very Fast,Site ID Wetland: Estuarine Emergent,131,131,253.65294079999998,1
Wetland: Estuarine Emergent Carbon Initial Conditions: Aboveground Very Fast,Site ID Wetland: Estuarine Emergent,149,149,253.65294079999998,1
Wetland: Estuarine Emergent Carbon Initial Conditions: Aboveground Very Fast,Site ID Wetland: Estuarine Emergent,6,6,309.101994,1
Wetland: Estuarine Emergent Carbon Initial Conditions: Aboveground Very Fast,Site ID Wetland: Estuarine Emergent,24,24,309.101994,1
Wetland: Estuarine Emergent Carbon Initial Conditions: Aboveground Very Fast,Site ID Wetland: Estuarine Emergent,42,42,309.101994,1
Wetland: Estuarine Emergent Carbon Initial Conditions: Aboveground Very Fast,Site ID Wetland: Estuarine Emergent,60,60,309.101994,1
Wetland: Estuarine Emergent Carbon Initial Conditions: Aboveground Very Fast,Site ID Wetland: Estuarine Emergent,78,78,309.101994,1
Wetland: Estuarine Emergent Carbon Initial Conditions: Aboveground Very Fast,Site ID Wetland: Estuarine Emergent,96,96,309.101994,1
Wetland: Estuarine Emergent Carbon Initial Conditions: Aboveground Very Fast,Site ID Wetland: Estuarine Emergent,114,114,309.101994,1
Wetland: Estuarine Emergent Carbon Initial Conditions: Aboveground Very Fast,Site ID Wetland: Estuarine Emergent,132,132,309.101994,1
Wetland: Estuarine Emergent Carbon Initial Conditions: Aboveground Very Fast,Site ID Wetland: Estuarine Emergent,150,150,309.101994,1
Wetland: Palustrine Emergent Carbon Initial Conditions: Aboveground Very Fast,Site ID Wetland: Palustrine Emergent,2,2,388.25325,1
Wetland: Palustrine Emergent Carbon Initial Conditions: Aboveground Very Fast,Site ID Wetland: Palustrine Emergent,8,8,388.25325,1
Wetland: Estuarine Emergent Carbon Initial Conditions: Aboveground Very Fast,Site ID Wetland: Estuarine Emergent,7,7,146.44816559999998,1
Wetland: Estuarine Emergent Carbon Initial Conditions: Aboveground Very Fast,Site ID Wetland: Estuarine Emergent,25,25,146.44816559999998,1
Wetland: Estuarine Emergent Carbon Initial Conditions: Aboveground Very Fast,Site ID Wetland: Estuarine Emergent,43,43,146.44816559999998,1
Wetland: Estuarine Emergent Carbon Initial Conditions: Aboveground Very Fast,Site ID Wetland: Estuarine Emergent,61,61,146.44816559999998,1
Wetland: Estuarine Emergent Carbon Initial Conditions: Aboveground Very Fast,Site ID Wetland: Estuarine Emergent,79,79,146.44816559999998,1
Wetland: Estuarine Emergent Carbon Initial Conditions: Aboveground Very Fast,Site ID Wetland: Estuarine Emergent,97,97,146.44816559999998,1
Wetland: Estuarine Emergent Carbon Initial Conditions: Aboveground Very Fast,Site ID Wetland: Estuarine Emergent,115,115,146.44816559999998,1
Wetland: Estuarine Emergent Carbon Initial Conditions: Aboveground Very Fast,Site ID Wetland: Estuarine Emergent,133,133,146.44816559999998,1
Wetland: Estuarine Emergent Carbon Initial Conditions: Aboveground Very Fast,Site ID Wetland: Estuarine Emergent,151,151,146.44816559999998,1
Wetland: Estuarine Emergent Carbon Initial Conditions: Aboveground Very Fast,Site ID Wetland: Estuarine Emergent,8,8,230.6105928,1
Wetland: Estuarine Emergent Carbon Initial Conditions: Aboveground Very Fast,Site ID Wetland: Estuarine Emergent,26,26,230.6105928,1
Wetland: Estuarine Emergent Carbon Initial Conditions: Aboveground Very Fast,Site ID Wetland: Estuarine Emergent,44,44,230.6105928,1
Wetland: Estuarine Emergent Carbon Initial Conditions: Aboveground Very Fast,Site ID Wetland: Estuarine Emergent,62,62,230.6105928,1
Wetland: Estuarine Emergent Carbon Initial Conditions: Aboveground Very Fast,Site ID Wetland: Estuarine Emergent,80,80,230.6105928,1
Wetland: Estuarine Emergent Carbon Initial Conditions: Aboveground Very Fast,Site ID Wetland: Estuarine Emergent,98,98,230.6105928,1
Wetland: Estuarine Emergent Carbon Initial Conditions: Aboveground Very Fast,Site ID Wetland: Estuarine Emergent,116,116,230.6105928,1
Wetland: Estuarine Emergent Carbon Initial Conditions: Aboveground Very Fast,Site ID Wetland: Estuarine Emergent,134,134,230.6105928,1
Wetland: Estuarine Emergent Carbon Initial Conditions: Aboveground Very Fast,Site ID Wetland: Estuarine Emergent,152,152,230.6105928,1
Wetland: Palustrine Emergent Carbon Initial Conditions: Aboveground Very Fast,Site ID Wetland: Palustrine Emergent,3,3,300.96533880000004,1
Wetland: Palustrine Emergent Carbon Initial Conditions: Aboveground Very Fast,Site ID Wetland: Palustrine Emergent,9,9,300.96533880000004,1
Wetland: Palustrine Emergent Carbon Initial Conditions: Aboveground Very Fast,Site ID Wetland: Palustrine Emergent,4,4,324.8147072,1
Wetland: Palustrine Emergent Carbon Initial Conditions: Aboveground Very Fast,Site ID Wetland: Palustrine Emergent,10,10,324.8147072,1
Wetland: Estuarine Emergent Carbon Initial Conditions: Aboveground Very Fast,Site ID Wetland: Estuarine Emergent,9,9,135.20228456,1
Wetland: Estuarine Emergent Carbon Initial Conditions: Aboveground Very Fast,Site ID Wetland: Estuarine Emergent,27,27,135.20228456,1
Wetland: Estuarine Emergent Carbon Initial Conditions: Aboveground Very Fast,Site ID Wetland: Estuarine Emergent,45,45,135.20228456,1
Wetland: Estuarine Emergent Carbon Initial Conditions: Aboveground Very Fast,Site ID Wetland: Estuarine Emergent,63,63,135.20228456,1
Wetland: Estuarine Emergent Carbon Initial Conditions: Aboveground Very Fast,Site ID Wetland: Estuarine Emergent,81,81,135.20228456,1
Wetland: Estuarine Emergent Carbon Initial Conditions: Aboveground Very Fast,Site ID Wetland: Estuarine Emergent,99,99,135.20228456,1
Wetland: Estuarine Emergent Carbon Initial Conditions: Aboveground Very Fast,Site ID Wetland: Estuarine Emergent,117,117,135.20228456,1
Wetland: Estuarine Emergent Carbon Initial Conditions: Aboveground Very Fast,Site ID Wetland: Estuarine Emergent,135,135,135.20228456,1
Wetland: Estuarine Emergent Carbon Initial Conditions: Aboveground Very Fast,Site ID Wetland: Estuarine Emergent,153,153,135.20228456,1
Wetland: Palustrine Emergent Carbon Initial Conditions: Aboveground Very Fast,Site ID Wetland: Palustrine Emergent,5,5,100.76967599999999,1
Wetland: Palustrine Emergent Carbon Initial Conditions: Aboveground Very Fast,Site ID Wetland: Palustrine Emergent,11,11,100.76967599999999,1
Wetland: Estuarine Emergent Carbon Initial Conditions: Aboveground Very Fast,Site ID Wetland: Estuarine Emergent,10,10,216.61344960000002,1
Wetland: Estuarine Emergent Carbon Initial Conditions: Aboveground Very Fast,Site ID Wetland: Estuarine Emergent,28,28,216.61344960000002,1
Wetland: Estuarine Emergent Carbon Initial Conditions: Aboveground Very Fast,Site ID Wetland: Estuarine Emergent,46,46,216.61344960000002,1
Wetland: Estuarine Emergent Carbon Initial Conditions: Aboveground Very Fast,Site ID Wetland: Estuarine Emergent,64,64,216.61344960000002,1
Wetland: Estuarine Emergent Carbon Initial Conditions: Aboveground Very Fast,Site ID Wetland: Estuarine Emergent,82,82,216.61344960000002,1
Wetland: Estuarine Emergent Carbon Initial Conditions: Aboveground Very Fast,Site ID Wetland: Estuarine Emergent,100,100,216.61344960000002,1
Wetland: Estuarine Emergent Carbon Initial Conditions: Aboveground Very Fast,Site ID Wetland: Estuarine Emergent,118,118,216.61344960000002,1
Wetland: Estuarine Emergent Carbon Initial Conditions: Aboveground Very Fast,Site ID Wetland: Estuarine Emergent,136,136,216.61344960000002,1
Wetland: Estuarine Emergent Carbon Initial Conditions: Aboveground Very Fast,Site ID Wetland: Estuarine Emergent,154,154,216.61344960000002,1
Wetland: Estuarine Emergent Carbon Initial Conditions: Aboveground Very Fast,Site ID Wetland: Estuarine Emergent,11,11,237.88486919999997,1
Wetland: Estuarine Emergent Carbon Initial Conditions: Aboveground Very Fast,Site ID Wetland: Estuarine Emergent,29,29,237.88486919999997,1
Wetland: Estuarine Emergent Carbon Initial Conditions: Aboveground Very Fast,Site ID Wetland: Estuarine Emergent,47,47,237.88486919999997,1
Wetland: Estuarine Emergent Carbon Initial Conditions: Aboveground Very Fast,Site ID Wetland: Estuarine Emergent,65,65,237.88486919999997,1
Wetland: Estuarine Emergent Carbon Initial Conditions: Aboveground Very Fast,Site ID Wetland: Estuarine Emergent,83,83,237.88486919999997,1
Wetland: Estuarine Emergent Carbon Initial Conditions: Aboveground Very Fast,Site ID Wetland: Estuarine Emergent,101,101,237.88486919999997,1
Wetland: Estuarine Emergent Carbon Initial Conditions: Aboveground Very Fast,Site ID Wetland: Estuarine Emergent,119,119,237.88486919999997,1
Wetland: Estuarine Emergent Carbon Initial Conditions: Aboveground Very Fast,Site ID Wetland: Estuarine Emergent,137,137,237.88486919999997,1
Wetland: Estuarine Emergent Carbon Initial Conditions: Aboveground Very Fast,Site ID Wetland: Estuarine Emergent,155,155,237.88486919999997,1
Wetland: Estuarine Emergent Carbon Initial Conditions: Aboveground Very Fast,Site ID Wetland: Estuarine Emergent,12,12,390.01948200000004,1
Wetland: Estuarine Emergent Carbon Initial Conditions: Aboveground Very Fast,Site ID Wetland: Estuarine Emergent,30,30,390.01948200000004,1
Wetland: Estuarine Emergent Carbon Initial Conditions: Aboveground Very Fast,Site ID Wetland: Estuarine Emergent,48,48,390.01948200000004,1
Wetland: Estuarine Emergent Carbon Initial Conditions: Aboveground Very Fast,Site ID Wetland: Estuarine Emergent,66,66,390.01948200000004,1
Wetland: Estuarine Emergent Carbon Initial Conditions: Aboveground Very Fast,Site ID Wetland: Estuarine Emergent,84,84,390.01948200000004,1
Wetland: Estuarine Emergent Carbon Initial Conditions: Aboveground Very Fast,Site ID Wetland: Estuarine Emergent,102,102,390.01948200000004,1
Wetland: Estuarine Emergent Carbon Initial Conditions: Aboveground Very Fast,Site ID Wetland: Estuarine Emergent,120,120,390.01948200000004,1
Wetland: Estuarine Emergent Carbon Initial Conditions: Aboveground Very Fast,Site ID Wetland: Estuarine Emergent,138,138,390.01948200000004,1
Wetland: Estuarine Emergent Carbon Initial Conditions: Aboveground Very Fast,Site ID Wetland: Estuarine Emergent,156,156,390.01948200000004,1
Wetland: Estuarine Emergent Carbon Initial Conditions: Aboveground Very Fast,Site ID Wetland: Estuarine Emergent,13,13,859.1699588000001,1
Wetland: Estuarine Emergent Carbon Initial Conditions: Aboveground Very Fast,Site ID Wetland: Estuarine Emergent,31,31,859.1699588000001,1
Wetland: Estuarine Emergent Carbon Initial Conditions: Aboveground Very Fast,Site ID Wetland: Estuarine Emergent,49,49,859.1699588000001,1
Wetland: Estuarine Emergent Carbon Initial Conditions: Aboveground Very Fast,Site ID Wetland: Estuarine Emergent,67,67,859.1699588000001,1
Wetland: Estuarine Emergent Carbon Initial Conditions: Aboveground Very Fast,Site ID Wetland: Estuarine Emergent,85,85,859.1699588000001,1
Wetland: Estuarine Emergent Carbon Initial Conditions: Aboveground Very Fast,Site ID Wetland: Estuarine Emergent,103,103,859.1699588000001,1
Wetland: Estuarine Emergent Carbon Initial Conditions: Aboveground Very Fast,Site ID Wetland: Estuarine Emergent,121,121,859.1699588000001,1
Wetland: Estuarine Emergent Carbon Initial Conditions: Aboveground Very Fast,Site ID Wetland: Estuarine Emergent,139,139,859.1699588000001,1
Wetland: Estuarine Emergent Carbon Initial Conditions: Aboveground Very Fast,Site ID Wetland: Estuarine Emergent,157,157,859.1699588000001,1
Wetland: Palustrine Emergent Carbon Initial Conditions: Aboveground Very Fast,Site ID Wetland: Palustrine Emergent,6,6,382.27313159999994,1
Wetland: Palustrine Emergent Carbon Initial Conditions: Aboveground Very Fast,Site ID Wetland: Palustrine Emergent,12,12,382.27313159999994,1
Wetland: Estuarine Emergent Carbon Initial Conditions: Aboveground Very Fast,Site ID Wetland: Estuarine Emergent,14,14,631.7828902,1
Wetland: Estuarine Emergent Carbon Initial Conditions: Aboveground Very Fast,Site ID Wetland: Estuarine Emergent,32,32,631.7828902,1
Wetland: Estuarine Emergent Carbon Initial Conditions: Aboveground Very Fast,Site ID Wetland: Estuarine Emergent,50,50,631.7828902,1
Wetland: Estuarine Emergent Carbon Initial Conditions: Aboveground Very Fast,Site ID Wetland: Estuarine Emergent,68,68,631.7828902,1
Wetland: Estuarine Emergent Carbon Initial Conditions: Aboveground Very Fast,Site ID Wetland: Estuarine Emergent,86,86,631.7828902,1
Wetland: Estuarine Emergent Carbon Initial Conditions: Aboveground Very Fast,Site ID Wetland: Estuarine Emergent,104,104,631.7828902,1
Wetland: Estuarine Emergent Carbon Initial Conditions: Aboveground Very Fast,Site ID Wetland: Estuarine Emergent,122,122,631.7828902,1
Wetland: Estuarine Emergent Carbon Initial Conditions: Aboveground Very Fast,Site ID Wetland: Estuarine Emergent,140,140,631.7828902,1
Wetland: Estuarine Emergent Carbon Initial Conditions: Aboveground Very Fast,Site ID Wetland: Estuarine Emergent,158,158,631.7828902,1
Wetland: Estuarine Emergent Carbon Initial Conditions: Aboveground Very Fast,Site ID Wetland: Estuarine Emergent,15,15,361.66022767999993,1
Wetland: Estuarine Emergent Carbon Initial Conditions: Aboveground Very Fast,Site ID Wetland: Estuarine Emergent,33,33,361.66022767999993,1
Wetland: Estuarine Emergent Carbon Initial Conditions: Aboveground Very Fast,Site ID Wetland: Estuarine Emergent,51,51,361.66022767999993,1
Wetland: Estuarine Emergent Carbon Initial Conditions: Aboveground Very Fast,Site ID Wetland: Estuarine Emergent,69,69,361.66022767999993,1
Wetland: Estuarine Emergent Carbon Initial Conditions: Aboveground Very Fast,Site ID Wetland: Estuarine Emergent,87,87,361.66022767999993,1
Wetland: Estuarine Emergent Carbon Initial Conditions: Aboveground Very Fast,Site ID Wetland: Estuarine Emergent,105,105,361.66022767999993,1
Wetland: Estuarine Emergent Carbon Initial Conditions: Aboveground Very Fast,Site ID Wetland: Estuarine Emergent,123,123,361.66022767999993,1
Wetland: Estuarine Emergent Carbon Initial Conditions: Aboveground Very Fast,Site ID Wetland: Estuarine Emergent,141,141,361.66022767999993,1
Wetland: Estuarine Emergent Carbon Initial Conditions: Aboveground Very Fast,Site ID Wetland: Estuarine Emergent,159,159,361.66022767999993,1
Wetland: Estuarine Emergent Carbon Initial Conditions: Aboveground Very Fast,Site ID Wetland: Estuarine Emergent,16,16,175.38922256,1
Wetland: Estuarine Emergent Carbon Initial Conditions: Aboveground Very Fast,Site ID Wetland: Estuarine Emergent,34,34,175.38922256,1
Wetland: Estuarine Emergent Carbon Initial Conditions: Aboveground Very Fast,Site ID Wetland: Estuarine Emergent,52,52,175.38922256,1
Wetland: Estuarine Emergent Carbon Initial Conditions: Aboveground Very Fast,Site ID Wetland: Estuarine Emergent,70,70,175.38922256,1
Wetland: Estuarine Emergent Carbon Initial Conditions: Aboveground Very Fast,Site ID Wetland: Estuarine Emergent,88,88,175.38922256,1
Wetland: Estuarine Emergent Carbon Initial Conditions: Aboveground Very Fast,Site ID Wetland: Estuarine Emergent,106,106,175.38922256,1
Wetland: Estuarine Emergent Carbon Initial Conditions: Aboveground Very Fast,Site ID Wetland: Estuarine Emergent,124,124,175.38922256,1
Wetland: Estuarine Emergent Carbon Initial Conditions: Aboveground Very Fast,Site ID Wetland: Estuarine Emergent,142,142,175.38922256,1
Wetland: Estuarine Emergent Carbon Initial Conditions: Aboveground Very Fast,Site ID Wetland: Estuarine Emergent,160,160,175.38922256,1
Wetland: Estuarine Emergent Carbon Initial Conditions: Aboveground Very Fast,Site ID Wetland: Estuarine Emergent,17,17,293.6054196,1
Wetland: Estuarine Emergent Carbon Initial Conditions: Aboveground Very Fast,Site ID Wetland: Estuarine Emergent,35,35,293.6054196,1
Wetland: Estuarine Emergent Carbon Initial Conditions: Aboveground Very Fast,Site ID Wetland: Estuarine Emergent,53,53,293.6054196,1
Wetland: Estuarine Emergent Carbon Initial Conditions: Aboveground Very Fast,Site ID Wetland: Estuarine Emergent,71,71,293.6054196,1
Wetland: Estuarine Emergent Carbon Initial Conditions: Aboveground Very Fast,Site ID Wetland: Estuarine Emergent,89,89,293.6054196,1
Wetland: Estuarine Emergent Carbon Initial Conditions: Aboveground Very Fast,Site ID Wetland: Estuarine Emergent,107,107,293.6054196,1
Wetland: Estuarine Emergent Carbon Initial Conditions: Aboveground Very Fast,Site ID Wetland: Estuarine Emergent,125,125,293.6054196,1
Wetland: Estuarine Emergent Carbon Initial Conditions: Aboveground Very Fast,Site ID Wetland: Estuarine Emergent,143,143,293.6054196,1
Wetland: Estuarine Emergent Carbon Initial Conditions: Aboveground Very Fast,Site ID Wetland: Estuarine Emergent,161,161,293.6054196,1
Wetland: Estuarine Emergent Carbon Initial Conditions: Aboveground Very Fast,Site ID Wetland: Estuarine Emergent,18,18,333.7589,1
Wetland: Estuarine Emergent Carbon Initial Conditions: Aboveground Very Fast,Site ID Wetland: Estuarine Emergent,36,36,333.7589,1
Wetland: Estuarine Emergent Carbon Initial Conditions: Aboveground Very Fast,Site ID Wetland: Estuarine Emergent,54,54,333.7589,1
Wetland: Estuarine Emergent Carbon Initial Conditions: Aboveground Very Fast,Site ID Wetland: Estuarine Emergent,72,72,333.7589,1
Wetland: Estuarine Emergent Carbon Initial Conditions: Aboveground Very Fast,Site ID Wetland: Estuarine Emergent,90,90,333.7589,1
Wetland: Estuarine Emergent Carbon Initial Conditions: Aboveground Very Fast,Site ID Wetland: Estuarine Emergent,108,108,333.7589,1
Wetland: Estuarine Emergent Carbon Initial Conditions: Aboveground Very Fast,Site ID Wetland: Estuarine Emergent,126,126,333.7589,1
Wetland: Estuarine Emergent Carbon Initial Conditions: Aboveground Very Fast,Site ID Wetland: Estuarine Emergent,144,144,333.7589,1
Wetland: Estuarine Emergent Carbon Initial Conditions: Aboveground Very Fast,Site ID Wetland: Estuarine Emergent,162,162,333.7589,1
Wetland: Estuarine Emergent Carbon Initial Conditions: Belowground Very Fast,Site ID Wetland: Estuarine Emergent,1,1,1841.9246464968155,1
Wetland: Estuarine Emergent Carbon Initial Conditions: Belowground Very Fast,Site ID Wetland: Estuarine Emergent,19,19,1841.9246464968155,1
Wetland: Estuarine Emergent Carbon Initial Conditions: Belowground Very Fast,Site ID Wetland: Estuarine Emergent,37,37,1841.9246464968155,1
Wetland: Estuarine Emergent Carbon Initial Conditions: Belowground Very Fast,Site ID Wetland: Estuarine Emergent,55,55,1841.9246464968155,1
Wetland: Estuarine Emergent Carbon Initial Conditions: Belowground Very Fast,Site ID Wetland: Estuarine Emergent,73,73,1841.9246464968155,1
Wetland: Estuarine Emergent Carbon Initial Conditions: Belowground Very Fast,Site ID Wetland: Estuarine Emergent,91,91,1841.9246464968155,1
Wetland: Estuarine Emergent Carbon Initial Conditions: Belowground Very Fast,Site ID Wetland: Estuarine Emergent,109,109,1841.9246464968155,1
Wetland: Estuarine Emergent Carbon Initial Conditions: Belowground Very Fast,Site ID Wetland: Estuarine Emergent,127,127,1841.9246464968155,1
Wetland: Estuarine Emergent Carbon Initial Conditions: Belowground Very Fast,Site ID Wetland: Estuarine Emergent,145,145,1841.9246464968155,1
Wetland: Estuarine Emergent Carbon Initial Conditions: Belowground Very Fast,Site ID Wetland: Estuarine Emergent,2,2,1284.698853503185,1
Wetland: Estuarine Emergent Carbon Initial Conditions: Belowground Very Fast,Site ID Wetland: Estuarine Emergent,20,20,1284.698853503185,1
Wetland: Estuarine Emergent Carbon Initial Conditions: Belowground Very Fast,Site ID Wetland: Estuarine Emergent,38,38,1284.698853503185,1
Wetland: Estuarine Emergent Carbon Initial Conditions: Belowground Very Fast,Site ID Wetland: Estuarine Emergent,56,56,1284.698853503185,1
Wetland: Estuarine Emergent Carbon Initial Conditions: Belowground Very Fast,Site ID Wetland: Estuarine Emergent,74,74,1284.698853503185,1
Wetland: Estuarine Emergent Carbon Initial Conditions: Belowground Very Fast,Site ID Wetland: Estuarine Emergent,92,92,1284.698853503185,1
Wetland: Estuarine Emergent Carbon Initial Conditions: Belowground Very Fast,Site ID Wetland: Estuarine Emergent,110,110,1284.698853503185,1
Wetland: Estuarine Emergent Carbon Initial Conditions: Belowground Very Fast,Site ID Wetland: Estuarine Emergent,128,128,1284.698853503185,1
Wetland: Estuarine Emergent Carbon Initial Conditions: Belowground Very Fast,Site ID Wetland: Estuarine Emergent,146,146,1284.698853503185,1
Wetland: Palustrine Emergent Carbon Initial Conditions: Belowground Very Fast,Site ID Wetland: Palustrine Emergent,1,1,1286.3314140127393,1
Wetland: Palustrine Emergent Carbon Initial Conditions: Belowground Very Fast,Site ID Wetland: Palustrine Emergent,7,7,1286.3314140127393,1
Wetland: Estuarine Emergent Carbon Initial Conditions: Belowground Very Fast,Site ID Wetland: Estuarine Emergent,3,3,1918.1408917197452,1
Wetland: Estuarine Emergent Carbon Initial Conditions: Belowground Very Fast,Site ID Wetland: Estuarine Emergent,21,21,1918.1408917197452,1
Wetland: Estuarine Emergent Carbon Initial Conditions: Belowground Very Fast,Site ID Wetland: Estuarine Emergent,39,39,1918.1408917197452,1
Wetland: Estuarine Emergent Carbon Initial Conditions: Belowground Very Fast,Site ID Wetland: Estuarine Emergent,57,57,1918.1408917197452,1
Wetland: Estuarine Emergent Carbon Initial Conditions: Belowground Very Fast,Site ID Wetland: Estuarine Emergent,75,75,1918.1408917197452,1
Wetland: Estuarine Emergent Carbon Initial Conditions: Belowground Very Fast,Site ID Wetland: Estuarine Emergent,93,93,1918.1408917197452,1
Wetland: Estuarine Emergent Carbon Initial Conditions: Belowground Very Fast,Site ID Wetland: Estuarine Emergent,111,111,1918.1408917197452,1
Wetland: Estuarine Emergent Carbon Initial Conditions: Belowground Very Fast,Site ID Wetland: Estuarine Emergent,129,129,1918.1408917197452,1
Wetland: Estuarine Emergent Carbon Initial Conditions: Belowground Very Fast,Site ID Wetland: Estuarine Emergent,147,147,1918.1408917197452,1
Wetland: Estuarine Emergent Carbon Initial Conditions: Belowground Very Fast,Site ID Wetland: Estuarine Emergent,4,4,1785.878433121019,1
Wetland: Estuarine Emergent Carbon Initial Conditions: Belowground Very Fast,Site ID Wetland: Estuarine Emergent,22,22,1785.878433121019,1
Wetland: Estuarine Emergent Carbon Initial Conditions: Belowground Very Fast,Site ID Wetland: Estuarine Emergent,40,40,1785.878433121019,1
Wetland: Estuarine Emergent Carbon Initial Conditions: Belowground Very Fast,Site ID Wetland: Estuarine Emergent,58,58,1785.878433121019,1
Wetland: Estuarine Emergent Carbon Initial Conditions: Belowground Very Fast,Site ID Wetland: Estuarine Emergent,76,76,1785.878433121019,1
Wetland: Estuarine Emergent Carbon Initial Conditions: Belowground Very Fast,Site ID Wetland: Estuarine Emergent,94,94,1785.878433121019,1
Wetland: Estuarine Emergent Carbon Initial Conditions: Belowground Very Fast,Site ID Wetland: Estuarine Emergent,112,112,1785.878433121019,1
Wetland: Estuarine Emergent Carbon Initial Conditions: Belowground Very Fast,Site ID Wetland: Estuarine Emergent,130,130,1785.878433121019,1
Wetland: Estuarine Emergent Carbon Initial Conditions: Belowground Very Fast,Site ID Wetland: Estuarine Emergent,148,148,1785.878433121019,1
Wetland: Estuarine Emergent Carbon Initial Conditions: Belowground Very Fast,Site ID Wetland: Estuarine Emergent,5,5,1533.164522292994,1
Wetland: Estuarine Emergent Carbon Initial Conditions: Belowground Very Fast,Site ID Wetland: Estuarine Emergent,23,23,1533.164522292994,1
Wetland: Estuarine Emergent Carbon Initial Conditions: Belowground Very Fast,Site ID Wetland: Estuarine Emergent,41,41,1533.164522292994,1
Wetland: Estuarine Emergent Carbon Initial Conditions: Belowground Very Fast,Site ID Wetland: Estuarine Emergent,59,59,1533.164522292994,1
Wetland: Estuarine Emergent Carbon Initial Conditions: Belowground Very Fast,Site ID Wetland: Estuarine Emergent,77,77,1533.164522292994,1
Wetland: Estuarine Emergent Carbon Initial Conditions: Belowground Very Fast,Site ID Wetland: Estuarine Emergent,95,95,1533.164522292994,1
Wetland: Estuarine Emergent Carbon Initial Conditions: Belowground Very Fast,Site ID Wetland: Estuarine Emergent,113,113,1533.164522292994,1
Wetland: Estuarine Emergent Carbon Initial Conditions: Belowground Very Fast,Site ID Wetland: Estuarine Emergent,131,131,1533.164522292994,1
Wetland: Estuarine Emergent Carbon Initial Conditions: Belowground Very Fast,Site ID Wetland: Estuarine Emergent,149,149,1533.164522292994,1
Wetland: Estuarine Emergent Carbon Initial Conditions: Belowground Very Fast,Site ID Wetland: Estuarine Emergent,6,6,1585.2966878980892,1
Wetland: Estuarine Emergent Carbon Initial Conditions: Belowground Very Fast,Site ID Wetland: Estuarine Emergent,24,24,1585.2966878980892,1
Wetland: Estuarine Emergent Carbon Initial Conditions: Belowground Very Fast,Site ID Wetland: Estuarine Emergent,42,42,1585.2966878980892,1
Wetland: Estuarine Emergent Carbon Initial Conditions: Belowground Very Fast,Site ID Wetland: Estuarine Emergent,60,60,1585.2966878980892,1
Wetland: Estuarine Emergent Carbon Initial Conditions: Belowground Very Fast,Site ID Wetland: Estuarine Emergent,78,78,1585.2966878980892,1
Wetland: Estuarine Emergent Carbon Initial Conditions: Belowground Very Fast,Site ID Wetland: Estuarine Emergent,96,96,1585.2966878980892,1
Wetland: Estuarine Emergent Carbon Initial Conditions: Belowground Very Fast,Site ID Wetland: Estuarine Emergent,114,114,1585.2966878980892,1
Wetland: Estuarine Emergent Carbon Initial Conditions: Belowground Very Fast,Site ID Wetland: Estuarine Emergent,132,132,1585.2966878980892,1
Wetland: Estuarine Emergent Carbon Initial Conditions: Belowground Very Fast,Site ID Wetland: Estuarine Emergent,150,150,1585.2966878980892,1
Wetland: Palustrine Emergent Carbon Initial Conditions: Belowground Very Fast,Site ID Wetland: Palustrine Emergent,2,2,1371.7893577494692,1
Wetland: Palustrine Emergent Carbon Initial Conditions: Belowground Very Fast,Site ID Wetland: Palustrine Emergent,8,8,1371.7893577494692,1
Wetland: Estuarine Emergent Carbon Initial Conditions: Belowground Very Fast,Site ID Wetland: Estuarine Emergent,7,7,1202.6956210191083,1
Wetland: Estuarine Emergent Carbon Initial Conditions: Belowground Very Fast,Site ID Wetland: Estuarine Emergent,25,25,1202.6956210191083,1
Wetland: Estuarine Emergent Carbon Initial Conditions: Belowground Very Fast,Site ID Wetland: Estuarine Emergent,43,43,1202.6956210191083,1
Wetland: Estuarine Emergent Carbon Initial Conditions: Belowground Very Fast,Site ID Wetland: Estuarine Emergent,61,61,1202.6956210191083,1
Wetland: Estuarine Emergent Carbon Initial Conditions: Belowground Very Fast,Site ID Wetland: Estuarine Emergent,79,79,1202.6956210191083,1
Wetland: Estuarine Emergent Carbon Initial Conditions: Belowground Very Fast,Site ID Wetland: Estuarine Emergent,97,97,1202.6956210191083,1
Wetland: Estuarine Emergent Carbon Initial Conditions: Belowground Very Fast,Site ID Wetland: Estuarine Emergent,115,115,1202.6956210191083,1
Wetland: Estuarine Emergent Carbon Initial Conditions: Belowground Very Fast,Site ID Wetland: Estuarine Emergent,133,133,1202.6956210191083,1
Wetland: Estuarine Emergent Carbon Initial Conditions: Belowground Very Fast,Site ID Wetland: Estuarine Emergent,151,151,1202.6956210191083,1
Wetland: Estuarine Emergent Carbon Initial Conditions: Belowground Very Fast,Site ID Wetland: Estuarine Emergent,8,8,2077.521719745223,1
Wetland: Estuarine Emergent Carbon Initial Conditions: Belowground Very Fast,Site ID Wetland: Estuarine Emergent,26,26,2077.521719745223,1
Wetland: Estuarine Emergent Carbon Initial Conditions: Belowground Very Fast,Site ID Wetland: Estuarine Emergent,44,44,2077.521719745223,1
Wetland: Estuarine Emergent Carbon Initial Conditions: Belowground Very Fast,Site ID Wetland: Estuarine Emergent,62,62,2077.521719745223,1
Wetland: Estuarine Emergent Carbon Initial Conditions: Belowground Very Fast,Site ID Wetland: Estuarine Emergent,80,80,2077.521719745223,1
Wetland: Estuarine Emergent Carbon Initial Conditions: Belowground Very Fast,Site ID Wetland: Estuarine Emergent,98,98,2077.521719745223,1
Wetland: Estuarine Emergent Carbon Initial Conditions: Belowground Very Fast,Site ID Wetland: Estuarine Emergent,116,116,2077.521719745223,1
Wetland: Estuarine Emergent Carbon Initial Conditions: Belowground Very Fast,Site ID Wetland: Estuarine Emergent,134,134,2077.521719745223,1
Wetland: Estuarine Emergent Carbon Initial Conditions: Belowground Very Fast,Site ID Wetland: Estuarine Emergent,152,152,2077.521719745223,1
Wetland: Palustrine Emergent Carbon Initial Conditions: Belowground Very Fast,Site ID Wetland: Palustrine Emergent,3,3,1408.3304713375796,1
Wetland: Palustrine Emergent Carbon Initial Conditions: Belowground Very Fast,Site ID Wetland: Palustrine Emergent,9,9,1408.3304713375796,1
Wetland: Palustrine Emergent Carbon Initial Conditions: Belowground Very Fast,Site ID Wetland: Palustrine Emergent,4,4,510.5337133757963,1
Wetland: Palustrine Emergent Carbon Initial Conditions: Belowground Very Fast,Site ID Wetland: Palustrine Emergent,10,10,510.5337133757963,1
Wetland: Estuarine Emergent Carbon Initial Conditions: Belowground Very Fast,Site ID Wetland: Estuarine Emergent,9,9,1527.4017834394908,1
Wetland: Estuarine Emergent Carbon Initial Conditions: Belowground Very Fast,Site ID Wetland: Estuarine Emergent,27,27,1527.4017834394908,1
Wetland: Estuarine Emergent Carbon Initial Conditions: Belowground Very Fast,Site ID Wetland: Estuarine Emergent,45,45,1527.4017834394908,1
Wetland: Estuarine Emergent Carbon Initial Conditions: Belowground Very Fast,Site ID Wetland: Estuarine Emergent,63,63,1527.4017834394908,1
Wetland: Estuarine Emergent Carbon Initial Conditions: Belowground Very Fast,Site ID Wetland: Estuarine Emergent,81,81,1527.4017834394908,1
Wetland: Estuarine Emergent Carbon Initial Conditions: Belowground Very Fast,Site ID Wetland: Estuarine Emergent,99,99,1527.4017834394908,1
Wetland: Estuarine Emergent Carbon Initial Conditions: Belowground Very Fast,Site ID Wetland: Estuarine Emergent,117,117,1527.4017834394908,1
Wetland: Estuarine Emergent Carbon Initial Conditions: Belowground Very Fast,Site ID Wetland: Estuarine Emergent,135,135,1527.4017834394908,1
Wetland: Estuarine Emergent Carbon Initial Conditions: Belowground Very Fast,Site ID Wetland: Estuarine Emergent,153,153,1527.4017834394908,1
Wetland: Palustrine Emergent Carbon Initial Conditions: Belowground Very Fast,Site ID Wetland: Palustrine Emergent,5,5,909.552356687898,1
Wetland: Palustrine Emergent Carbon Initial Conditions: Belowground Very Fast,Site ID Wetland: Palustrine Emergent,11,11,909.552356687898,1
Wetland: Estuarine Emergent Carbon Initial Conditions: Belowground Very Fast,Site ID Wetland: Estuarine Emergent,10,10,1443.0606114649684,1
Wetland: Estuarine Emergent Carbon Initial Conditions: Belowground Very Fast,Site ID Wetland: Estuarine Emergent,28,28,1443.0606114649684,1
Wetland: Estuarine Emergent Carbon Initial Conditions: Belowground Very Fast,Site ID Wetland: Estuarine Emergent,46,46,1443.0606114649684,1
Wetland: Estuarine Emergent Carbon Initial Conditions: Belowground Very Fast,Site ID Wetland: Estuarine Emergent,64,64,1443.0606114649684,1
Wetland: Estuarine Emergent Carbon Initial Conditions: Belowground Very Fast,Site ID Wetland: Estuarine Emergent,82,82,1443.0606114649684,1
Wetland: Estuarine Emergent Carbon Initial Conditions: Belowground Very Fast,Site ID Wetland: Estuarine Emergent,100,100,1443.0606114649684,1
Wetland: Estuarine Emergent Carbon Initial Conditions: Belowground Very Fast,Site ID Wetland: Estuarine Emergent,118,118,1443.0606114649684,1
Wetland: Estuarine Emergent Carbon Initial Conditions: Belowground Very Fast,Site ID Wetland: Estuarine Emergent,136,136,1443.0606114649684,1
Wetland: Estuarine Emergent Carbon Initial Conditions: Belowground Very Fast,Site ID Wetland: Estuarine Emergent,154,154,1443.0606114649684,1
Wetland: Estuarine Emergent Carbon Initial Conditions: Belowground Very Fast,Site ID Wetland: Estuarine Emergent,11,11,563.9183885350319,1
Wetland: Estuarine Emergent Carbon Initial Conditions: Belowground Very Fast,Site ID Wetland: Estuarine Emergent,29,29,563.9183885350319,1
Wetland: Estuarine Emergent Carbon Initial Conditions: Belowground Very Fast,Site ID Wetland: Estuarine Emergent,47,47,563.9183885350319,1
Wetland: Estuarine Emergent Carbon Initial Conditions: Belowground Very Fast,Site ID Wetland: Estuarine Emergent,65,65,563.9183885350319,1
Wetland: Estuarine Emergent Carbon Initial Conditions: Belowground Very Fast,Site ID Wetland: Estuarine Emergent,83,83,563.9183885350319,1
Wetland: Estuarine Emergent Carbon Initial Conditions: Belowground Very Fast,Site ID Wetland: Estuarine Emergent,101,101,563.9183885350319,1
Wetland: Estuarine Emergent Carbon Initial Conditions: Belowground Very Fast,Site ID Wetland: Estuarine Emergent,119,119,563.9183885350319,1
Wetland: Estuarine Emergent Carbon Initial Conditions: Belowground Very Fast,Site ID Wetland: Estuarine Emergent,137,137,563.9183885350319,1
Wetland: Estuarine Emergent Carbon Initial Conditions: Belowground Very Fast,Site ID Wetland: Estuarine Emergent,155,155,563.9183885350319,1
Wetland: Estuarine Emergent Carbon Initial Conditions: Belowground Very Fast,Site ID Wetland: Estuarine Emergent,12,12,1794.3442123142252,1
Wetland: Estuarine Emergent Carbon Initial Conditions: Belowground Very Fast,Site ID Wetland: Estuarine Emergent,30,30,1794.3442123142252,1
Wetland: Estuarine Emergent Carbon Initial Conditions: Belowground Very Fast,Site ID Wetland: Estuarine Emergent,48,48,1794.3442123142252,1
Wetland: Estuarine Emergent Carbon Initial Conditions: Belowground Very Fast,Site ID Wetland: Estuarine Emergent,66,66,1794.3442123142252,1
Wetland: Estuarine Emergent Carbon Initial Conditions: Belowground Very Fast,Site ID Wetland: Estuarine Emergent,84,84,1794.3442123142252,1
Wetland: Estuarine Emergent Carbon Initial Conditions: Belowground Very Fast,Site ID Wetland: Estuarine Emergent,102,102,1794.3442123142252,1
Wetland: Estuarine Emergent Carbon Initial Conditions: Belowground Very Fast,Site ID Wetland: Estuarine Emergent,120,120,1794.3442123142252,1
Wetland: Estuarine Emergent Carbon Initial Conditions: Belowground Very Fast,Site ID Wetland: Estuarine Emergent,138,138,1794.3442123142252,1
Wetland: Estuarine Emergent Carbon Initial Conditions: Belowground Very Fast,Site ID Wetland: Estuarine Emergent,156,156,1794.3442123142252,1
Wetland: Estuarine Emergent Carbon Initial Conditions: Belowground Very Fast,Site ID Wetland: Estuarine Emergent,13,13,1010.591694267516,1
Wetland: Estuarine Emergent Carbon Initial Conditions: Belowground Very Fast,Site ID Wetland: Estuarine Emergent,31,31,1010.591694267516,1
Wetland: Estuarine Emergent Carbon Initial Conditions: Belowground Very Fast,Site ID Wetland: Estuarine Emergent,49,49,1010.591694267516,1
Wetland: Estuarine Emergent Carbon Initial Conditions: Belowground Very Fast,Site ID Wetland: Estuarine Emergent,67,67,1010.591694267516,1
Wetland: Estuarine Emergent Carbon Initial Conditions: Belowground Very Fast,Site ID Wetland: Estuarine Emergent,85,85,1010.591694267516,1
Wetland: Estuarine Emergent Carbon Initial Conditions: Belowground Very Fast,Site ID Wetland: Estuarine Emergent,103,103,1010.591694267516,1
Wetland: Estuarine Emergent Carbon Initial Conditions: Belowground Very Fast,Site ID Wetland: Estuarine Emergent,121,121,1010.591694267516,1
Wetland: Estuarine Emergent Carbon Initial Conditions: Belowground Very Fast,Site ID Wetland: Estuarine Emergent,139,139,1010.591694267516,1
Wetland: Estuarine Emergent Carbon Initial Conditions: Belowground Very Fast,Site ID Wetland: Estuarine Emergent,157,157,1010.591694267516,1
Wetland: Palustrine Emergent Carbon Initial Conditions: Belowground Very Fast,Site ID Wetland: Palustrine Emergent,6,6,614.0619617834396,1
Wetland: Palustrine Emergent Carbon Initial Conditions: Belowground Very Fast,Site ID Wetland: Palustrine Emergent,12,12,614.0619617834396,1
Wetland: Estuarine Emergent Carbon Initial Conditions: Belowground Very Fast,Site ID Wetland: Estuarine Emergent,14,14,1147.061063694268,1
Wetland: Estuarine Emergent Carbon Initial Conditions: Belowground Very Fast,Site ID Wetland: Estuarine Emergent,32,32,1147.061063694268,1
Wetland: Estuarine Emergent Carbon Initial Conditions: Belowground Very Fast,Site ID Wetland: Estuarine Emergent,50,50,1147.061063694268,1
Wetland: Estuarine Emergent Carbon Initial Conditions: Belowground Very Fast,Site ID Wetland: Estuarine Emergent,68,68,1147.061063694268,1
Wetland: Estuarine Emergent Carbon Initial Conditions: Belowground Very Fast,Site ID Wetland: Estuarine Emergent,86,86,1147.061063694268,1
Wetland: Estuarine Emergent Carbon Initial Conditions: Belowground Very Fast,Site ID Wetland: Estuarine Emergent,104,104,1147.061063694268,1
Wetland: Estuarine Emergent Carbon Initial Conditions: Belowground Very Fast,Site ID Wetland: Estuarine Emergent,122,122,1147.061063694268,1
Wetland: Estuarine Emergent Carbon Initial Conditions: Belowground Very Fast,Site ID Wetland: Estuarine Emergent,140,140,1147.061063694268,1
Wetland: Estuarine Emergent Carbon Initial Conditions: Belowground Very Fast,Site ID Wetland: Estuarine Emergent,158,158,1147.061063694268,1
Wetland: Estuarine Emergent Carbon Initial Conditions: Belowground Very Fast,Site ID Wetland: Estuarine Emergent,15,15,1532.6094267515928,1
Wetland: Estuarine Emergent Carbon Initial Conditions: Belowground Very Fast,Site ID Wetland: Estuarine Emergent,33,33,1532.6094267515928,1
Wetland: Estuarine Emergent Carbon Initial Conditions: Belowground Very Fast,Site ID Wetland: Estuarine Emergent,51,51,1532.6094267515928,1
Wetland: Estuarine Emergent Carbon Initial Conditions: Belowground Very Fast,Site ID Wetland: Estuarine Emergent,69,69,1532.6094267515928,1
Wetland: Estuarine Emergent Carbon Initial Conditions: Belowground Very Fast,Site ID Wetland: Estuarine Emergent,87,87,1532.6094267515928,1
Wetland: Estuarine Emergent Carbon Initial Conditions: Belowground Very Fast,Site ID Wetland: Estuarine Emergent,105,105,1532.6094267515928,1
Wetland: Estuarine Emergent Carbon Initial Conditions: Belowground Very Fast,Site ID Wetland: Estuarine Emergent,123,123,1532.6094267515928,1
Wetland: Estuarine Emergent Carbon Initial Conditions: Belowground Very Fast,Site ID Wetland: Estuarine Emergent,141,141,1532.6094267515928,1
Wetland: Estuarine Emergent Carbon Initial Conditions: Belowground Very Fast,Site ID Wetland: Estuarine Emergent,159,159,1532.6094267515928,1
Wetland: Estuarine Emergent Carbon Initial Conditions: Belowground Very Fast,Site ID Wetland: Estuarine Emergent,16,16,1979.7141401273889,1
Wetland: Estuarine Emergent Carbon Initial Conditions: Belowground Very Fast,Site ID Wetland: Estuarine Emergent,34,34,1979.7141401273889,1
Wetland: Estuarine Emergent Carbon Initial Conditions: Belowground Very Fast,Site ID Wetland: Estuarine Emergent,52,52,1979.7141401273889,1
Wetland: Estuarine Emergent Carbon Initial Conditions: Belowground Very Fast,Site ID Wetland: Estuarine Emergent,70,70,1979.7141401273889,1
Wetland: Estuarine Emergent Carbon Initial Conditions: Belowground Very Fast,Site ID Wetland: Estuarine Emergent,88,88,1979.7141401273889,1
Wetland: Estuarine Emergent Carbon Initial Conditions: Belowground Very Fast,Site ID Wetland: Estuarine Emergent,106,106,1979.7141401273889,1
Wetland: Estuarine Emergent Carbon Initial Conditions: Belowground Very Fast,Site ID Wetland: Estuarine Emergent,124,124,1979.7141401273889,1
Wetland: Estuarine Emergent Carbon Initial Conditions: Belowground Very Fast,Site ID Wetland: Estuarine Emergent,142,142,1979.7141401273889,1
Wetland: Estuarine Emergent Carbon Initial Conditions: Belowground Very Fast,Site ID Wetland: Estuarine Emergent,160,160,1979.7141401273889,1
Wetland: Estuarine Emergent Carbon Initial Conditions: Belowground Very Fast,Site ID Wetland: Estuarine Emergent,17,17,1185.4687261146496,1
Wetland: Estuarine Emergent Carbon Initial Conditions: Belowground Very Fast,Site ID Wetland: Estuarine Emergent,35,35,1185.4687261146496,1
Wetland: Estuarine Emergent Carbon Initial Conditions: Belowground Very Fast,Site ID Wetland: Estuarine Emergent,53,53,1185.4687261146496,1
Wetland: Estuarine Emergent Carbon Initial Conditions: Belowground Very Fast,Site ID Wetland: Estuarine Emergent,71,71,1185.4687261146496,1
Wetland: Estuarine Emergent Carbon Initial Conditions: Belowground Very Fast,Site ID Wetland: Estuarine Emergent,89,89,1185.4687261146496,1
Wetland: Estuarine Emergent Carbon Initial Conditions: Belowground Very Fast,Site ID Wetland: Estuarine Emergent,107,107,1185.4687261146496,1
Wetland: Estuarine Emergent Carbon Initial Conditions: Belowground Very Fast,Site ID Wetland: Estuarine Emergent,125,125,1185.4687261146496,1
Wetland: Estuarine Emergent Carbon Initial Conditions: Belowground Very Fast,Site ID Wetland: Estuarine Emergent,143,143,1185.4687261146496,1
Wetland: Estuarine Emergent Carbon Initial Conditions: Belowground Very Fast,Site ID Wetland: Estuarine Emergent,161,161,1185.4687261146496,1
Wetland: Estuarine Emergent Carbon Initial Conditions: Belowground Very Fast,Site ID Wetland: Estuarine Emergent,18,18,2496.9180382165605,1
Wetland: Estuarine Emergent Carbon Initial Conditions: Belowground Very Fast,Site ID Wetland: Estuarine Emergent,36,36,2496.9180382165605,1
Wetland: Estuarine Emergent Carbon Initial Conditions: Belowground Very Fast,Site ID Wetland: Estuarine Emergent,54,54,2496.9180382165605,1
Wetland: Estuarine Emergent Carbon Initial Conditions: Belowground Very Fast,Site ID Wetland: Estuarine Emergent,72,72,2496.9180382165605,1
Wetland: Estuarine Emergent Carbon Initial Conditions: Belowground Very Fast,Site ID Wetland: Estuarine Emergent,90,90,2496.9180382165605,1
Wetland: Estuarine Emergent Carbon Initial Conditions: Belowground Very Fast,Site ID Wetland: Estuarine Emergent,108,108,2496.9180382165605,1
Wetland: Estuarine Emergent Carbon Initial Conditions: Belowground Very Fast,Site ID Wetland: Estuarine Emergent,126,126,2496.9180382165605,1
Wetland: Estuarine Emergent Carbon Initial Conditions: Belowground Very Fast,Site ID Wetland: Estuarine Emergent,144,144,2496.9180382165605,1
Wetland: Estuarine Emergent Carbon Initial Conditions: Belowground Very Fast,Site ID Wetland: Estuarine Emergent,162,162,2496.9180382165605,1
Wetland: Estuarine Emergent Carbon Initial Conditions: Belowground Slow,Site ID Wetland: Estuarine Emergent,1,1,56376.77133621473,1
Wetland: Estuarine Emergent Carbon Initial Conditions: Belowground Slow,Site ID Wetland: Estuarine Emergent,19,19,56376.77133621473,1
Wetland: Estuarine Emergent Carbon Initial Conditions: Belowground Slow,Site ID Wetland: Estuarine Emergent,37,37,56376.77133621473,1
Wetland: Estuarine Emergent Carbon Initial Conditions: Belowground Slow,Site ID Wetland: Estuarine Emergent,55,55,56376.77133621473,1
Wetland: Estuarine Emergent Carbon Initial Conditions: Belowground Slow,Site ID Wetland: Estuarine Emergent,73,73,56376.77133621473,1
Wetland: Estuarine Emergent Carbon Initial Conditions: Belowground Slow,Site ID Wetland: Estuarine Emergent,91,91,56376.77133621473,1
Wetland: Estuarine Emergent Carbon Initial Conditions: Belowground Slow,Site ID Wetland: Estuarine Emergent,109,109,56376.77133621473,1
Wetland: Estuarine Emergent Carbon Initial Conditions: Belowground Slow,Site ID Wetland: Estuarine Emergent,127,127,56376.77133621473,1
Wetland: Estuarine Emergent Carbon Initial Conditions: Belowground Slow,Site ID Wetland: Estuarine Emergent,145,145,56376.77133621473,1
Wetland: Estuarine Emergent Carbon Initial Conditions: Belowground Slow,Site ID Wetland: Estuarine Emergent,2,2,37892.07090172884,1
Wetland: Estuarine Emergent Carbon Initial Conditions: Belowground Slow,Site ID Wetland: Estuarine Emergent,20,20,37892.07090172884,1
Wetland: Estuarine Emergent Carbon Initial Conditions: Belowground Slow,Site ID Wetland: Estuarine Emergent,38,38,37892.07090172884,1
Wetland: Estuarine Emergent Carbon Initial Conditions: Belowground Slow,Site ID Wetland: Estuarine Emergent,56,56,37892.07090172884,1
Wetland: Estuarine Emergent Carbon Initial Conditions: Belowground Slow,Site ID Wetland: Estuarine Emergent,74,74,37892.07090172884,1
Wetland: Estuarine Emergent Carbon Initial Conditions: Belowground Slow,Site ID Wetland: Estuarine Emergent,92,92,37892.07090172884,1
Wetland: Estuarine Emergent Carbon Initial Conditions: Belowground Slow,Site ID Wetland: Estuarine Emergent,110,110,37892.07090172884,1
Wetland: Estuarine Emergent Carbon Initial Conditions: Belowground Slow,Site ID Wetland: Estuarine Emergent,128,128,37892.07090172884,1
Wetland: Estuarine Emergent Carbon Initial Conditions: Belowground Slow,Site ID Wetland: Estuarine Emergent,146,146,37892.07090172884,1
Wetland: Palustrine Emergent Carbon Initial Conditions: Belowground Slow,Site ID Wetland: Palustrine Emergent,1,1,49762.3521113133,1
Wetland: Palustrine Emergent Carbon Initial Conditions: Belowground Slow,Site ID Wetland: Palustrine Emergent,7,7,49762.3521113133,1
Wetland: Estuarine Emergent Carbon Initial Conditions: Belowground Slow,Site ID Wetland: Estuarine Emergent,3,3,45950.82012033666,1
Wetland: Estuarine Emergent Carbon Initial Conditions: Belowground Slow,Site ID Wetland: Estuarine Emergent,21,21,45950.82012033666,1
Wetland: Estuarine Emergent Carbon Initial Conditions: Belowground Slow,Site ID Wetland: Estuarine Emergent,39,39,45950.82012033666,1
Wetland: Estuarine Emergent Carbon Initial Conditions: Belowground Slow,Site ID Wetland: Estuarine Emergent,57,57,45950.82012033666,1
Wetland: Estuarine Emergent Carbon Initial Conditions: Belowground Slow,Site ID Wetland: Estuarine Emergent,75,75,45950.82012033666,1
Wetland: Estuarine Emergent Carbon Initial Conditions: Belowground Slow,Site ID Wetland: Estuarine Emergent,93,93,45950.82012033666,1
Wetland: Estuarine Emergent Carbon Initial Conditions: Belowground Slow,Site ID Wetland: Estuarine Emergent,111,111,45950.82012033666,1
Wetland: Estuarine Emergent Carbon Initial Conditions: Belowground Slow,Site ID Wetland: Estuarine Emergent,129,129,45950.82012033666,1
Wetland: Estuarine Emergent Carbon Initial Conditions: Belowground Slow,Site ID Wetland: Estuarine Emergent,147,147,45950.82012033666,1
Wetland: Estuarine Emergent Carbon Initial Conditions: Belowground Slow,Site ID Wetland: Estuarine Emergent,4,4,62630.059522975425,1
Wetland: Estuarine Emergent Carbon Initial Conditions: Belowground Slow,Site ID Wetland: Estuarine Emergent,22,22,62630.059522975425,1
Wetland: Estuarine Emergent Carbon Initial Conditions: Belowground Slow,Site ID Wetland: Estuarine Emergent,40,40,62630.059522975425,1
Wetland: Estuarine Emergent Carbon Initial Conditions: Belowground Slow,Site ID Wetland: Estuarine Emergent,58,58,62630.059522975425,1
Wetland: Estuarine Emergent Carbon Initial Conditions: Belowground Slow,Site ID Wetland: Estuarine Emergent,76,76,62630.059522975425,1
Wetland: Estuarine Emergent Carbon Initial Conditions: Belowground Slow,Site ID Wetland: Estuarine Emergent,94,94,62630.059522975425,1
Wetland: Estuarine Emergent Carbon Initial Conditions: Belowground Slow,Site ID Wetland: Estuarine Emergent,112,112,62630.059522975425,1
Wetland: Estuarine Emergent Carbon Initial Conditions: Belowground Slow,Site ID Wetland: Estuarine Emergent,130,130,62630.059522975425,1
Wetland: Estuarine Emergent Carbon Initial Conditions: Belowground Slow,Site ID Wetland: Estuarine Emergent,148,148,62630.059522975425,1
Wetland: Estuarine Emergent Carbon Initial Conditions: Belowground Slow,Site ID Wetland: Estuarine Emergent,5,5,35093.91489012739,1
Wetland: Estuarine Emergent Carbon Initial Conditions: Belowground Slow,Site ID Wetland: Estuarine Emergent,23,23,35093.91489012739,1
Wetland: Estuarine Emergent Carbon Initial Conditions: Belowground Slow,Site ID Wetland: Estuarine Emergent,41,41,35093.91489012739,1
Wetland: Estuarine Emergent Carbon Initial Conditions: Belowground Slow,Site ID Wetland: Estuarine Emergent,59,59,35093.91489012739,1
Wetland: Estuarine Emergent Carbon Initial Conditions: Belowground Slow,Site ID Wetland: Estuarine Emergent,77,77,35093.91489012739,1
Wetland: Estuarine Emergent Carbon Initial Conditions: Belowground Slow,Site ID Wetland: Estuarine Emergent,95,95,35093.91489012739,1
Wetland: Estuarine Emergent Carbon Initial Conditions: Belowground Slow,Site ID Wetland: Estuarine Emergent,113,113,35093.91489012739,1
Wetland: Estuarine Emergent Carbon Initial Conditions: Belowground Slow,Site ID Wetland: Estuarine Emergent,131,131,35093.91489012739,1
Wetland: Estuarine Emergent Carbon Initial Conditions: Belowground Slow,Site ID Wetland: Estuarine Emergent,149,149,35093.91489012739,1
Wetland: Estuarine Emergent Carbon Initial Conditions: Belowground Slow,Site ID Wetland: Estuarine Emergent,6,6,47736.93694790718,1
Wetland: Estuarine Emergent Carbon Initial Conditions: Belowground Slow,Site ID Wetland: Estuarine Emergent,24,24,47736.93694790718,1
Wetland: Estuarine Emergent Carbon Initial Conditions: Belowground Slow,Site ID Wetland: Estuarine Emergent,42,42,47736.93694790718,1
Wetland: Estuarine Emergent Carbon Initial Conditions: Belowground Slow,Site ID Wetland: Estuarine Emergent,60,60,47736.93694790718,1
Wetland: Estuarine Emergent Carbon Initial Conditions: Belowground Slow,Site ID Wetland: Estuarine Emergent,78,78,47736.93694790718,1
Wetland: Estuarine Emergent Carbon Initial Conditions: Belowground Slow,Site ID Wetland: Estuarine Emergent,96,96,47736.93694790718,1
Wetland: Estuarine Emergent Carbon Initial Conditions: Belowground Slow,Site ID Wetland: Estuarine Emergent,114,114,47736.93694790718,1
Wetland: Estuarine Emergent Carbon Initial Conditions: Belowground Slow,Site ID Wetland: Estuarine Emergent,132,132,47736.93694790718,1
Wetland: Estuarine Emergent Carbon Initial Conditions: Belowground Slow,Site ID Wetland: Estuarine Emergent,150,150,47736.93694790718,1
Wetland: Palustrine Emergent Carbon Initial Conditions: Belowground Slow,Site ID Wetland: Palustrine Emergent,2,2,56445.22322144374,1
Wetland: Palustrine Emergent Carbon Initial Conditions: Belowground Slow,Site ID Wetland: Palustrine Emergent,8,8,56445.22322144374,1
Wetland: Estuarine Emergent Carbon Initial Conditions: Belowground Slow,Site ID Wetland: Estuarine Emergent,7,7,39816.345045723385,1
Wetland: Estuarine Emergent Carbon Initial Conditions: Belowground Slow,Site ID Wetland: Estuarine Emergent,25,25,39816.345045723385,1
Wetland: Estuarine Emergent Carbon Initial Conditions: Belowground Slow,Site ID Wetland: Estuarine Emergent,43,43,39816.345045723385,1
Wetland: Estuarine Emergent Carbon Initial Conditions: Belowground Slow,Site ID Wetland: Estuarine Emergent,61,61,39816.345045723385,1
Wetland: Estuarine Emergent Carbon Initial Conditions: Belowground Slow,Site ID Wetland: Estuarine Emergent,79,79,39816.345045723385,1
Wetland: Estuarine Emergent Carbon Initial Conditions: Belowground Slow,Site ID Wetland: Estuarine Emergent,97,97,39816.345045723385,1
Wetland: Estuarine Emergent Carbon Initial Conditions: Belowground Slow,Site ID Wetland: Estuarine Emergent,115,115,39816.345045723385,1
Wetland: Estuarine Emergent Carbon Initial Conditions: Belowground Slow,Site ID Wetland: Estuarine Emergent,133,133,39816.345045723385,1
Wetland: Estuarine Emergent Carbon Initial Conditions: Belowground Slow,Site ID Wetland: Estuarine Emergent,151,151,39816.345045723385,1
Wetland: Estuarine Emergent Carbon Initial Conditions: Belowground Slow,Site ID Wetland: Estuarine Emergent,8,8,39826.12453139217,1
Wetland: Estuarine Emergent Carbon Initial Conditions: Belowground Slow,Site ID Wetland: Estuarine Emergent,26,26,39826.12453139217,1
Wetland: Estuarine Emergent Carbon Initial Conditions: Belowground Slow,Site ID Wetland: Estuarine Emergent,44,44,39826.12453139217,1
Wetland: Estuarine Emergent Carbon Initial Conditions: Belowground Slow,Site ID Wetland: Estuarine Emergent,62,62,39826.12453139217,1
Wetland: Estuarine Emergent Carbon Initial Conditions: Belowground Slow,Site ID Wetland: Estuarine Emergent,80,80,39826.12453139217,1
Wetland: Estuarine Emergent Carbon Initial Conditions: Belowground Slow,Site ID Wetland: Estuarine Emergent,98,98,39826.12453139217,1
Wetland: Estuarine Emergent Carbon Initial Conditions: Belowground Slow,Site ID Wetland: Estuarine Emergent,116,116,39826.12453139217,1
Wetland: Estuarine Emergent Carbon Initial Conditions: Belowground Slow,Site ID Wetland: Estuarine Emergent,134,134,39826.12453139217,1
Wetland: Estuarine Emergent Carbon Initial Conditions: Belowground Slow,Site ID Wetland: Estuarine Emergent,152,152,39826.12453139217,1
Wetland: Palustrine Emergent Carbon Initial Conditions: Belowground Slow,Site ID Wetland: Palustrine Emergent,3,3,46377.6334633758,1
Wetland: Palustrine Emergent Carbon Initial Conditions: Belowground Slow,Site ID Wetland: Palustrine Emergent,9,9,46377.6334633758,1
Wetland: Palustrine Emergent Carbon Initial Conditions: Belowground Slow,Site ID Wetland: Palustrine Emergent,4,4,68470.9943143767,1
Wetland: Palustrine Emergent Carbon Initial Conditions: Belowground Slow,Site ID Wetland: Palustrine Emergent,10,10,68470.9943143767,1
Wetland: Estuarine Emergent Carbon Initial Conditions: Belowground Slow,Site ID Wetland: Estuarine Emergent,9,9,37141.03965423112,1
Wetland: Estuarine Emergent Carbon Initial Conditions: Belowground Slow,Site ID Wetland: Estuarine Emergent,27,27,37141.03965423112,1
Wetland: Estuarine Emergent Carbon Initial Conditions: Belowground Slow,Site ID Wetland: Estuarine Emergent,45,45,37141.03965423112,1
Wetland: Estuarine Emergent Carbon Initial Conditions: Belowground Slow,Site ID Wetland: Estuarine Emergent,63,63,37141.03965423112,1
Wetland: Estuarine Emergent Carbon Initial Conditions: Belowground Slow,Site ID Wetland: Estuarine Emergent,81,81,37141.03965423112,1
Wetland: Estuarine Emergent Carbon Initial Conditions: Belowground Slow,Site ID Wetland: Estuarine Emergent,99,99,37141.03965423112,1
Wetland: Estuarine Emergent Carbon Initial Conditions: Belowground Slow,Site ID Wetland: Estuarine Emergent,117,117,37141.03965423112,1
Wetland: Estuarine Emergent Carbon Initial Conditions: Belowground Slow,Site ID Wetland: Estuarine Emergent,135,135,37141.03965423112,1
Wetland: Estuarine Emergent Carbon Initial Conditions: Belowground Slow,Site ID Wetland: Estuarine Emergent,153,153,37141.03965423112,1
Wetland: Palustrine Emergent Carbon Initial Conditions: Belowground Slow,Site ID Wetland: Palustrine Emergent,5,5,45700.531863057324,1
Wetland: Palustrine Emergent Carbon Initial Conditions: Belowground Slow,Site ID Wetland: Palustrine Emergent,11,11,45700.531863057324,1
Wetland: Estuarine Emergent Carbon Initial Conditions: Belowground Slow,Site ID Wetland: Estuarine Emergent,10,10,33943.94652866242,1
Wetland: Estuarine Emergent Carbon Initial Conditions: Belowground Slow,Site ID Wetland: Estuarine Emergent,28,28,33943.94652866242,1
Wetland: Estuarine Emergent Carbon Initial Conditions: Belowground Slow,Site ID Wetland: Estuarine Emergent,46,46,33943.94652866242,1
Wetland: Estuarine Emergent Carbon Initial Conditions: Belowground Slow,Site ID Wetland: Estuarine Emergent,64,64,33943.94652866242,1
Wetland: Estuarine Emergent Carbon Initial Conditions: Belowground Slow,Site ID Wetland: Estuarine Emergent,82,82,33943.94652866242,1
Wetland: Estuarine Emergent Carbon Initial Conditions: Belowground Slow,Site ID Wetland: Estuarine Emergent,100,100,33943.94652866242,1
Wetland: Estuarine Emergent Carbon Initial Conditions: Belowground Slow,Site ID Wetland: Estuarine Emergent,118,118,33943.94652866242,1
Wetland: Estuarine Emergent Carbon Initial Conditions: Belowground Slow,Site ID Wetland: Estuarine Emergent,136,136,33943.94652866242,1
Wetland: Estuarine Emergent Carbon Initial Conditions: Belowground Slow,Site ID Wetland: Estuarine Emergent,154,154,33943.94652866242,1
Wetland: Estuarine Emergent Carbon Initial Conditions: Belowground Slow,Site ID Wetland: Estuarine Emergent,11,11,53832.62411434638,1
Wetland: Estuarine Emergent Carbon Initial Conditions: Belowground Slow,Site ID Wetland: Estuarine Emergent,29,29,53832.62411434638,1
Wetland: Estuarine Emergent Carbon Initial Conditions: Belowground Slow,Site ID Wetland: Estuarine Emergent,47,47,53832.62411434638,1
Wetland: Estuarine Emergent Carbon Initial Conditions: Belowground Slow,Site ID Wetland: Estuarine Emergent,65,65,53832.62411434638,1
Wetland: Estuarine Emergent Carbon Initial Conditions: Belowground Slow,Site ID Wetland: Estuarine Emergent,83,83,53832.62411434638,1
Wetland: Estuarine Emergent Carbon Initial Conditions: Belowground Slow,Site ID Wetland: Estuarine Emergent,101,101,53832.62411434638,1
Wetland: Estuarine Emergent Carbon Initial Conditions: Belowground Slow,Site ID Wetland: Estuarine Emergent,119,119,53832.62411434638,1
Wetland: Estuarine Emergent Carbon Initial Conditions: Belowground Slow,Site ID Wetland: Estuarine Emergent,137,137,53832.62411434638,1
Wetland: Estuarine Emergent Carbon Initial Conditions: Belowground Slow,Site ID Wetland: Estuarine Emergent,155,155,53832.62411434638,1
Wetland: Estuarine Emergent Carbon Initial Conditions: Belowground Slow,Site ID Wetland: Estuarine Emergent,12,12,49770.90392212617,1
Wetland: Estuarine Emergent Carbon Initial Conditions: Belowground Slow,Site ID Wetland: Estuarine Emergent,30,30,49770.90392212617,1
Wetland: Estuarine Emergent Carbon Initial Conditions: Belowground Slow,Site ID Wetland: Estuarine Emergent,48,48,49770.90392212617,1
Wetland: Estuarine Emergent Carbon Initial Conditions: Belowground Slow,Site ID Wetland: Estuarine Emergent,66,66,49770.90392212617,1
Wetland: Estuarine Emergent Carbon Initial Conditions: Belowground Slow,Site ID Wetland: Estuarine Emergent,84,84,49770.90392212617,1
Wetland: Estuarine Emergent Carbon Initial Conditions: Belowground Slow,Site ID Wetland: Estuarine Emergent,102,102,49770.90392212617,1
Wetland: Estuarine Emergent Carbon Initial Conditions: Belowground Slow,Site ID Wetland: Estuarine Emergent,120,120,49770.90392212617,1
Wetland: Estuarine Emergent Carbon Initial Conditions: Belowground Slow,Site ID Wetland: Estuarine Emergent,138,138,49770.90392212617,1
Wetland: Estuarine Emergent Carbon Initial Conditions: Belowground Slow,Site ID Wetland: Estuarine Emergent,156,156,49770.90392212617,1
Wetland: Estuarine Emergent Carbon Initial Conditions: Belowground Slow,Site ID Wetland: Estuarine Emergent,13,13,64693.15661806187,1
Wetland: Estuarine Emergent Carbon Initial Conditions: Belowground Slow,Site ID Wetland: Estuarine Emergent,31,31,64693.15661806187,1
Wetland: Estuarine Emergent Carbon Initial Conditions: Belowground Slow,Site ID Wetland: Estuarine Emergent,49,49,64693.15661806187,1
Wetland: Estuarine Emergent Carbon Initial Conditions: Belowground Slow,Site ID Wetland: Estuarine Emergent,67,67,64693.15661806187,1
Wetland: Estuarine Emergent Carbon Initial Conditions: Belowground Slow,Site ID Wetland: Estuarine Emergent,85,85,64693.15661806187,1
Wetland: Estuarine Emergent Carbon Initial Conditions: Belowground Slow,Site ID Wetland: Estuarine Emergent,103,103,64693.15661806187,1
Wetland: Estuarine Emergent Carbon Initial Conditions: Belowground Slow,Site ID Wetland: Estuarine Emergent,121,121,64693.15661806187,1
Wetland: Estuarine Emergent Carbon Initial Conditions: Belowground Slow,Site ID Wetland: Estuarine Emergent,139,139,64693.15661806187,1
Wetland: Estuarine Emergent Carbon Initial Conditions: Belowground Slow,Site ID Wetland: Estuarine Emergent,157,157,64693.15661806187,1
Wetland: Palustrine Emergent Carbon Initial Conditions: Belowground Slow,Site ID Wetland: Palustrine Emergent,6,6,73041.3133218077,1
Wetland: Palustrine Emergent Carbon Initial Conditions: Belowground Slow,Site ID Wetland: Palustrine Emergent,12,12,73041.3133218077,1
Wetland: Estuarine Emergent Carbon Initial Conditions: Belowground Slow,Site ID Wetland: Estuarine Emergent,14,14,53948.12051524112,1
Wetland: Estuarine Emergent Carbon Initial Conditions: Belowground Slow,Site ID Wetland: Estuarine Emergent,32,32,53948.12051524112,1
Wetland: Estuarine Emergent Carbon Initial Conditions: Belowground Slow,Site ID Wetland: Estuarine Emergent,50,50,53948.12051524112,1
Wetland: Estuarine Emergent Carbon Initial Conditions: Belowground Slow,Site ID Wetland: Estuarine Emergent,68,68,53948.12051524112,1
Wetland: Estuarine Emergent Carbon Initial Conditions: Belowground Slow,Site ID Wetland: Estuarine Emergent,86,86,53948.12051524112,1
Wetland: Estuarine Emergent Carbon Initial Conditions: Belowground Slow,Site ID Wetland: Estuarine Emergent,104,104,53948.12051524112,1
Wetland: Estuarine Emergent Carbon Initial Conditions: Belowground Slow,Site ID Wetland: Estuarine Emergent,122,122,53948.12051524112,1
Wetland: Estuarine Emergent Carbon Initial Conditions: Belowground Slow,Site ID Wetland: Estuarine Emergent,140,140,53948.12051524112,1
Wetland: Estuarine Emergent Carbon Initial Conditions: Belowground Slow,Site ID Wetland: Estuarine Emergent,158,158,53948.12051524112,1
Wetland: Estuarine Emergent Carbon Initial Conditions: Belowground Slow,Site ID Wetland: Estuarine Emergent,15,15,52575.14468676069,1
Wetland: Estuarine Emergent Carbon Initial Conditions: Belowground Slow,Site ID Wetland: Estuarine Emergent,33,33,52575.14468676069,1
Wetland: Estuarine Emergent Carbon Initial Conditions: Belowground Slow,Site ID Wetland: Estuarine Emergent,51,51,52575.14468676069,1
Wetland: Estuarine Emergent Carbon Initial Conditions: Belowground Slow,Site ID Wetland: Estuarine Emergent,69,69,52575.14468676069,1
Wetland: Estuarine Emergent Carbon Initial Conditions: Belowground Slow,Site ID Wetland: Estuarine Emergent,87,87,52575.14468676069,1
Wetland: Estuarine Emergent Carbon Initial Conditions: Belowground Slow,Site ID Wetland: Estuarine Emergent,105,105,52575.14468676069,1
Wetland: Estuarine Emergent Carbon Initial Conditions: Belowground Slow,Site ID Wetland: Estuarine Emergent,123,123,52575.14468676069,1
Wetland: Estuarine Emergent Carbon Initial Conditions: Belowground Slow,Site ID Wetland: Estuarine Emergent,141,141,52575.14468676069,1
Wetland: Estuarine Emergent Carbon Initial Conditions: Belowground Slow,Site ID Wetland: Estuarine Emergent,159,159,52575.14468676069,1
Wetland: Estuarine Emergent Carbon Initial Conditions: Belowground Slow,Site ID Wetland: Estuarine Emergent,16,16,45499.70871337579,1
Wetland: Estuarine Emergent Carbon Initial Conditions: Belowground Slow,Site ID Wetland: Estuarine Emergent,34,34,45499.70871337579,1
Wetland: Estuarine Emergent Carbon Initial Conditions: Belowground Slow,Site ID Wetland: Estuarine Emergent,52,52,45499.70871337579,1
Wetland: Estuarine Emergent Carbon Initial Conditions: Belowground Slow,Site ID Wetland: Estuarine Emergent,70,70,45499.70871337579,1
Wetland: Estuarine Emergent Carbon Initial Conditions: Belowground Slow,Site ID Wetland: Estuarine Emergent,88,88,45499.70871337579,1
Wetland: Estuarine Emergent Carbon Initial Conditions: Belowground Slow,Site ID Wetland: Estuarine Emergent,106,106,45499.70871337579,1
Wetland: Estuarine Emergent Carbon Initial Conditions: Belowground Slow,Site ID Wetland: Estuarine Emergent,124,124,45499.70871337579,1
Wetland: Estuarine Emergent Carbon Initial Conditions: Belowground Slow,Site ID Wetland: Estuarine Emergent,142,142,45499.70871337579,1
Wetland: Estuarine Emergent Carbon Initial Conditions: Belowground Slow,Site ID Wetland: Estuarine Emergent,160,160,45499.70871337579,1
Wetland: Estuarine Emergent Carbon Initial Conditions: Belowground Slow,Site ID Wetland: Estuarine Emergent,17,17,104937.87378616925,1
Wetland: Estuarine Emergent Carbon Initial Conditions: Belowground Slow,Site ID Wetland: Estuarine Emergent,35,35,104937.87378616925,1
Wetland: Estuarine Emergent Carbon Initial Conditions: Belowground Slow,Site ID Wetland: Estuarine Emergent,53,53,104937.87378616925,1
Wetland: Estuarine Emergent Carbon Initial Conditions: Belowground Slow,Site ID Wetland: Estuarine Emergent,71,71,104937.87378616925,1
Wetland: Estuarine Emergent Carbon Initial Conditions: Belowground Slow,Site ID Wetland: Estuarine Emergent,89,89,104937.87378616925,1
Wetland: Estuarine Emergent Carbon Initial Conditions: Belowground Slow,Site ID Wetland: Estuarine Emergent,107,107,104937.87378616925,1
Wetland: Estuarine Emergent Carbon Initial Conditions: Belowground Slow,Site ID Wetland: Estuarine Emergent,125,125,104937.87378616925,1
Wetland: Estuarine Emergent Carbon Initial Conditions: Belowground Slow,Site ID Wetland: Estuarine Emergent,143,143,104937.87378616925,1
Wetland: Estuarine Emergent Carbon Initial Conditions: Belowground Slow,Site ID Wetland: Estuarine Emergent,161,161,104937.87378616925,1
Wetland: Estuarine Emergent Carbon Initial Conditions: Belowground Slow,Site ID Wetland: Estuarine Emergent,18,18,43434.45508007279,1
Wetland: Estuarine Emergent Carbon Initial Conditions: Belowground Slow,Site ID Wetland: Estuarine Emergent,36,36,43434.45508007279,1
Wetland: Estuarine Emergent Carbon Initial Conditions: Belowground Slow,Site ID Wetland: Estuarine Emergent,54,54,43434.45508007279,1
Wetland: Estuarine Emergent Carbon Initial Conditions: Belowground Slow,Site ID Wetland: Estuarine Emergent,72,72,43434.45508007279,1
Wetland: Estuarine Emergent Carbon Initial Conditions: Belowground Slow,Site ID Wetland: Estuarine Emergent,90,90,43434.45508007279,1
Wetland: Estuarine Emergent Carbon Initial Conditions: Belowground Slow,Site ID Wetland: Estuarine Emergent,108,108,43434.45508007279,1
Wetland: Estuarine Emergent Carbon Initial Conditions: Belowground Slow,Site ID Wetland: Estuarine Emergent,126,126,43434.45508007279,1
Wetland: Estuarine Emergent Carbon Initial Conditions: Belowground Slow,Site ID Wetland: Estuarine Emergent,144,144,43434.45508007279,1
Wetland: Estuarine Emergent Carbon Initial Conditions: Belowground Slow,Site ID Wetland: Estuarine Emergent,162,162,43434.45508007279,1
