DistributionTypeID,ExternalVariableTypeID,ExternalVariableMin,ExternalVariableMax,Value,ValueDistributionRelativeFrequency
Wetland: Estuarine Emergent Net Growth Wetland Emergent: Atmosphere -> Foliage,Site ID Wetland: Estuarine Emergent,1,1,0.12605581937630805,1
Wetland: Estuarine Emergent Net Growth Wetland Emergent: Atmosphere -> Foliage,Site ID Wetland: Estuarine Emergent,19,19,0.12605581937630805,1
Wetland: Estuarine Emergent Net Growth Wetland Emergent: Atmosphere -> Foliage,Site ID Wetland: Estuarine Emergent,37,37,0.12605581937630805,1
Wetland: Estuarine Emergent Net Growth Wetland Emergent: Atmosphere -> Foliage,Site ID Wetland: Estuarine Emergent,55,55,0.12605581937630805,1
Wetland: Estuarine Emergent Net Growth Wetland Emergent: Atmosphere -> Foliage,Site ID Wetland: Estuarine Emergent,73,73,0.12605581937630805,1
Wetland: Estuarine Emergent Net Growth Wetland Emergent: Atmosphere -> Foliage,Site ID Wetland: Estuarine Emergent,91,91,0.12605581937630805,1
Wetland: Estuarine Emergent Net Growth Wetland Emergent: Atmosphere -> Foliage,Site ID Wetland: Estuarine Emergent,109,109,0.12605581937630805,1
Wetland: Estuarine Emergent Net Growth Wetland Emergent: Atmosphere -> Foliage,Site ID Wetland: Estuarine Emergent,127,127,0.12605581937630805,1
Wetland: Estuarine Emergent Net Growth Wetland Emergent: Atmosphere -> Foliage,Site ID Wetland: Estuarine Emergent,145,145,0.12605581937630805,1
Wetland: Estuarine Emergent Net Growth Wetland Emergent: Atmosphere -> Foliage,Site ID Wetland: Estuarine Emergent,2,2,0.10159587144292988,1
Wetland: Estuarine Emergent Net Growth Wetland Emergent: Atmosphere -> Foliage,Site ID Wetland: Estuarine Emergent,20,20,0.10159587144292988,1
Wetland: Estuarine Emergent Net Growth Wetland Emergent: Atmosphere -> Foliage,Site ID Wetland: Estuarine Emergent,38,38,0.10159587144292988,1
Wetland: Estuarine Emergent Net Growth Wetland Emergent: Atmosphere -> Foliage,Site ID Wetland: Estuarine Emergent,56,56,0.10159587144292988,1
Wetland: Estuarine Emergent Net Growth Wetland Emergent: Atmosphere -> Foliage,Site ID Wetland: Estuarine Emergent,74,74,0.10159587144292988,1
Wetland: Estuarine Emergent Net Growth Wetland Emergent: Atmosphere -> Foliage,Site ID Wetland: Estuarine Emergent,92,92,0.10159587144292988,1
Wetland: Estuarine Emergent Net Growth Wetland Emergent: Atmosphere -> Foliage,Site ID Wetland: Estuarine Emergent,110,110,0.10159587144292988,1
Wetland: Estuarine Emergent Net Growth Wetland Emergent: Atmosphere -> Foliage,Site ID Wetland: Estuarine Emergent,128,128,0.10159587144292988,1
Wetland: Estuarine Emergent Net Growth Wetland Emergent: Atmosphere -> Foliage,Site ID Wetland: Estuarine Emergent,146,146,0.10159587144292988,1
Wetland: Palustrine Emergent Net Growth Wetland Emergent: Atmosphere -> Foliage,Site ID Wetland: Palustrine Emergent,1,1,0.1527923052753023,1
Wetland: Palustrine Emergent Net Growth Wetland Emergent: Atmosphere -> Foliage,Site ID Wetland: Palustrine Emergent,7,7,0.1527923052753023,1
Wetland: Palustrine Emergent Net Growth Wetland Emergent: Atmosphere -> Foliage,Site ID Wetland: Palustrine Emergent,13,13,0.1527923052753023,1
Wetland: Estuarine Emergent Net Growth Wetland Emergent: Atmosphere -> Foliage,Site ID Wetland: Estuarine Emergent,3,3,0.21349859805449123,1
Wetland: Estuarine Emergent Net Growth Wetland Emergent: Atmosphere -> Foliage,Site ID Wetland: Estuarine Emergent,21,21,0.21349859805449123,1
Wetland: Estuarine Emergent Net Growth Wetland Emergent: Atmosphere -> Foliage,Site ID Wetland: Estuarine Emergent,39,39,0.21349859805449123,1
Wetland: Estuarine Emergent Net Growth Wetland Emergent: Atmosphere -> Foliage,Site ID Wetland: Estuarine Emergent,57,57,0.21349859805449123,1
Wetland: Estuarine Emergent Net Growth Wetland Emergent: Atmosphere -> Foliage,Site ID Wetland: Estuarine Emergent,75,75,0.21349859805449123,1
Wetland: Estuarine Emergent Net Growth Wetland Emergent: Atmosphere -> Foliage,Site ID Wetland: Estuarine Emergent,93,93,0.21349859805449123,1
Wetland: Estuarine Emergent Net Growth Wetland Emergent: Atmosphere -> Foliage,Site ID Wetland: Estuarine Emergent,111,111,0.21349859805449123,1
Wetland: Estuarine Emergent Net Growth Wetland Emergent: Atmosphere -> Foliage,Site ID Wetland: Estuarine Emergent,129,129,0.21349859805449123,1
Wetland: Estuarine Emergent Net Growth Wetland Emergent: Atmosphere -> Foliage,Site ID Wetland: Estuarine Emergent,147,147,0.21349859805449123,1
Wetland: Estuarine Emergent Net Growth Wetland Emergent: Atmosphere -> Foliage,Site ID Wetland: Estuarine Emergent,4,4,0.17461643492547985,1
Wetland: Estuarine Emergent Net Growth Wetland Emergent: Atmosphere -> Foliage,Site ID Wetland: Estuarine Emergent,22,22,0.17461643492547985,1
Wetland: Estuarine Emergent Net Growth Wetland Emergent: Atmosphere -> Foliage,Site ID Wetland: Estuarine Emergent,40,40,0.17461643492547985,1
Wetland: Estuarine Emergent Net Growth Wetland Emergent: Atmosphere -> Foliage,Site ID Wetland: Estuarine Emergent,58,58,0.17461643492547985,1
Wetland: Estuarine Emergent Net Growth Wetland Emergent: Atmosphere -> Foliage,Site ID Wetland: Estuarine Emergent,76,76,0.17461643492547985,1
Wetland: Estuarine Emergent Net Growth Wetland Emergent: Atmosphere -> Foliage,Site ID Wetland: Estuarine Emergent,94,94,0.17461643492547985,1
Wetland: Estuarine Emergent Net Growth Wetland Emergent: Atmosphere -> Foliage,Site ID Wetland: Estuarine Emergent,112,112,0.17461643492547985,1
Wetland: Estuarine Emergent Net Growth Wetland Emergent: Atmosphere -> Foliage,Site ID Wetland: Estuarine Emergent,130,130,0.17461643492547985,1
Wetland: Estuarine Emergent Net Growth Wetland Emergent: Atmosphere -> Foliage,Site ID Wetland: Estuarine Emergent,148,148,0.17461643492547985,1
Wetland: Estuarine Emergent Net Growth Wetland Emergent: Atmosphere -> Foliage,Site ID Wetland: Estuarine Emergent,5,5,0.18405814853622393,1
Wetland: Estuarine Emergent Net Growth Wetland Emergent: Atmosphere -> Foliage,Site ID Wetland: Estuarine Emergent,23,23,0.18405814853622393,1
Wetland: Estuarine Emergent Net Growth Wetland Emergent: Atmosphere -> Foliage,Site ID Wetland: Estuarine Emergent,41,41,0.18405814853622393,1
Wetland: Estuarine Emergent Net Growth Wetland Emergent: Atmosphere -> Foliage,Site ID Wetland: Estuarine Emergent,59,59,0.18405814853622393,1
Wetland: Estuarine Emergent Net Growth Wetland Emergent: Atmosphere -> Foliage,Site ID Wetland: Estuarine Emergent,77,77,0.18405814853622393,1
Wetland: Estuarine Emergent Net Growth Wetland Emergent: Atmosphere -> Foliage,Site ID Wetland: Estuarine Emergent,95,95,0.18405814853622393,1
Wetland: Estuarine Emergent Net Growth Wetland Emergent: Atmosphere -> Foliage,Site ID Wetland: Estuarine Emergent,113,113,0.18405814853622393,1
Wetland: Estuarine Emergent Net Growth Wetland Emergent: Atmosphere -> Foliage,Site ID Wetland: Estuarine Emergent,131,131,0.18405814853622393,1
Wetland: Estuarine Emergent Net Growth Wetland Emergent: Atmosphere -> Foliage,Site ID Wetland: Estuarine Emergent,149,149,0.18405814853622393,1
Wetland: Estuarine Emergent Net Growth Wetland Emergent: Atmosphere -> Foliage,Site ID Wetland: Estuarine Emergent,6,6,0.19650595649799035,1
Wetland: Estuarine Emergent Net Growth Wetland Emergent: Atmosphere -> Foliage,Site ID Wetland: Estuarine Emergent,24,24,0.19650595649799035,1
Wetland: Estuarine Emergent Net Growth Wetland Emergent: Atmosphere -> Foliage,Site ID Wetland: Estuarine Emergent,42,42,0.19650595649799035,1
Wetland: Estuarine Emergent Net Growth Wetland Emergent: Atmosphere -> Foliage,Site ID Wetland: Estuarine Emergent,60,60,0.19650595649799035,1
Wetland: Estuarine Emergent Net Growth Wetland Emergent: Atmosphere -> Foliage,Site ID Wetland: Estuarine Emergent,78,78,0.19650595649799035,1
Wetland: Estuarine Emergent Net Growth Wetland Emergent: Atmosphere -> Foliage,Site ID Wetland: Estuarine Emergent,96,96,0.19650595649799035,1
Wetland: Estuarine Emergent Net Growth Wetland Emergent: Atmosphere -> Foliage,Site ID Wetland: Estuarine Emergent,114,114,0.19650595649799035,1
Wetland: Estuarine Emergent Net Growth Wetland Emergent: Atmosphere -> Foliage,Site ID Wetland: Estuarine Emergent,132,132,0.19650595649799035,1
Wetland: Estuarine Emergent Net Growth Wetland Emergent: Atmosphere -> Foliage,Site ID Wetland: Estuarine Emergent,150,150,0.19650595649799035,1
Wetland: Palustrine Emergent Net Growth Wetland Emergent: Atmosphere -> Foliage,Site ID Wetland: Palustrine Emergent,2,2,0.09347409832789204,1
Wetland: Palustrine Emergent Net Growth Wetland Emergent: Atmosphere -> Foliage,Site ID Wetland: Palustrine Emergent,8,8,0.09347409832789204,1
Wetland: Palustrine Emergent Net Growth Wetland Emergent: Atmosphere -> Foliage,Site ID Wetland: Palustrine Emergent,14,14,0.09347409832789204,1
Wetland: Estuarine Emergent Net Growth Wetland Emergent: Atmosphere -> Foliage,Site ID Wetland: Estuarine Emergent,7,7,0.06884541524884785,1
Wetland: Estuarine Emergent Net Growth Wetland Emergent: Atmosphere -> Foliage,Site ID Wetland: Estuarine Emergent,25,25,0.06884541524884785,1
Wetland: Estuarine Emergent Net Growth Wetland Emergent: Atmosphere -> Foliage,Site ID Wetland: Estuarine Emergent,43,43,0.06884541524884785,1
Wetland: Estuarine Emergent Net Growth Wetland Emergent: Atmosphere -> Foliage,Site ID Wetland: Estuarine Emergent,61,61,0.06884541524884785,1
Wetland: Estuarine Emergent Net Growth Wetland Emergent: Atmosphere -> Foliage,Site ID Wetland: Estuarine Emergent,79,79,0.06884541524884785,1
Wetland: Estuarine Emergent Net Growth Wetland Emergent: Atmosphere -> Foliage,Site ID Wetland: Estuarine Emergent,97,97,0.06884541524884785,1
Wetland: Estuarine Emergent Net Growth Wetland Emergent: Atmosphere -> Foliage,Site ID Wetland: Estuarine Emergent,115,115,0.06884541524884785,1
Wetland: Estuarine Emergent Net Growth Wetland Emergent: Atmosphere -> Foliage,Site ID Wetland: Estuarine Emergent,133,133,0.06884541524884785,1
Wetland: Estuarine Emergent Net Growth Wetland Emergent: Atmosphere -> Foliage,Site ID Wetland: Estuarine Emergent,151,151,0.06884541524884785,1
Wetland: Estuarine Emergent Net Growth Wetland Emergent: Atmosphere -> Foliage,Site ID Wetland: Estuarine Emergent,8,8,0.1567078631791499,1
Wetland: Estuarine Emergent Net Growth Wetland Emergent: Atmosphere -> Foliage,Site ID Wetland: Estuarine Emergent,26,26,0.1567078631791499,1
Wetland: Estuarine Emergent Net Growth Wetland Emergent: Atmosphere -> Foliage,Site ID Wetland: Estuarine Emergent,44,44,0.1567078631791499,1
Wetland: Estuarine Emergent Net Growth Wetland Emergent: Atmosphere -> Foliage,Site ID Wetland: Estuarine Emergent,62,62,0.1567078631791499,1
Wetland: Estuarine Emergent Net Growth Wetland Emergent: Atmosphere -> Foliage,Site ID Wetland: Estuarine Emergent,80,80,0.1567078631791499,1
Wetland: Estuarine Emergent Net Growth Wetland Emergent: Atmosphere -> Foliage,Site ID Wetland: Estuarine Emergent,98,98,0.1567078631791499,1
Wetland: Estuarine Emergent Net Growth Wetland Emergent: Atmosphere -> Foliage,Site ID Wetland: Estuarine Emergent,116,116,0.1567078631791499,1
Wetland: Estuarine Emergent Net Growth Wetland Emergent: Atmosphere -> Foliage,Site ID Wetland: Estuarine Emergent,134,134,0.1567078631791499,1
Wetland: Estuarine Emergent Net Growth Wetland Emergent: Atmosphere -> Foliage,Site ID Wetland: Estuarine Emergent,152,152,0.1567078631791499,1
Wetland: Palustrine Emergent Net Growth Wetland Emergent: Atmosphere -> Foliage,Site ID Wetland: Palustrine Emergent,3,3,0.1702738667153811,1
Wetland: Palustrine Emergent Net Growth Wetland Emergent: Atmosphere -> Foliage,Site ID Wetland: Palustrine Emergent,9,9,0.1702738667153811,1
Wetland: Palustrine Emergent Net Growth Wetland Emergent: Atmosphere -> Foliage,Site ID Wetland: Palustrine Emergent,15,15,0.1702738667153811,1
Wetland: Palustrine Emergent Net Growth Wetland Emergent: Atmosphere -> Foliage,Site ID Wetland: Palustrine Emergent,4,4,0.23760617710616636,1
Wetland: Palustrine Emergent Net Growth Wetland Emergent: Atmosphere -> Foliage,Site ID Wetland: Palustrine Emergent,10,10,0.23760617710616636,1
Wetland: Palustrine Emergent Net Growth Wetland Emergent: Atmosphere -> Foliage,Site ID Wetland: Palustrine Emergent,16,16,0.23760617710616636,1
Wetland: Estuarine Emergent Net Growth Wetland Emergent: Atmosphere -> Foliage,Site ID Wetland: Estuarine Emergent,9,9,0.15165530115136536,1
Wetland: Estuarine Emergent Net Growth Wetland Emergent: Atmosphere -> Foliage,Site ID Wetland: Estuarine Emergent,27,27,0.15165530115136536,1
Wetland: Estuarine Emergent Net Growth Wetland Emergent: Atmosphere -> Foliage,Site ID Wetland: Estuarine Emergent,45,45,0.15165530115136536,1
Wetland: Estuarine Emergent Net Growth Wetland Emergent: Atmosphere -> Foliage,Site ID Wetland: Estuarine Emergent,63,63,0.15165530115136536,1
Wetland: Estuarine Emergent Net Growth Wetland Emergent: Atmosphere -> Foliage,Site ID Wetland: Estuarine Emergent,81,81,0.15165530115136536,1
Wetland: Estuarine Emergent Net Growth Wetland Emergent: Atmosphere -> Foliage,Site ID Wetland: Estuarine Emergent,99,99,0.15165530115136536,1
Wetland: Estuarine Emergent Net Growth Wetland Emergent: Atmosphere -> Foliage,Site ID Wetland: Estuarine Emergent,117,117,0.15165530115136536,1
Wetland: Estuarine Emergent Net Growth Wetland Emergent: Atmosphere -> Foliage,Site ID Wetland: Estuarine Emergent,135,135,0.15165530115136536,1
Wetland: Estuarine Emergent Net Growth Wetland Emergent: Atmosphere -> Foliage,Site ID Wetland: Estuarine Emergent,153,153,0.15165530115136536,1
Wetland: Palustrine Emergent Net Growth Wetland Emergent: Atmosphere -> Foliage,Site ID Wetland: Palustrine Emergent,5,5,0.1429379970630369,1
Wetland: Palustrine Emergent Net Growth Wetland Emergent: Atmosphere -> Foliage,Site ID Wetland: Palustrine Emergent,11,11,0.1429379970630369,1
Wetland: Palustrine Emergent Net Growth Wetland Emergent: Atmosphere -> Foliage,Site ID Wetland: Palustrine Emergent,17,17,0.1429379970630369,1
Wetland: Estuarine Emergent Net Growth Wetland Emergent: Atmosphere -> Foliage,Site ID Wetland: Estuarine Emergent,10,10,0.13615927309845471,1
Wetland: Estuarine Emergent Net Growth Wetland Emergent: Atmosphere -> Foliage,Site ID Wetland: Estuarine Emergent,28,28,0.13615927309845471,1
Wetland: Estuarine Emergent Net Growth Wetland Emergent: Atmosphere -> Foliage,Site ID Wetland: Estuarine Emergent,46,46,0.13615927309845471,1
Wetland: Estuarine Emergent Net Growth Wetland Emergent: Atmosphere -> Foliage,Site ID Wetland: Estuarine Emergent,64,64,0.13615927309845471,1
Wetland: Estuarine Emergent Net Growth Wetland Emergent: Atmosphere -> Foliage,Site ID Wetland: Estuarine Emergent,82,82,0.13615927309845471,1
Wetland: Estuarine Emergent Net Growth Wetland Emergent: Atmosphere -> Foliage,Site ID Wetland: Estuarine Emergent,100,100,0.13615927309845471,1
Wetland: Estuarine Emergent Net Growth Wetland Emergent: Atmosphere -> Foliage,Site ID Wetland: Estuarine Emergent,118,118,0.13615927309845471,1
Wetland: Estuarine Emergent Net Growth Wetland Emergent: Atmosphere -> Foliage,Site ID Wetland: Estuarine Emergent,136,136,0.13615927309845471,1
Wetland: Estuarine Emergent Net Growth Wetland Emergent: Atmosphere -> Foliage,Site ID Wetland: Estuarine Emergent,154,154,0.13615927309845471,1
Wetland: Estuarine Emergent Net Growth Wetland Emergent: Atmosphere -> Foliage,Site ID Wetland: Estuarine Emergent,11,11,0.35847493132813174,1
Wetland: Estuarine Emergent Net Growth Wetland Emergent: Atmosphere -> Foliage,Site ID Wetland: Estuarine Emergent,29,29,0.35847493132813174,1
Wetland: Estuarine Emergent Net Growth Wetland Emergent: Atmosphere -> Foliage,Site ID Wetland: Estuarine Emergent,47,47,0.35847493132813174,1
Wetland: Estuarine Emergent Net Growth Wetland Emergent: Atmosphere -> Foliage,Site ID Wetland: Estuarine Emergent,65,65,0.35847493132813174,1
Wetland: Estuarine Emergent Net Growth Wetland Emergent: Atmosphere -> Foliage,Site ID Wetland: Estuarine Emergent,83,83,0.35847493132813174,1
Wetland: Estuarine Emergent Net Growth Wetland Emergent: Atmosphere -> Foliage,Site ID Wetland: Estuarine Emergent,101,101,0.35847493132813174,1
Wetland: Estuarine Emergent Net Growth Wetland Emergent: Atmosphere -> Foliage,Site ID Wetland: Estuarine Emergent,119,119,0.35847493132813174,1
Wetland: Estuarine Emergent Net Growth Wetland Emergent: Atmosphere -> Foliage,Site ID Wetland: Estuarine Emergent,137,137,0.35847493132813174,1
Wetland: Estuarine Emergent Net Growth Wetland Emergent: Atmosphere -> Foliage,Site ID Wetland: Estuarine Emergent,155,155,0.35847493132813174,1
Wetland: Estuarine Emergent Net Growth Wetland Emergent: Atmosphere -> Foliage,Site ID Wetland: Estuarine Emergent,12,12,0.18845223765538208,1
Wetland: Estuarine Emergent Net Growth Wetland Emergent: Atmosphere -> Foliage,Site ID Wetland: Estuarine Emergent,30,30,0.18845223765538208,1
Wetland: Estuarine Emergent Net Growth Wetland Emergent: Atmosphere -> Foliage,Site ID Wetland: Estuarine Emergent,48,48,0.18845223765538208,1
Wetland: Estuarine Emergent Net Growth Wetland Emergent: Atmosphere -> Foliage,Site ID Wetland: Estuarine Emergent,66,66,0.18845223765538208,1
Wetland: Estuarine Emergent Net Growth Wetland Emergent: Atmosphere -> Foliage,Site ID Wetland: Estuarine Emergent,84,84,0.18845223765538208,1
Wetland: Estuarine Emergent Net Growth Wetland Emergent: Atmosphere -> Foliage,Site ID Wetland: Estuarine Emergent,102,102,0.18845223765538208,1
Wetland: Estuarine Emergent Net Growth Wetland Emergent: Atmosphere -> Foliage,Site ID Wetland: Estuarine Emergent,120,120,0.18845223765538208,1
Wetland: Estuarine Emergent Net Growth Wetland Emergent: Atmosphere -> Foliage,Site ID Wetland: Estuarine Emergent,138,138,0.18845223765538208,1
Wetland: Estuarine Emergent Net Growth Wetland Emergent: Atmosphere -> Foliage,Site ID Wetland: Estuarine Emergent,156,156,0.18845223765538208,1
Wetland: Estuarine Emergent Net Growth Wetland Emergent: Atmosphere -> Foliage,Site ID Wetland: Estuarine Emergent,13,13,0.35902759724079114,1
Wetland: Estuarine Emergent Net Growth Wetland Emergent: Atmosphere -> Foliage,Site ID Wetland: Estuarine Emergent,31,31,0.35902759724079114,1
Wetland: Estuarine Emergent Net Growth Wetland Emergent: Atmosphere -> Foliage,Site ID Wetland: Estuarine Emergent,49,49,0.35902759724079114,1
Wetland: Estuarine Emergent Net Growth Wetland Emergent: Atmosphere -> Foliage,Site ID Wetland: Estuarine Emergent,67,67,0.35902759724079114,1
Wetland: Estuarine Emergent Net Growth Wetland Emergent: Atmosphere -> Foliage,Site ID Wetland: Estuarine Emergent,85,85,0.35902759724079114,1
Wetland: Estuarine Emergent Net Growth Wetland Emergent: Atmosphere -> Foliage,Site ID Wetland: Estuarine Emergent,103,103,0.35902759724079114,1
Wetland: Estuarine Emergent Net Growth Wetland Emergent: Atmosphere -> Foliage,Site ID Wetland: Estuarine Emergent,121,121,0.35902759724079114,1
Wetland: Estuarine Emergent Net Growth Wetland Emergent: Atmosphere -> Foliage,Site ID Wetland: Estuarine Emergent,139,139,0.35902759724079114,1
Wetland: Estuarine Emergent Net Growth Wetland Emergent: Atmosphere -> Foliage,Site ID Wetland: Estuarine Emergent,157,157,0.35902759724079114,1
Wetland: Palustrine Emergent Net Growth Wetland Emergent: Atmosphere -> Foliage,Site ID Wetland: Palustrine Emergent,6,6,0.1300750154264421,1
Wetland: Palustrine Emergent Net Growth Wetland Emergent: Atmosphere -> Foliage,Site ID Wetland: Palustrine Emergent,12,12,0.1300750154264421,1
Wetland: Palustrine Emergent Net Growth Wetland Emergent: Atmosphere -> Foliage,Site ID Wetland: Palustrine Emergent,18,18,0.1300750154264421,1
Wetland: Estuarine Emergent Net Growth Wetland Emergent: Atmosphere -> Foliage,Site ID Wetland: Estuarine Emergent,14,14,0.29942762005220785,1
Wetland: Estuarine Emergent Net Growth Wetland Emergent: Atmosphere -> Foliage,Site ID Wetland: Estuarine Emergent,32,32,0.29942762005220785,1
Wetland: Estuarine Emergent Net Growth Wetland Emergent: Atmosphere -> Foliage,Site ID Wetland: Estuarine Emergent,50,50,0.29942762005220785,1
Wetland: Estuarine Emergent Net Growth Wetland Emergent: Atmosphere -> Foliage,Site ID Wetland: Estuarine Emergent,68,68,0.29942762005220785,1
Wetland: Estuarine Emergent Net Growth Wetland Emergent: Atmosphere -> Foliage,Site ID Wetland: Estuarine Emergent,86,86,0.29942762005220785,1
Wetland: Estuarine Emergent Net Growth Wetland Emergent: Atmosphere -> Foliage,Site ID Wetland: Estuarine Emergent,104,104,0.29942762005220785,1
Wetland: Estuarine Emergent Net Growth Wetland Emergent: Atmosphere -> Foliage,Site ID Wetland: Estuarine Emergent,122,122,0.29942762005220785,1
Wetland: Estuarine Emergent Net Growth Wetland Emergent: Atmosphere -> Foliage,Site ID Wetland: Estuarine Emergent,140,140,0.29942762005220785,1
Wetland: Estuarine Emergent Net Growth Wetland Emergent: Atmosphere -> Foliage,Site ID Wetland: Estuarine Emergent,158,158,0.29942762005220785,1
Wetland: Estuarine Emergent Net Growth Wetland Emergent: Atmosphere -> Foliage,Site ID Wetland: Estuarine Emergent,15,15,0.17066701333251869,1
Wetland: Estuarine Emergent Net Growth Wetland Emergent: Atmosphere -> Foliage,Site ID Wetland: Estuarine Emergent,33,33,0.17066701333251869,1
Wetland: Estuarine Emergent Net Growth Wetland Emergent: Atmosphere -> Foliage,Site ID Wetland: Estuarine Emergent,51,51,0.17066701333251869,1
Wetland: Estuarine Emergent Net Growth Wetland Emergent: Atmosphere -> Foliage,Site ID Wetland: Estuarine Emergent,69,69,0.17066701333251869,1
Wetland: Estuarine Emergent Net Growth Wetland Emergent: Atmosphere -> Foliage,Site ID Wetland: Estuarine Emergent,87,87,0.17066701333251869,1
Wetland: Estuarine Emergent Net Growth Wetland Emergent: Atmosphere -> Foliage,Site ID Wetland: Estuarine Emergent,105,105,0.17066701333251869,1
Wetland: Estuarine Emergent Net Growth Wetland Emergent: Atmosphere -> Foliage,Site ID Wetland: Estuarine Emergent,123,123,0.17066701333251869,1
Wetland: Estuarine Emergent Net Growth Wetland Emergent: Atmosphere -> Foliage,Site ID Wetland: Estuarine Emergent,141,141,0.17066701333251869,1
Wetland: Estuarine Emergent Net Growth Wetland Emergent: Atmosphere -> Foliage,Site ID Wetland: Estuarine Emergent,159,159,0.17066701333251869,1
Wetland: Estuarine Emergent Net Growth Wetland Emergent: Atmosphere -> Foliage,Site ID Wetland: Estuarine Emergent,16,16,0.16335533260056684,1
Wetland: Estuarine Emergent Net Growth Wetland Emergent: Atmosphere -> Foliage,Site ID Wetland: Estuarine Emergent,34,34,0.16335533260056684,1
Wetland: Estuarine Emergent Net Growth Wetland Emergent: Atmosphere -> Foliage,Site ID Wetland: Estuarine Emergent,52,52,0.16335533260056684,1
Wetland: Estuarine Emergent Net Growth Wetland Emergent: Atmosphere -> Foliage,Site ID Wetland: Estuarine Emergent,70,70,0.16335533260056684,1
Wetland: Estuarine Emergent Net Growth Wetland Emergent: Atmosphere -> Foliage,Site ID Wetland: Estuarine Emergent,88,88,0.16335533260056684,1
Wetland: Estuarine Emergent Net Growth Wetland Emergent: Atmosphere -> Foliage,Site ID Wetland: Estuarine Emergent,106,106,0.16335533260056684,1
Wetland: Estuarine Emergent Net Growth Wetland Emergent: Atmosphere -> Foliage,Site ID Wetland: Estuarine Emergent,124,124,0.16335533260056684,1
Wetland: Estuarine Emergent Net Growth Wetland Emergent: Atmosphere -> Foliage,Site ID Wetland: Estuarine Emergent,142,142,0.16335533260056684,1
Wetland: Estuarine Emergent Net Growth Wetland Emergent: Atmosphere -> Foliage,Site ID Wetland: Estuarine Emergent,160,160,0.16335533260056684,1
Wetland: Estuarine Emergent Net Growth Wetland Emergent: Atmosphere -> Foliage,Site ID Wetland: Estuarine Emergent,17,17,0.28621117336401525,1
Wetland: Estuarine Emergent Net Growth Wetland Emergent: Atmosphere -> Foliage,Site ID Wetland: Estuarine Emergent,35,35,0.28621117336401525,1
Wetland: Estuarine Emergent Net Growth Wetland Emergent: Atmosphere -> Foliage,Site ID Wetland: Estuarine Emergent,53,53,0.28621117336401525,1
Wetland: Estuarine Emergent Net Growth Wetland Emergent: Atmosphere -> Foliage,Site ID Wetland: Estuarine Emergent,71,71,0.28621117336401525,1
Wetland: Estuarine Emergent Net Growth Wetland Emergent: Atmosphere -> Foliage,Site ID Wetland: Estuarine Emergent,89,89,0.28621117336401525,1
Wetland: Estuarine Emergent Net Growth Wetland Emergent: Atmosphere -> Foliage,Site ID Wetland: Estuarine Emergent,107,107,0.28621117336401525,1
Wetland: Estuarine Emergent Net Growth Wetland Emergent: Atmosphere -> Foliage,Site ID Wetland: Estuarine Emergent,125,125,0.28621117336401525,1
Wetland: Estuarine Emergent Net Growth Wetland Emergent: Atmosphere -> Foliage,Site ID Wetland: Estuarine Emergent,143,143,0.28621117336401525,1
Wetland: Estuarine Emergent Net Growth Wetland Emergent: Atmosphere -> Foliage,Site ID Wetland: Estuarine Emergent,161,161,0.28621117336401525,1
Wetland: Estuarine Emergent Net Growth Wetland Emergent: Atmosphere -> Foliage,Site ID Wetland: Estuarine Emergent,18,18,0.15654702380269706,1
Wetland: Estuarine Emergent Net Growth Wetland Emergent: Atmosphere -> Foliage,Site ID Wetland: Estuarine Emergent,36,36,0.15654702380269706,1
Wetland: Estuarine Emergent Net Growth Wetland Emergent: Atmosphere -> Foliage,Site ID Wetland: Estuarine Emergent,54,54,0.15654702380269706,1
Wetland: Estuarine Emergent Net Growth Wetland Emergent: Atmosphere -> Foliage,Site ID Wetland: Estuarine Emergent,72,72,0.15654702380269706,1
Wetland: Estuarine Emergent Net Growth Wetland Emergent: Atmosphere -> Foliage,Site ID Wetland: Estuarine Emergent,90,90,0.15654702380269706,1
Wetland: Estuarine Emergent Net Growth Wetland Emergent: Atmosphere -> Foliage,Site ID Wetland: Estuarine Emergent,108,108,0.15654702380269706,1
Wetland: Estuarine Emergent Net Growth Wetland Emergent: Atmosphere -> Foliage,Site ID Wetland: Estuarine Emergent,126,126,0.15654702380269706,1
Wetland: Estuarine Emergent Net Growth Wetland Emergent: Atmosphere -> Foliage,Site ID Wetland: Estuarine Emergent,144,144,0.15654702380269706,1
Wetland: Estuarine Emergent Net Growth Wetland Emergent: Atmosphere -> Foliage,Site ID Wetland: Estuarine Emergent,162,162,0.15654702380269706,1
Wetland: Estuarine Emergent Net Growth Wetland Emergent: Atmosphere -> Fine Roots,Site ID Wetland: Estuarine Emergent,1,1,0.8739441806236921,1
Wetland: Estuarine Emergent Net Growth Wetland Emergent: Atmosphere -> Fine Roots,Site ID Wetland: Estuarine Emergent,19,19,0.8739441806236921,1
Wetland: Estuarine Emergent Net Growth Wetland Emergent: Atmosphere -> Fine Roots,Site ID Wetland: Estuarine Emergent,37,37,0.8739441806236921,1
Wetland: Estuarine Emergent Net Growth Wetland Emergent: Atmosphere -> Fine Roots,Site ID Wetland: Estuarine Emergent,55,55,0.8739441806236921,1
Wetland: Estuarine Emergent Net Growth Wetland Emergent: Atmosphere -> Fine Roots,Site ID Wetland: Estuarine Emergent,73,73,0.8739441806236921,1
Wetland: Estuarine Emergent Net Growth Wetland Emergent: Atmosphere -> Fine Roots,Site ID Wetland: Estuarine Emergent,91,91,0.8739441806236921,1
Wetland: Estuarine Emergent Net Growth Wetland Emergent: Atmosphere -> Fine Roots,Site ID Wetland: Estuarine Emergent,109,109,0.8739441806236921,1
Wetland: Estuarine Emergent Net Growth Wetland Emergent: Atmosphere -> Fine Roots,Site ID Wetland: Estuarine Emergent,127,127,0.8739441806236921,1
Wetland: Estuarine Emergent Net Growth Wetland Emergent: Atmosphere -> Fine Roots,Site ID Wetland: Estuarine Emergent,145,145,0.8739441806236921,1
Wetland: Estuarine Emergent Net Growth Wetland Emergent: Atmosphere -> Fine Roots,Site ID Wetland: Estuarine Emergent,2,2,0.8984041285570702,1
Wetland: Estuarine Emergent Net Growth Wetland Emergent: Atmosphere -> Fine Roots,Site ID Wetland: Estuarine Emergent,20,20,0.8984041285570702,1
Wetland: Estuarine Emergent Net Growth Wetland Emergent: Atmosphere -> Fine Roots,Site ID Wetland: Estuarine Emergent,38,38,0.8984041285570702,1
Wetland: Estuarine Emergent Net Growth Wetland Emergent: Atmosphere -> Fine Roots,Site ID Wetland: Estuarine Emergent,56,56,0.8984041285570702,1
Wetland: Estuarine Emergent Net Growth Wetland Emergent: Atmosphere -> Fine Roots,Site ID Wetland: Estuarine Emergent,74,74,0.8984041285570702,1
Wetland: Estuarine Emergent Net Growth Wetland Emergent: Atmosphere -> Fine Roots,Site ID Wetland: Estuarine Emergent,92,92,0.8984041285570702,1
Wetland: Estuarine Emergent Net Growth Wetland Emergent: Atmosphere -> Fine Roots,Site ID Wetland: Estuarine Emergent,110,110,0.8984041285570702,1
Wetland: Estuarine Emergent Net Growth Wetland Emergent: Atmosphere -> Fine Roots,Site ID Wetland: Estuarine Emergent,128,128,0.8984041285570702,1
Wetland: Estuarine Emergent Net Growth Wetland Emergent: Atmosphere -> Fine Roots,Site ID Wetland: Estuarine Emergent,146,146,0.8984041285570702,1
Wetland: Palustrine Emergent Net Growth Wetland Emergent: Atmosphere -> Fine Roots,Site ID Wetland: Palustrine Emergent,1,1,0.8472076947246977,1
Wetland: Palustrine Emergent Net Growth Wetland Emergent: Atmosphere -> Fine Roots,Site ID Wetland: Palustrine Emergent,7,7,0.8472076947246977,1
Wetland: Palustrine Emergent Net Growth Wetland Emergent: Atmosphere -> Fine Roots,Site ID Wetland: Palustrine Emergent,13,13,0.8472076947246977,1
Wetland: Estuarine Emergent Net Growth Wetland Emergent: Atmosphere -> Fine Roots,Site ID Wetland: Estuarine Emergent,3,3,0.7865014019455088,1
Wetland: Estuarine Emergent Net Growth Wetland Emergent: Atmosphere -> Fine Roots,Site ID Wetland: Estuarine Emergent,21,21,0.7865014019455088,1
Wetland: Estuarine Emergent Net Growth Wetland Emergent: Atmosphere -> Fine Roots,Site ID Wetland: Estuarine Emergent,39,39,0.7865014019455088,1
Wetland: Estuarine Emergent Net Growth Wetland Emergent: Atmosphere -> Fine Roots,Site ID Wetland: Estuarine Emergent,57,57,0.7865014019455088,1
Wetland: Estuarine Emergent Net Growth Wetland Emergent: Atmosphere -> Fine Roots,Site ID Wetland: Estuarine Emergent,75,75,0.7865014019455088,1
Wetland: Estuarine Emergent Net Growth Wetland Emergent: Atmosphere -> Fine Roots,Site ID Wetland: Estuarine Emergent,93,93,0.7865014019455088,1
Wetland: Estuarine Emergent Net Growth Wetland Emergent: Atmosphere -> Fine Roots,Site ID Wetland: Estuarine Emergent,111,111,0.7865014019455088,1
Wetland: Estuarine Emergent Net Growth Wetland Emergent: Atmosphere -> Fine Roots,Site ID Wetland: Estuarine Emergent,129,129,0.7865014019455088,1
Wetland: Estuarine Emergent Net Growth Wetland Emergent: Atmosphere -> Fine Roots,Site ID Wetland: Estuarine Emergent,147,147,0.7865014019455088,1
Wetland: Estuarine Emergent Net Growth Wetland Emergent: Atmosphere -> Fine Roots,Site ID Wetland: Estuarine Emergent,4,4,0.8253835650745202,1
Wetland: Estuarine Emergent Net Growth Wetland Emergent: Atmosphere -> Fine Roots,Site ID Wetland: Estuarine Emergent,22,22,0.8253835650745202,1
Wetland: Estuarine Emergent Net Growth Wetland Emergent: Atmosphere -> Fine Roots,Site ID Wetland: Estuarine Emergent,40,40,0.8253835650745202,1
Wetland: Estuarine Emergent Net Growth Wetland Emergent: Atmosphere -> Fine Roots,Site ID Wetland: Estuarine Emergent,58,58,0.8253835650745202,1
Wetland: Estuarine Emergent Net Growth Wetland Emergent: Atmosphere -> Fine Roots,Site ID Wetland: Estuarine Emergent,76,76,0.8253835650745202,1
Wetland: Estuarine Emergent Net Growth Wetland Emergent: Atmosphere -> Fine Roots,Site ID Wetland: Estuarine Emergent,94,94,0.8253835650745202,1
Wetland: Estuarine Emergent Net Growth Wetland Emergent: Atmosphere -> Fine Roots,Site ID Wetland: Estuarine Emergent,112,112,0.8253835650745202,1
Wetland: Estuarine Emergent Net Growth Wetland Emergent: Atmosphere -> Fine Roots,Site ID Wetland: Estuarine Emergent,130,130,0.8253835650745202,1
Wetland: Estuarine Emergent Net Growth Wetland Emergent: Atmosphere -> Fine Roots,Site ID Wetland: Estuarine Emergent,148,148,0.8253835650745202,1
Wetland: Estuarine Emergent Net Growth Wetland Emergent: Atmosphere -> Fine Roots,Site ID Wetland: Estuarine Emergent,5,5,0.8159418514637761,1
Wetland: Estuarine Emergent Net Growth Wetland Emergent: Atmosphere -> Fine Roots,Site ID Wetland: Estuarine Emergent,23,23,0.8159418514637761,1
Wetland: Estuarine Emergent Net Growth Wetland Emergent: Atmosphere -> Fine Roots,Site ID Wetland: Estuarine Emergent,41,41,0.8159418514637761,1
Wetland: Estuarine Emergent Net Growth Wetland Emergent: Atmosphere -> Fine Roots,Site ID Wetland: Estuarine Emergent,59,59,0.8159418514637761,1
Wetland: Estuarine Emergent Net Growth Wetland Emergent: Atmosphere -> Fine Roots,Site ID Wetland: Estuarine Emergent,77,77,0.8159418514637761,1
Wetland: Estuarine Emergent Net Growth Wetland Emergent: Atmosphere -> Fine Roots,Site ID Wetland: Estuarine Emergent,95,95,0.8159418514637761,1
Wetland: Estuarine Emergent Net Growth Wetland Emergent: Atmosphere -> Fine Roots,Site ID Wetland: Estuarine Emergent,113,113,0.8159418514637761,1
Wetland: Estuarine Emergent Net Growth Wetland Emergent: Atmosphere -> Fine Roots,Site ID Wetland: Estuarine Emergent,131,131,0.8159418514637761,1
Wetland: Estuarine Emergent Net Growth Wetland Emergent: Atmosphere -> Fine Roots,Site ID Wetland: Estuarine Emergent,149,149,0.8159418514637761,1
Wetland: Estuarine Emergent Net Growth Wetland Emergent: Atmosphere -> Fine Roots,Site ID Wetland: Estuarine Emergent,6,6,0.8034940435020097,1
Wetland: Estuarine Emergent Net Growth Wetland Emergent: Atmosphere -> Fine Roots,Site ID Wetland: Estuarine Emergent,24,24,0.8034940435020097,1
Wetland: Estuarine Emergent Net Growth Wetland Emergent: Atmosphere -> Fine Roots,Site ID Wetland: Estuarine Emergent,42,42,0.8034940435020097,1
Wetland: Estuarine Emergent Net Growth Wetland Emergent: Atmosphere -> Fine Roots,Site ID Wetland: Estuarine Emergent,60,60,0.8034940435020097,1
Wetland: Estuarine Emergent Net Growth Wetland Emergent: Atmosphere -> Fine Roots,Site ID Wetland: Estuarine Emergent,78,78,0.8034940435020097,1
Wetland: Estuarine Emergent Net Growth Wetland Emergent: Atmosphere -> Fine Roots,Site ID Wetland: Estuarine Emergent,96,96,0.8034940435020097,1
Wetland: Estuarine Emergent Net Growth Wetland Emergent: Atmosphere -> Fine Roots,Site ID Wetland: Estuarine Emergent,114,114,0.8034940435020097,1
Wetland: Estuarine Emergent Net Growth Wetland Emergent: Atmosphere -> Fine Roots,Site ID Wetland: Estuarine Emergent,132,132,0.8034940435020097,1
Wetland: Estuarine Emergent Net Growth Wetland Emergent: Atmosphere -> Fine Roots,Site ID Wetland: Estuarine Emergent,150,150,0.8034940435020097,1
Wetland: Palustrine Emergent Net Growth Wetland Emergent: Atmosphere -> Fine Roots,Site ID Wetland: Palustrine Emergent,2,2,0.906525901672108,1
Wetland: Palustrine Emergent Net Growth Wetland Emergent: Atmosphere -> Fine Roots,Site ID Wetland: Palustrine Emergent,8,8,0.906525901672108,1
Wetland: Palustrine Emergent Net Growth Wetland Emergent: Atmosphere -> Fine Roots,Site ID Wetland: Palustrine Emergent,14,14,0.906525901672108,1
Wetland: Estuarine Emergent Net Growth Wetland Emergent: Atmosphere -> Fine Roots,Site ID Wetland: Estuarine Emergent,7,7,0.9311545847511521,1
Wetland: Estuarine Emergent Net Growth Wetland Emergent: Atmosphere -> Fine Roots,Site ID Wetland: Estuarine Emergent,25,25,0.9311545847511521,1
Wetland: Estuarine Emergent Net Growth Wetland Emergent: Atmosphere -> Fine Roots,Site ID Wetland: Estuarine Emergent,43,43,0.9311545847511521,1
Wetland: Estuarine Emergent Net Growth Wetland Emergent: Atmosphere -> Fine Roots,Site ID Wetland: Estuarine Emergent,61,61,0.9311545847511521,1
Wetland: Estuarine Emergent Net Growth Wetland Emergent: Atmosphere -> Fine Roots,Site ID Wetland: Estuarine Emergent,79,79,0.9311545847511521,1
Wetland: Estuarine Emergent Net Growth Wetland Emergent: Atmosphere -> Fine Roots,Site ID Wetland: Estuarine Emergent,97,97,0.9311545847511521,1
Wetland: Estuarine Emergent Net Growth Wetland Emergent: Atmosphere -> Fine Roots,Site ID Wetland: Estuarine Emergent,115,115,0.9311545847511521,1
Wetland: Estuarine Emergent Net Growth Wetland Emergent: Atmosphere -> Fine Roots,Site ID Wetland: Estuarine Emergent,133,133,0.9311545847511521,1
Wetland: Estuarine Emergent Net Growth Wetland Emergent: Atmosphere -> Fine Roots,Site ID Wetland: Estuarine Emergent,151,151,0.9311545847511521,1
Wetland: Estuarine Emergent Net Growth Wetland Emergent: Atmosphere -> Fine Roots,Site ID Wetland: Estuarine Emergent,8,8,0.8432921368208501,1
Wetland: Estuarine Emergent Net Growth Wetland Emergent: Atmosphere -> Fine Roots,Site ID Wetland: Estuarine Emergent,26,26,0.8432921368208501,1
Wetland: Estuarine Emergent Net Growth Wetland Emergent: Atmosphere -> Fine Roots,Site ID Wetland: Estuarine Emergent,44,44,0.8432921368208501,1
Wetland: Estuarine Emergent Net Growth Wetland Emergent: Atmosphere -> Fine Roots,Site ID Wetland: Estuarine Emergent,62,62,0.8432921368208501,1
Wetland: Estuarine Emergent Net Growth Wetland Emergent: Atmosphere -> Fine Roots,Site ID Wetland: Estuarine Emergent,80,80,0.8432921368208501,1
Wetland: Estuarine Emergent Net Growth Wetland Emergent: Atmosphere -> Fine Roots,Site ID Wetland: Estuarine Emergent,98,98,0.8432921368208501,1
Wetland: Estuarine Emergent Net Growth Wetland Emergent: Atmosphere -> Fine Roots,Site ID Wetland: Estuarine Emergent,116,116,0.8432921368208501,1
Wetland: Estuarine Emergent Net Growth Wetland Emergent: Atmosphere -> Fine Roots,Site ID Wetland: Estuarine Emergent,134,134,0.8432921368208501,1
Wetland: Estuarine Emergent Net Growth Wetland Emergent: Atmosphere -> Fine Roots,Site ID Wetland: Estuarine Emergent,152,152,0.8432921368208501,1
Wetland: Palustrine Emergent Net Growth Wetland Emergent: Atmosphere -> Fine Roots,Site ID Wetland: Palustrine Emergent,3,3,0.829726133284619,1
Wetland: Palustrine Emergent Net Growth Wetland Emergent: Atmosphere -> Fine Roots,Site ID Wetland: Palustrine Emergent,9,9,0.829726133284619,1
Wetland: Palustrine Emergent Net Growth Wetland Emergent: Atmosphere -> Fine Roots,Site ID Wetland: Palustrine Emergent,15,15,0.829726133284619,1
Wetland: Palustrine Emergent Net Growth Wetland Emergent: Atmosphere -> Fine Roots,Site ID Wetland: Palustrine Emergent,4,4,0.7623938228938337,1
Wetland: Palustrine Emergent Net Growth Wetland Emergent: Atmosphere -> Fine Roots,Site ID Wetland: Palustrine Emergent,10,10,0.7623938228938337,1
Wetland: Palustrine Emergent Net Growth Wetland Emergent: Atmosphere -> Fine Roots,Site ID Wetland: Palustrine Emergent,16,16,0.7623938228938337,1
Wetland: Estuarine Emergent Net Growth Wetland Emergent: Atmosphere -> Fine Roots,Site ID Wetland: Estuarine Emergent,9,9,0.8483446988486346,1
Wetland: Estuarine Emergent Net Growth Wetland Emergent: Atmosphere -> Fine Roots,Site ID Wetland: Estuarine Emergent,27,27,0.8483446988486346,1
Wetland: Estuarine Emergent Net Growth Wetland Emergent: Atmosphere -> Fine Roots,Site ID Wetland: Estuarine Emergent,45,45,0.8483446988486346,1
Wetland: Estuarine Emergent Net Growth Wetland Emergent: Atmosphere -> Fine Roots,Site ID Wetland: Estuarine Emergent,63,63,0.8483446988486346,1
Wetland: Estuarine Emergent Net Growth Wetland Emergent: Atmosphere -> Fine Roots,Site ID Wetland: Estuarine Emergent,81,81,0.8483446988486346,1
Wetland: Estuarine Emergent Net Growth Wetland Emergent: Atmosphere -> Fine Roots,Site ID Wetland: Estuarine Emergent,99,99,0.8483446988486346,1
Wetland: Estuarine Emergent Net Growth Wetland Emergent: Atmosphere -> Fine Roots,Site ID Wetland: Estuarine Emergent,117,117,0.8483446988486346,1
Wetland: Estuarine Emergent Net Growth Wetland Emergent: Atmosphere -> Fine Roots,Site ID Wetland: Estuarine Emergent,135,135,0.8483446988486346,1
Wetland: Estuarine Emergent Net Growth Wetland Emergent: Atmosphere -> Fine Roots,Site ID Wetland: Estuarine Emergent,153,153,0.8483446988486346,1
Wetland: Palustrine Emergent Net Growth Wetland Emergent: Atmosphere -> Fine Roots,Site ID Wetland: Palustrine Emergent,5,5,0.8570620029369631,1
Wetland: Palustrine Emergent Net Growth Wetland Emergent: Atmosphere -> Fine Roots,Site ID Wetland: Palustrine Emergent,11,11,0.8570620029369631,1
Wetland: Palustrine Emergent Net Growth Wetland Emergent: Atmosphere -> Fine Roots,Site ID Wetland: Palustrine Emergent,17,17,0.8570620029369631,1
Wetland: Estuarine Emergent Net Growth Wetland Emergent: Atmosphere -> Fine Roots,Site ID Wetland: Estuarine Emergent,10,10,0.8638407269015453,1
Wetland: Estuarine Emergent Net Growth Wetland Emergent: Atmosphere -> Fine Roots,Site ID Wetland: Estuarine Emergent,28,28,0.8638407269015453,1
Wetland: Estuarine Emergent Net Growth Wetland Emergent: Atmosphere -> Fine Roots,Site ID Wetland: Estuarine Emergent,46,46,0.8638407269015453,1
Wetland: Estuarine Emergent Net Growth Wetland Emergent: Atmosphere -> Fine Roots,Site ID Wetland: Estuarine Emergent,64,64,0.8638407269015453,1
Wetland: Estuarine Emergent Net Growth Wetland Emergent: Atmosphere -> Fine Roots,Site ID Wetland: Estuarine Emergent,82,82,0.8638407269015453,1
Wetland: Estuarine Emergent Net Growth Wetland Emergent: Atmosphere -> Fine Roots,Site ID Wetland: Estuarine Emergent,100,100,0.8638407269015453,1
Wetland: Estuarine Emergent Net Growth Wetland Emergent: Atmosphere -> Fine Roots,Site ID Wetland: Estuarine Emergent,118,118,0.8638407269015453,1
Wetland: Estuarine Emergent Net Growth Wetland Emergent: Atmosphere -> Fine Roots,Site ID Wetland: Estuarine Emergent,136,136,0.8638407269015453,1
Wetland: Estuarine Emergent Net Growth Wetland Emergent: Atmosphere -> Fine Roots,Site ID Wetland: Estuarine Emergent,154,154,0.8638407269015453,1
Wetland: Estuarine Emergent Net Growth Wetland Emergent: Atmosphere -> Fine Roots,Site ID Wetland: Estuarine Emergent,11,11,0.6415250686718683,1
Wetland: Estuarine Emergent Net Growth Wetland Emergent: Atmosphere -> Fine Roots,Site ID Wetland: Estuarine Emergent,29,29,0.6415250686718683,1
Wetland: Estuarine Emergent Net Growth Wetland Emergent: Atmosphere -> Fine Roots,Site ID Wetland: Estuarine Emergent,47,47,0.6415250686718683,1
Wetland: Estuarine Emergent Net Growth Wetland Emergent: Atmosphere -> Fine Roots,Site ID Wetland: Estuarine Emergent,65,65,0.6415250686718683,1
Wetland: Estuarine Emergent Net Growth Wetland Emergent: Atmosphere -> Fine Roots,Site ID Wetland: Estuarine Emergent,83,83,0.6415250686718683,1
Wetland: Estuarine Emergent Net Growth Wetland Emergent: Atmosphere -> Fine Roots,Site ID Wetland: Estuarine Emergent,101,101,0.6415250686718683,1
Wetland: Estuarine Emergent Net Growth Wetland Emergent: Atmosphere -> Fine Roots,Site ID Wetland: Estuarine Emergent,119,119,0.6415250686718683,1
Wetland: Estuarine Emergent Net Growth Wetland Emergent: Atmosphere -> Fine Roots,Site ID Wetland: Estuarine Emergent,137,137,0.6415250686718683,1
Wetland: Estuarine Emergent Net Growth Wetland Emergent: Atmosphere -> Fine Roots,Site ID Wetland: Estuarine Emergent,155,155,0.6415250686718683,1
Wetland: Estuarine Emergent Net Growth Wetland Emergent: Atmosphere -> Fine Roots,Site ID Wetland: Estuarine Emergent,12,12,0.8115477623446179,1
Wetland: Estuarine Emergent Net Growth Wetland Emergent: Atmosphere -> Fine Roots,Site ID Wetland: Estuarine Emergent,30,30,0.8115477623446179,1
Wetland: Estuarine Emergent Net Growth Wetland Emergent: Atmosphere -> Fine Roots,Site ID Wetland: Estuarine Emergent,48,48,0.8115477623446179,1
Wetland: Estuarine Emergent Net Growth Wetland Emergent: Atmosphere -> Fine Roots,Site ID Wetland: Estuarine Emergent,66,66,0.8115477623446179,1
Wetland: Estuarine Emergent Net Growth Wetland Emergent: Atmosphere -> Fine Roots,Site ID Wetland: Estuarine Emergent,84,84,0.8115477623446179,1
Wetland: Estuarine Emergent Net Growth Wetland Emergent: Atmosphere -> Fine Roots,Site ID Wetland: Estuarine Emergent,102,102,0.8115477623446179,1
Wetland: Estuarine Emergent Net Growth Wetland Emergent: Atmosphere -> Fine Roots,Site ID Wetland: Estuarine Emergent,120,120,0.8115477623446179,1
Wetland: Estuarine Emergent Net Growth Wetland Emergent: Atmosphere -> Fine Roots,Site ID Wetland: Estuarine Emergent,138,138,0.8115477623446179,1
Wetland: Estuarine Emergent Net Growth Wetland Emergent: Atmosphere -> Fine Roots,Site ID Wetland: Estuarine Emergent,156,156,0.8115477623446179,1
Wetland: Estuarine Emergent Net Growth Wetland Emergent: Atmosphere -> Fine Roots,Site ID Wetland: Estuarine Emergent,13,13,0.6409724027592089,1
Wetland: Estuarine Emergent Net Growth Wetland Emergent: Atmosphere -> Fine Roots,Site ID Wetland: Estuarine Emergent,31,31,0.6409724027592089,1
Wetland: Estuarine Emergent Net Growth Wetland Emergent: Atmosphere -> Fine Roots,Site ID Wetland: Estuarine Emergent,49,49,0.6409724027592089,1
Wetland: Estuarine Emergent Net Growth Wetland Emergent: Atmosphere -> Fine Roots,Site ID Wetland: Estuarine Emergent,67,67,0.6409724027592089,1
Wetland: Estuarine Emergent Net Growth Wetland Emergent: Atmosphere -> Fine Roots,Site ID Wetland: Estuarine Emergent,85,85,0.6409724027592089,1
Wetland: Estuarine Emergent Net Growth Wetland Emergent: Atmosphere -> Fine Roots,Site ID Wetland: Estuarine Emergent,103,103,0.6409724027592089,1
Wetland: Estuarine Emergent Net Growth Wetland Emergent: Atmosphere -> Fine Roots,Site ID Wetland: Estuarine Emergent,121,121,0.6409724027592089,1
Wetland: Estuarine Emergent Net Growth Wetland Emergent: Atmosphere -> Fine Roots,Site ID Wetland: Estuarine Emergent,139,139,0.6409724027592089,1
Wetland: Estuarine Emergent Net Growth Wetland Emergent: Atmosphere -> Fine Roots,Site ID Wetland: Estuarine Emergent,157,157,0.6409724027592089,1
Wetland: Palustrine Emergent Net Growth Wetland Emergent: Atmosphere -> Fine Roots,Site ID Wetland: Palustrine Emergent,6,6,0.8699249845735579,1
Wetland: Palustrine Emergent Net Growth Wetland Emergent: Atmosphere -> Fine Roots,Site ID Wetland: Palustrine Emergent,12,12,0.8699249845735579,1
Wetland: Palustrine Emergent Net Growth Wetland Emergent: Atmosphere -> Fine Roots,Site ID Wetland: Palustrine Emergent,18,18,0.8699249845735579,1
Wetland: Estuarine Emergent Net Growth Wetland Emergent: Atmosphere -> Fine Roots,Site ID Wetland: Estuarine Emergent,14,14,0.7005723799477921,1
Wetland: Estuarine Emergent Net Growth Wetland Emergent: Atmosphere -> Fine Roots,Site ID Wetland: Estuarine Emergent,32,32,0.7005723799477921,1
Wetland: Estuarine Emergent Net Growth Wetland Emergent: Atmosphere -> Fine Roots,Site ID Wetland: Estuarine Emergent,50,50,0.7005723799477921,1
Wetland: Estuarine Emergent Net Growth Wetland Emergent: Atmosphere -> Fine Roots,Site ID Wetland: Estuarine Emergent,68,68,0.7005723799477921,1
Wetland: Estuarine Emergent Net Growth Wetland Emergent: Atmosphere -> Fine Roots,Site ID Wetland: Estuarine Emergent,86,86,0.7005723799477921,1
Wetland: Estuarine Emergent Net Growth Wetland Emergent: Atmosphere -> Fine Roots,Site ID Wetland: Estuarine Emergent,104,104,0.7005723799477921,1
Wetland: Estuarine Emergent Net Growth Wetland Emergent: Atmosphere -> Fine Roots,Site ID Wetland: Estuarine Emergent,122,122,0.7005723799477921,1
Wetland: Estuarine Emergent Net Growth Wetland Emergent: Atmosphere -> Fine Roots,Site ID Wetland: Estuarine Emergent,140,140,0.7005723799477921,1
Wetland: Estuarine Emergent Net Growth Wetland Emergent: Atmosphere -> Fine Roots,Site ID Wetland: Estuarine Emergent,158,158,0.7005723799477921,1
Wetland: Estuarine Emergent Net Growth Wetland Emergent: Atmosphere -> Fine Roots,Site ID Wetland: Estuarine Emergent,15,15,0.8293329866674813,1
Wetland: Estuarine Emergent Net Growth Wetland Emergent: Atmosphere -> Fine Roots,Site ID Wetland: Estuarine Emergent,33,33,0.8293329866674813,1
Wetland: Estuarine Emergent Net Growth Wetland Emergent: Atmosphere -> Fine Roots,Site ID Wetland: Estuarine Emergent,51,51,0.8293329866674813,1
Wetland: Estuarine Emergent Net Growth Wetland Emergent: Atmosphere -> Fine Roots,Site ID Wetland: Estuarine Emergent,69,69,0.8293329866674813,1
Wetland: Estuarine Emergent Net Growth Wetland Emergent: Atmosphere -> Fine Roots,Site ID Wetland: Estuarine Emergent,87,87,0.8293329866674813,1
Wetland: Estuarine Emergent Net Growth Wetland Emergent: Atmosphere -> Fine Roots,Site ID Wetland: Estuarine Emergent,105,105,0.8293329866674813,1
Wetland: Estuarine Emergent Net Growth Wetland Emergent: Atmosphere -> Fine Roots,Site ID Wetland: Estuarine Emergent,123,123,0.8293329866674813,1
Wetland: Estuarine Emergent Net Growth Wetland Emergent: Atmosphere -> Fine Roots,Site ID Wetland: Estuarine Emergent,141,141,0.8293329866674813,1
Wetland: Estuarine Emergent Net Growth Wetland Emergent: Atmosphere -> Fine Roots,Site ID Wetland: Estuarine Emergent,159,159,0.8293329866674813,1
Wetland: Estuarine Emergent Net Growth Wetland Emergent: Atmosphere -> Fine Roots,Site ID Wetland: Estuarine Emergent,16,16,0.8366446673994332,1
Wetland: Estuarine Emergent Net Growth Wetland Emergent: Atmosphere -> Fine Roots,Site ID Wetland: Estuarine Emergent,34,34,0.8366446673994332,1
Wetland: Estuarine Emergent Net Growth Wetland Emergent: Atmosphere -> Fine Roots,Site ID Wetland: Estuarine Emergent,52,52,0.8366446673994332,1
Wetland: Estuarine Emergent Net Growth Wetland Emergent: Atmosphere -> Fine Roots,Site ID Wetland: Estuarine Emergent,70,70,0.8366446673994332,1
Wetland: Estuarine Emergent Net Growth Wetland Emergent: Atmosphere -> Fine Roots,Site ID Wetland: Estuarine Emergent,88,88,0.8366446673994332,1
Wetland: Estuarine Emergent Net Growth Wetland Emergent: Atmosphere -> Fine Roots,Site ID Wetland: Estuarine Emergent,106,106,0.8366446673994332,1
Wetland: Estuarine Emergent Net Growth Wetland Emergent: Atmosphere -> Fine Roots,Site ID Wetland: Estuarine Emergent,124,124,0.8366446673994332,1
Wetland: Estuarine Emergent Net Growth Wetland Emergent: Atmosphere -> Fine Roots,Site ID Wetland: Estuarine Emergent,142,142,0.8366446673994332,1
Wetland: Estuarine Emergent Net Growth Wetland Emergent: Atmosphere -> Fine Roots,Site ID Wetland: Estuarine Emergent,160,160,0.8366446673994332,1
Wetland: Estuarine Emergent Net Growth Wetland Emergent: Atmosphere -> Fine Roots,Site ID Wetland: Estuarine Emergent,17,17,0.7137888266359846,1
Wetland: Estuarine Emergent Net Growth Wetland Emergent: Atmosphere -> Fine Roots,Site ID Wetland: Estuarine Emergent,35,35,0.7137888266359846,1
Wetland: Estuarine Emergent Net Growth Wetland Emergent: Atmosphere -> Fine Roots,Site ID Wetland: Estuarine Emergent,53,53,0.7137888266359846,1
Wetland: Estuarine Emergent Net Growth Wetland Emergent: Atmosphere -> Fine Roots,Site ID Wetland: Estuarine Emergent,71,71,0.7137888266359846,1
Wetland: Estuarine Emergent Net Growth Wetland Emergent: Atmosphere -> Fine Roots,Site ID Wetland: Estuarine Emergent,89,89,0.7137888266359846,1
Wetland: Estuarine Emergent Net Growth Wetland Emergent: Atmosphere -> Fine Roots,Site ID Wetland: Estuarine Emergent,107,107,0.7137888266359846,1
Wetland: Estuarine Emergent Net Growth Wetland Emergent: Atmosphere -> Fine Roots,Site ID Wetland: Estuarine Emergent,125,125,0.7137888266359846,1
Wetland: Estuarine Emergent Net Growth Wetland Emergent: Atmosphere -> Fine Roots,Site ID Wetland: Estuarine Emergent,143,143,0.7137888266359846,1
Wetland: Estuarine Emergent Net Growth Wetland Emergent: Atmosphere -> Fine Roots,Site ID Wetland: Estuarine Emergent,161,161,0.7137888266359846,1
Wetland: Estuarine Emergent Net Growth Wetland Emergent: Atmosphere -> Fine Roots,Site ID Wetland: Estuarine Emergent,18,18,0.843452976197303,1
Wetland: Estuarine Emergent Net Growth Wetland Emergent: Atmosphere -> Fine Roots,Site ID Wetland: Estuarine Emergent,36,36,0.843452976197303,1
Wetland: Estuarine Emergent Net Growth Wetland Emergent: Atmosphere -> Fine Roots,Site ID Wetland: Estuarine Emergent,54,54,0.843452976197303,1
Wetland: Estuarine Emergent Net Growth Wetland Emergent: Atmosphere -> Fine Roots,Site ID Wetland: Estuarine Emergent,72,72,0.843452976197303,1
Wetland: Estuarine Emergent Net Growth Wetland Emergent: Atmosphere -> Fine Roots,Site ID Wetland: Estuarine Emergent,90,90,0.843452976197303,1
Wetland: Estuarine Emergent Net Growth Wetland Emergent: Atmosphere -> Fine Roots,Site ID Wetland: Estuarine Emergent,108,108,0.843452976197303,1
Wetland: Estuarine Emergent Net Growth Wetland Emergent: Atmosphere -> Fine Roots,Site ID Wetland: Estuarine Emergent,126,126,0.843452976197303,1
Wetland: Estuarine Emergent Net Growth Wetland Emergent: Atmosphere -> Fine Roots,Site ID Wetland: Estuarine Emergent,144,144,0.843452976197303,1
Wetland: Estuarine Emergent Net Growth Wetland Emergent: Atmosphere -> Fine Roots,Site ID Wetland: Estuarine Emergent,162,162,0.843452976197303,1
Wetland: Estuarine Emergent Biomass Turnover: Foliage -> AG Very Fast,Site ID Wetland: Estuarine Emergent,1,1,0.9199470498766543,1
Wetland: Estuarine Emergent Biomass Turnover: Foliage -> AG Very Fast,Site ID Wetland: Estuarine Emergent,19,19,0.9199470498766543,1
Wetland: Estuarine Emergent Biomass Turnover: Foliage -> AG Very Fast,Site ID Wetland: Estuarine Emergent,37,37,0.9199470498766543,1
Wetland: Estuarine Emergent Biomass Turnover: Foliage -> AG Very Fast,Site ID Wetland: Estuarine Emergent,55,55,0.9199470498766543,1
Wetland: Estuarine Emergent Biomass Turnover: Foliage -> AG Very Fast,Site ID Wetland: Estuarine Emergent,73,73,0.9199470498766543,1
Wetland: Estuarine Emergent Biomass Turnover: Foliage -> AG Very Fast,Site ID Wetland: Estuarine Emergent,91,91,0.9199470498766543,1
Wetland: Estuarine Emergent Biomass Turnover: Foliage -> AG Very Fast,Site ID Wetland: Estuarine Emergent,109,109,0.9199470498766543,1
Wetland: Estuarine Emergent Biomass Turnover: Foliage -> AG Very Fast,Site ID Wetland: Estuarine Emergent,127,127,0.9199470498766543,1
Wetland: Estuarine Emergent Biomass Turnover: Foliage -> AG Very Fast,Site ID Wetland: Estuarine Emergent,145,145,0.9199470498766543,1
Wetland: Estuarine Emergent Biomass Turnover: Foliage -> AG Very Fast,Site ID Wetland: Estuarine Emergent,2,2,0.8889404691476143,1
Wetland: Estuarine Emergent Biomass Turnover: Foliage -> AG Very Fast,Site ID Wetland: Estuarine Emergent,20,20,0.8889404691476143,1
Wetland: Estuarine Emergent Biomass Turnover: Foliage -> AG Very Fast,Site ID Wetland: Estuarine Emergent,38,38,0.8889404691476143,1
Wetland: Estuarine Emergent Biomass Turnover: Foliage -> AG Very Fast,Site ID Wetland: Estuarine Emergent,56,56,0.8889404691476143,1
Wetland: Estuarine Emergent Biomass Turnover: Foliage -> AG Very Fast,Site ID Wetland: Estuarine Emergent,74,74,0.8889404691476143,1
Wetland: Estuarine Emergent Biomass Turnover: Foliage -> AG Very Fast,Site ID Wetland: Estuarine Emergent,92,92,0.8889404691476143,1
Wetland: Estuarine Emergent Biomass Turnover: Foliage -> AG Very Fast,Site ID Wetland: Estuarine Emergent,110,110,0.8889404691476143,1
Wetland: Estuarine Emergent Biomass Turnover: Foliage -> AG Very Fast,Site ID Wetland: Estuarine Emergent,128,128,0.8889404691476143,1
Wetland: Estuarine Emergent Biomass Turnover: Foliage -> AG Very Fast,Site ID Wetland: Estuarine Emergent,146,146,0.8889404691476143,1
Wetland: Palustrine Emergent Biomass Turnover: Foliage -> AG Very Fast,Site ID Wetland: Palustrine Emergent,1,1,0.9257693395408084,1
Wetland: Palustrine Emergent Biomass Turnover: Foliage -> AG Very Fast,Site ID Wetland: Palustrine Emergent,7,7,0.9257693395408084,1
Wetland: Palustrine Emergent Biomass Turnover: Foliage -> AG Very Fast,Site ID Wetland: Palustrine Emergent,13,13,0.9257693395408084,1
Wetland: Estuarine Emergent Biomass Turnover: Foliage -> AG Very Fast,Site ID Wetland: Estuarine Emergent,3,3,0.7544871999484587,1
Wetland: Estuarine Emergent Biomass Turnover: Foliage -> AG Very Fast,Site ID Wetland: Estuarine Emergent,21,21,0.7544871999484587,1
Wetland: Estuarine Emergent Biomass Turnover: Foliage -> AG Very Fast,Site ID Wetland: Estuarine Emergent,39,39,0.7544871999484587,1
Wetland: Estuarine Emergent Biomass Turnover: Foliage -> AG Very Fast,Site ID Wetland: Estuarine Emergent,57,57,0.7544871999484587,1
Wetland: Estuarine Emergent Biomass Turnover: Foliage -> AG Very Fast,Site ID Wetland: Estuarine Emergent,75,75,0.7544871999484587,1
Wetland: Estuarine Emergent Biomass Turnover: Foliage -> AG Very Fast,Site ID Wetland: Estuarine Emergent,93,93,0.7544871999484587,1
Wetland: Estuarine Emergent Biomass Turnover: Foliage -> AG Very Fast,Site ID Wetland: Estuarine Emergent,111,111,0.7544871999484587,1
Wetland: Estuarine Emergent Biomass Turnover: Foliage -> AG Very Fast,Site ID Wetland: Estuarine Emergent,129,129,0.7544871999484587,1
Wetland: Estuarine Emergent Biomass Turnover: Foliage -> AG Very Fast,Site ID Wetland: Estuarine Emergent,147,147,0.7544871999484587,1
Wetland: Estuarine Emergent Biomass Turnover: Foliage -> AG Very Fast,Site ID Wetland: Estuarine Emergent,4,4,0.9171768643492314,1
Wetland: Estuarine Emergent Biomass Turnover: Foliage -> AG Very Fast,Site ID Wetland: Estuarine Emergent,22,22,0.9171768643492314,1
Wetland: Estuarine Emergent Biomass Turnover: Foliage -> AG Very Fast,Site ID Wetland: Estuarine Emergent,40,40,0.9171768643492314,1
Wetland: Estuarine Emergent Biomass Turnover: Foliage -> AG Very Fast,Site ID Wetland: Estuarine Emergent,58,58,0.9171768643492314,1
Wetland: Estuarine Emergent Biomass Turnover: Foliage -> AG Very Fast,Site ID Wetland: Estuarine Emergent,76,76,0.9171768643492314,1
Wetland: Estuarine Emergent Biomass Turnover: Foliage -> AG Very Fast,Site ID Wetland: Estuarine Emergent,94,94,0.9171768643492314,1
Wetland: Estuarine Emergent Biomass Turnover: Foliage -> AG Very Fast,Site ID Wetland: Estuarine Emergent,112,112,0.9171768643492314,1
Wetland: Estuarine Emergent Biomass Turnover: Foliage -> AG Very Fast,Site ID Wetland: Estuarine Emergent,130,130,0.9171768643492314,1
Wetland: Estuarine Emergent Biomass Turnover: Foliage -> AG Very Fast,Site ID Wetland: Estuarine Emergent,148,148,0.9171768643492314,1
Wetland: Estuarine Emergent Biomass Turnover: Foliage -> AG Very Fast,Site ID Wetland: Estuarine Emergent,5,5,0.7626185997235485,1
Wetland: Estuarine Emergent Biomass Turnover: Foliage -> AG Very Fast,Site ID Wetland: Estuarine Emergent,23,23,0.7626185997235485,1
Wetland: Estuarine Emergent Biomass Turnover: Foliage -> AG Very Fast,Site ID Wetland: Estuarine Emergent,41,41,0.7626185997235485,1
Wetland: Estuarine Emergent Biomass Turnover: Foliage -> AG Very Fast,Site ID Wetland: Estuarine Emergent,59,59,0.7626185997235485,1
Wetland: Estuarine Emergent Biomass Turnover: Foliage -> AG Very Fast,Site ID Wetland: Estuarine Emergent,77,77,0.7626185997235485,1
Wetland: Estuarine Emergent Biomass Turnover: Foliage -> AG Very Fast,Site ID Wetland: Estuarine Emergent,95,95,0.7626185997235485,1
Wetland: Estuarine Emergent Biomass Turnover: Foliage -> AG Very Fast,Site ID Wetland: Estuarine Emergent,113,113,0.7626185997235485,1
Wetland: Estuarine Emergent Biomass Turnover: Foliage -> AG Very Fast,Site ID Wetland: Estuarine Emergent,131,131,0.7626185997235485,1
Wetland: Estuarine Emergent Biomass Turnover: Foliage -> AG Very Fast,Site ID Wetland: Estuarine Emergent,149,149,0.7626185997235485,1
Wetland: Estuarine Emergent Biomass Turnover: Foliage -> AG Very Fast,Site ID Wetland: Estuarine Emergent,6,6,0.921719552629566,1
Wetland: Estuarine Emergent Biomass Turnover: Foliage -> AG Very Fast,Site ID Wetland: Estuarine Emergent,24,24,0.921719552629566,1
Wetland: Estuarine Emergent Biomass Turnover: Foliage -> AG Very Fast,Site ID Wetland: Estuarine Emergent,42,42,0.921719552629566,1
Wetland: Estuarine Emergent Biomass Turnover: Foliage -> AG Very Fast,Site ID Wetland: Estuarine Emergent,60,60,0.921719552629566,1
Wetland: Estuarine Emergent Biomass Turnover: Foliage -> AG Very Fast,Site ID Wetland: Estuarine Emergent,78,78,0.921719552629566,1
Wetland: Estuarine Emergent Biomass Turnover: Foliage -> AG Very Fast,Site ID Wetland: Estuarine Emergent,96,96,0.921719552629566,1
Wetland: Estuarine Emergent Biomass Turnover: Foliage -> AG Very Fast,Site ID Wetland: Estuarine Emergent,114,114,0.921719552629566,1
Wetland: Estuarine Emergent Biomass Turnover: Foliage -> AG Very Fast,Site ID Wetland: Estuarine Emergent,132,132,0.921719552629566,1
Wetland: Estuarine Emergent Biomass Turnover: Foliage -> AG Very Fast,Site ID Wetland: Estuarine Emergent,150,150,0.921719552629566,1
Wetland: Palustrine Emergent Biomass Turnover: Foliage -> AG Very Fast,Site ID Wetland: Palustrine Emergent,2,2,0.8991479308788787,1
Wetland: Palustrine Emergent Biomass Turnover: Foliage -> AG Very Fast,Site ID Wetland: Palustrine Emergent,8,8,0.8991479308788787,1
Wetland: Palustrine Emergent Biomass Turnover: Foliage -> AG Very Fast,Site ID Wetland: Palustrine Emergent,14,14,0.8991479308788787,1
Wetland: Estuarine Emergent Biomass Turnover: Foliage -> AG Very Fast,Site ID Wetland: Estuarine Emergent,7,7,0.7898766211419151,1
Wetland: Estuarine Emergent Biomass Turnover: Foliage -> AG Very Fast,Site ID Wetland: Estuarine Emergent,25,25,0.7898766211419151,1
Wetland: Estuarine Emergent Biomass Turnover: Foliage -> AG Very Fast,Site ID Wetland: Estuarine Emergent,43,43,0.7898766211419151,1
Wetland: Estuarine Emergent Biomass Turnover: Foliage -> AG Very Fast,Site ID Wetland: Estuarine Emergent,61,61,0.7898766211419151,1
Wetland: Estuarine Emergent Biomass Turnover: Foliage -> AG Very Fast,Site ID Wetland: Estuarine Emergent,79,79,0.7898766211419151,1
Wetland: Estuarine Emergent Biomass Turnover: Foliage -> AG Very Fast,Site ID Wetland: Estuarine Emergent,97,97,0.7898766211419151,1
Wetland: Estuarine Emergent Biomass Turnover: Foliage -> AG Very Fast,Site ID Wetland: Estuarine Emergent,115,115,0.7898766211419151,1
Wetland: Estuarine Emergent Biomass Turnover: Foliage -> AG Very Fast,Site ID Wetland: Estuarine Emergent,133,133,0.7898766211419151,1
Wetland: Estuarine Emergent Biomass Turnover: Foliage -> AG Very Fast,Site ID Wetland: Estuarine Emergent,151,151,0.7898766211419151,1
Wetland: Estuarine Emergent Biomass Turnover: Foliage -> AG Very Fast,Site ID Wetland: Estuarine Emergent,8,8,0.9417246189777055,1
Wetland: Estuarine Emergent Biomass Turnover: Foliage -> AG Very Fast,Site ID Wetland: Estuarine Emergent,26,26,0.9417246189777055,1
Wetland: Estuarine Emergent Biomass Turnover: Foliage -> AG Very Fast,Site ID Wetland: Estuarine Emergent,44,44,0.9417246189777055,1
Wetland: Estuarine Emergent Biomass Turnover: Foliage -> AG Very Fast,Site ID Wetland: Estuarine Emergent,62,62,0.9417246189777055,1
Wetland: Estuarine Emergent Biomass Turnover: Foliage -> AG Very Fast,Site ID Wetland: Estuarine Emergent,80,80,0.9417246189777055,1
Wetland: Estuarine Emergent Biomass Turnover: Foliage -> AG Very Fast,Site ID Wetland: Estuarine Emergent,98,98,0.9417246189777055,1
Wetland: Estuarine Emergent Biomass Turnover: Foliage -> AG Very Fast,Site ID Wetland: Estuarine Emergent,116,116,0.9417246189777055,1
Wetland: Estuarine Emergent Biomass Turnover: Foliage -> AG Very Fast,Site ID Wetland: Estuarine Emergent,134,134,0.9417246189777055,1
Wetland: Estuarine Emergent Biomass Turnover: Foliage -> AG Very Fast,Site ID Wetland: Estuarine Emergent,152,152,0.9417246189777055,1
Wetland: Palustrine Emergent Biomass Turnover: Foliage -> AG Very Fast,Site ID Wetland: Palustrine Emergent,3,3,0.9457064022472329,1
Wetland: Palustrine Emergent Biomass Turnover: Foliage -> AG Very Fast,Site ID Wetland: Palustrine Emergent,9,9,0.9457064022472329,1
Wetland: Palustrine Emergent Biomass Turnover: Foliage -> AG Very Fast,Site ID Wetland: Palustrine Emergent,15,15,0.9457064022472329,1
Wetland: Palustrine Emergent Biomass Turnover: Foliage -> AG Very Fast,Site ID Wetland: Palustrine Emergent,4,4,0.9396347307545251,1
Wetland: Palustrine Emergent Biomass Turnover: Foliage -> AG Very Fast,Site ID Wetland: Palustrine Emergent,10,10,0.9396347307545251,1
Wetland: Palustrine Emergent Biomass Turnover: Foliage -> AG Very Fast,Site ID Wetland: Palustrine Emergent,16,16,0.9396347307545251,1
Wetland: Estuarine Emergent Biomass Turnover: Foliage -> AG Very Fast,Site ID Wetland: Estuarine Emergent,9,9,0.8040492353552356,1
Wetland: Estuarine Emergent Biomass Turnover: Foliage -> AG Very Fast,Site ID Wetland: Estuarine Emergent,27,27,0.8040492353552356,1
Wetland: Estuarine Emergent Biomass Turnover: Foliage -> AG Very Fast,Site ID Wetland: Estuarine Emergent,45,45,0.8040492353552356,1
Wetland: Estuarine Emergent Biomass Turnover: Foliage -> AG Very Fast,Site ID Wetland: Estuarine Emergent,63,63,0.8040492353552356,1
Wetland: Estuarine Emergent Biomass Turnover: Foliage -> AG Very Fast,Site ID Wetland: Estuarine Emergent,81,81,0.8040492353552356,1
Wetland: Estuarine Emergent Biomass Turnover: Foliage -> AG Very Fast,Site ID Wetland: Estuarine Emergent,99,99,0.8040492353552356,1
Wetland: Estuarine Emergent Biomass Turnover: Foliage -> AG Very Fast,Site ID Wetland: Estuarine Emergent,117,117,0.8040492353552356,1
Wetland: Estuarine Emergent Biomass Turnover: Foliage -> AG Very Fast,Site ID Wetland: Estuarine Emergent,135,135,0.8040492353552356,1
Wetland: Estuarine Emergent Biomass Turnover: Foliage -> AG Very Fast,Site ID Wetland: Estuarine Emergent,153,153,0.8040492353552356,1
Wetland: Palustrine Emergent Biomass Turnover: Foliage -> AG Very Fast,Site ID Wetland: Palustrine Emergent,5,5,0.9826553021122604,1
Wetland: Palustrine Emergent Biomass Turnover: Foliage -> AG Very Fast,Site ID Wetland: Palustrine Emergent,11,11,0.9826553021122604,1
Wetland: Palustrine Emergent Biomass Turnover: Foliage -> AG Very Fast,Site ID Wetland: Palustrine Emergent,17,17,0.9826553021122604,1
Wetland: Estuarine Emergent Biomass Turnover: Foliage -> AG Very Fast,Site ID Wetland: Estuarine Emergent,10,10,0.8081959294444764,1
Wetland: Estuarine Emergent Biomass Turnover: Foliage -> AG Very Fast,Site ID Wetland: Estuarine Emergent,28,28,0.8081959294444764,1
Wetland: Estuarine Emergent Biomass Turnover: Foliage -> AG Very Fast,Site ID Wetland: Estuarine Emergent,46,46,0.8081959294444764,1
Wetland: Estuarine Emergent Biomass Turnover: Foliage -> AG Very Fast,Site ID Wetland: Estuarine Emergent,64,64,0.8081959294444764,1
Wetland: Estuarine Emergent Biomass Turnover: Foliage -> AG Very Fast,Site ID Wetland: Estuarine Emergent,82,82,0.8081959294444764,1
Wetland: Estuarine Emergent Biomass Turnover: Foliage -> AG Very Fast,Site ID Wetland: Estuarine Emergent,100,100,0.8081959294444764,1
Wetland: Estuarine Emergent Biomass Turnover: Foliage -> AG Very Fast,Site ID Wetland: Estuarine Emergent,118,118,0.8081959294444764,1
Wetland: Estuarine Emergent Biomass Turnover: Foliage -> AG Very Fast,Site ID Wetland: Estuarine Emergent,136,136,0.8081959294444764,1
Wetland: Estuarine Emergent Biomass Turnover: Foliage -> AG Very Fast,Site ID Wetland: Estuarine Emergent,154,154,0.8081959294444764,1
Wetland: Estuarine Emergent Biomass Turnover: Foliage -> AG Very Fast,Site ID Wetland: Estuarine Emergent,11,11,0.7782020398157318,1
Wetland: Estuarine Emergent Biomass Turnover: Foliage -> AG Very Fast,Site ID Wetland: Estuarine Emergent,29,29,0.7782020398157318,1
Wetland: Estuarine Emergent Biomass Turnover: Foliage -> AG Very Fast,Site ID Wetland: Estuarine Emergent,47,47,0.7782020398157318,1
Wetland: Estuarine Emergent Biomass Turnover: Foliage -> AG Very Fast,Site ID Wetland: Estuarine Emergent,65,65,0.7782020398157318,1
Wetland: Estuarine Emergent Biomass Turnover: Foliage -> AG Very Fast,Site ID Wetland: Estuarine Emergent,83,83,0.7782020398157318,1
Wetland: Estuarine Emergent Biomass Turnover: Foliage -> AG Very Fast,Site ID Wetland: Estuarine Emergent,101,101,0.7782020398157318,1
Wetland: Estuarine Emergent Biomass Turnover: Foliage -> AG Very Fast,Site ID Wetland: Estuarine Emergent,119,119,0.7782020398157318,1
Wetland: Estuarine Emergent Biomass Turnover: Foliage -> AG Very Fast,Site ID Wetland: Estuarine Emergent,137,137,0.7782020398157318,1
Wetland: Estuarine Emergent Biomass Turnover: Foliage -> AG Very Fast,Site ID Wetland: Estuarine Emergent,155,155,0.7782020398157318,1
Wetland: Estuarine Emergent Biomass Turnover: Foliage -> AG Very Fast,Site ID Wetland: Estuarine Emergent,12,12,0.9184917732133051,1
Wetland: Estuarine Emergent Biomass Turnover: Foliage -> AG Very Fast,Site ID Wetland: Estuarine Emergent,30,30,0.9184917732133051,1
Wetland: Estuarine Emergent Biomass Turnover: Foliage -> AG Very Fast,Site ID Wetland: Estuarine Emergent,48,48,0.9184917732133051,1
Wetland: Estuarine Emergent Biomass Turnover: Foliage -> AG Very Fast,Site ID Wetland: Estuarine Emergent,66,66,0.9184917732133051,1
Wetland: Estuarine Emergent Biomass Turnover: Foliage -> AG Very Fast,Site ID Wetland: Estuarine Emergent,84,84,0.9184917732133051,1
Wetland: Estuarine Emergent Biomass Turnover: Foliage -> AG Very Fast,Site ID Wetland: Estuarine Emergent,102,102,0.9184917732133051,1
Wetland: Estuarine Emergent Biomass Turnover: Foliage -> AG Very Fast,Site ID Wetland: Estuarine Emergent,120,120,0.9184917732133051,1
Wetland: Estuarine Emergent Biomass Turnover: Foliage -> AG Very Fast,Site ID Wetland: Estuarine Emergent,138,138,0.9184917732133051,1
Wetland: Estuarine Emergent Biomass Turnover: Foliage -> AG Very Fast,Site ID Wetland: Estuarine Emergent,156,156,0.9184917732133051,1
Wetland: Estuarine Emergent Biomass Turnover: Foliage -> AG Very Fast,Site ID Wetland: Estuarine Emergent,13,13,0.7412033481828356,1
Wetland: Estuarine Emergent Biomass Turnover: Foliage -> AG Very Fast,Site ID Wetland: Estuarine Emergent,31,31,0.7412033481828356,1
Wetland: Estuarine Emergent Biomass Turnover: Foliage -> AG Very Fast,Site ID Wetland: Estuarine Emergent,49,49,0.7412033481828356,1
Wetland: Estuarine Emergent Biomass Turnover: Foliage -> AG Very Fast,Site ID Wetland: Estuarine Emergent,67,67,0.7412033481828356,1
Wetland: Estuarine Emergent Biomass Turnover: Foliage -> AG Very Fast,Site ID Wetland: Estuarine Emergent,85,85,0.7412033481828356,1
Wetland: Estuarine Emergent Biomass Turnover: Foliage -> AG Very Fast,Site ID Wetland: Estuarine Emergent,103,103,0.7412033481828356,1
Wetland: Estuarine Emergent Biomass Turnover: Foliage -> AG Very Fast,Site ID Wetland: Estuarine Emergent,121,121,0.7412033481828356,1
Wetland: Estuarine Emergent Biomass Turnover: Foliage -> AG Very Fast,Site ID Wetland: Estuarine Emergent,139,139,0.7412033481828356,1
Wetland: Estuarine Emergent Biomass Turnover: Foliage -> AG Very Fast,Site ID Wetland: Estuarine Emergent,157,157,0.7412033481828356,1
Wetland: Palustrine Emergent Biomass Turnover: Foliage -> AG Very Fast,Site ID Wetland: Palustrine Emergent,6,6,0.8224814769210805,1
Wetland: Palustrine Emergent Biomass Turnover: Foliage -> AG Very Fast,Site ID Wetland: Palustrine Emergent,12,12,0.8224814769210805,1
Wetland: Palustrine Emergent Biomass Turnover: Foliage -> AG Very Fast,Site ID Wetland: Palustrine Emergent,18,18,0.8224814769210805,1
Wetland: Estuarine Emergent Biomass Turnover: Foliage -> AG Very Fast,Site ID Wetland: Estuarine Emergent,14,14,0.7655161455356695,1
Wetland: Estuarine Emergent Biomass Turnover: Foliage -> AG Very Fast,Site ID Wetland: Estuarine Emergent,32,32,0.7655161455356695,1
Wetland: Estuarine Emergent Biomass Turnover: Foliage -> AG Very Fast,Site ID Wetland: Estuarine Emergent,50,50,0.7655161455356695,1
Wetland: Estuarine Emergent Biomass Turnover: Foliage -> AG Very Fast,Site ID Wetland: Estuarine Emergent,68,68,0.7655161455356695,1
Wetland: Estuarine Emergent Biomass Turnover: Foliage -> AG Very Fast,Site ID Wetland: Estuarine Emergent,86,86,0.7655161455356695,1
Wetland: Estuarine Emergent Biomass Turnover: Foliage -> AG Very Fast,Site ID Wetland: Estuarine Emergent,104,104,0.7655161455356695,1
Wetland: Estuarine Emergent Biomass Turnover: Foliage -> AG Very Fast,Site ID Wetland: Estuarine Emergent,122,122,0.7655161455356695,1
Wetland: Estuarine Emergent Biomass Turnover: Foliage -> AG Very Fast,Site ID Wetland: Estuarine Emergent,140,140,0.7655161455356695,1
Wetland: Estuarine Emergent Biomass Turnover: Foliage -> AG Very Fast,Site ID Wetland: Estuarine Emergent,158,158,0.7655161455356695,1
Wetland: Estuarine Emergent Biomass Turnover: Foliage -> AG Very Fast,Site ID Wetland: Estuarine Emergent,15,15,0.8445473316635845,1
Wetland: Estuarine Emergent Biomass Turnover: Foliage -> AG Very Fast,Site ID Wetland: Estuarine Emergent,33,33,0.8445473316635845,1
Wetland: Estuarine Emergent Biomass Turnover: Foliage -> AG Very Fast,Site ID Wetland: Estuarine Emergent,51,51,0.8445473316635845,1
Wetland: Estuarine Emergent Biomass Turnover: Foliage -> AG Very Fast,Site ID Wetland: Estuarine Emergent,69,69,0.8445473316635845,1
Wetland: Estuarine Emergent Biomass Turnover: Foliage -> AG Very Fast,Site ID Wetland: Estuarine Emergent,87,87,0.8445473316635845,1
Wetland: Estuarine Emergent Biomass Turnover: Foliage -> AG Very Fast,Site ID Wetland: Estuarine Emergent,105,105,0.8445473316635845,1
Wetland: Estuarine Emergent Biomass Turnover: Foliage -> AG Very Fast,Site ID Wetland: Estuarine Emergent,123,123,0.8445473316635845,1
Wetland: Estuarine Emergent Biomass Turnover: Foliage -> AG Very Fast,Site ID Wetland: Estuarine Emergent,141,141,0.8445473316635845,1
Wetland: Estuarine Emergent Biomass Turnover: Foliage -> AG Very Fast,Site ID Wetland: Estuarine Emergent,159,159,0.8445473316635845,1
Wetland: Estuarine Emergent Biomass Turnover: Foliage -> AG Very Fast,Site ID Wetland: Estuarine Emergent,16,16,0.9187626695085955,1
Wetland: Estuarine Emergent Biomass Turnover: Foliage -> AG Very Fast,Site ID Wetland: Estuarine Emergent,34,34,0.9187626695085955,1
Wetland: Estuarine Emergent Biomass Turnover: Foliage -> AG Very Fast,Site ID Wetland: Estuarine Emergent,52,52,0.9187626695085955,1
Wetland: Estuarine Emergent Biomass Turnover: Foliage -> AG Very Fast,Site ID Wetland: Estuarine Emergent,70,70,0.9187626695085955,1
Wetland: Estuarine Emergent Biomass Turnover: Foliage -> AG Very Fast,Site ID Wetland: Estuarine Emergent,88,88,0.9187626695085955,1
Wetland: Estuarine Emergent Biomass Turnover: Foliage -> AG Very Fast,Site ID Wetland: Estuarine Emergent,106,106,0.9187626695085955,1
Wetland: Estuarine Emergent Biomass Turnover: Foliage -> AG Very Fast,Site ID Wetland: Estuarine Emergent,124,124,0.9187626695085955,1
Wetland: Estuarine Emergent Biomass Turnover: Foliage -> AG Very Fast,Site ID Wetland: Estuarine Emergent,142,142,0.9187626695085955,1
Wetland: Estuarine Emergent Biomass Turnover: Foliage -> AG Very Fast,Site ID Wetland: Estuarine Emergent,160,160,0.9187626695085955,1
Wetland: Estuarine Emergent Biomass Turnover: Foliage -> AG Very Fast,Site ID Wetland: Estuarine Emergent,17,17,0.7372292638057487,1
Wetland: Estuarine Emergent Biomass Turnover: Foliage -> AG Very Fast,Site ID Wetland: Estuarine Emergent,35,35,0.7372292638057487,1
Wetland: Estuarine Emergent Biomass Turnover: Foliage -> AG Very Fast,Site ID Wetland: Estuarine Emergent,53,53,0.7372292638057487,1
Wetland: Estuarine Emergent Biomass Turnover: Foliage -> AG Very Fast,Site ID Wetland: Estuarine Emergent,71,71,0.7372292638057487,1
Wetland: Estuarine Emergent Biomass Turnover: Foliage -> AG Very Fast,Site ID Wetland: Estuarine Emergent,89,89,0.7372292638057487,1
Wetland: Estuarine Emergent Biomass Turnover: Foliage -> AG Very Fast,Site ID Wetland: Estuarine Emergent,107,107,0.7372292638057487,1
Wetland: Estuarine Emergent Biomass Turnover: Foliage -> AG Very Fast,Site ID Wetland: Estuarine Emergent,125,125,0.7372292638057487,1
Wetland: Estuarine Emergent Biomass Turnover: Foliage -> AG Very Fast,Site ID Wetland: Estuarine Emergent,143,143,0.7372292638057487,1
Wetland: Estuarine Emergent Biomass Turnover: Foliage -> AG Very Fast,Site ID Wetland: Estuarine Emergent,161,161,0.7372292638057487,1
Wetland: Estuarine Emergent Biomass Turnover: Foliage -> AG Very Fast,Site ID Wetland: Estuarine Emergent,18,18,0.6948502904473889,1
Wetland: Estuarine Emergent Biomass Turnover: Foliage -> AG Very Fast,Site ID Wetland: Estuarine Emergent,36,36,0.6948502904473889,1
Wetland: Estuarine Emergent Biomass Turnover: Foliage -> AG Very Fast,Site ID Wetland: Estuarine Emergent,54,54,0.6948502904473889,1
Wetland: Estuarine Emergent Biomass Turnover: Foliage -> AG Very Fast,Site ID Wetland: Estuarine Emergent,72,72,0.6948502904473889,1
Wetland: Estuarine Emergent Biomass Turnover: Foliage -> AG Very Fast,Site ID Wetland: Estuarine Emergent,90,90,0.6948502904473889,1
Wetland: Estuarine Emergent Biomass Turnover: Foliage -> AG Very Fast,Site ID Wetland: Estuarine Emergent,108,108,0.6948502904473889,1
Wetland: Estuarine Emergent Biomass Turnover: Foliage -> AG Very Fast,Site ID Wetland: Estuarine Emergent,126,126,0.6948502904473889,1
Wetland: Estuarine Emergent Biomass Turnover: Foliage -> AG Very Fast,Site ID Wetland: Estuarine Emergent,144,144,0.6948502904473889,1
Wetland: Estuarine Emergent Biomass Turnover: Foliage -> AG Very Fast,Site ID Wetland: Estuarine Emergent,162,162,0.6948502904473889,1
Wetland: Estuarine Emergent Biomass Turnover: Fine Roots -> BG Very Fast,Site ID Wetland: Estuarine Emergent,1,1,0.9683897806002454,1
Wetland: Estuarine Emergent Biomass Turnover: Fine Roots -> BG Very Fast,Site ID Wetland: Estuarine Emergent,19,19,0.9683897806002454,1
Wetland: Estuarine Emergent Biomass Turnover: Fine Roots -> BG Very Fast,Site ID Wetland: Estuarine Emergent,37,37,0.9683897806002454,1
Wetland: Estuarine Emergent Biomass Turnover: Fine Roots -> BG Very Fast,Site ID Wetland: Estuarine Emergent,55,55,0.9683897806002454,1
Wetland: Estuarine Emergent Biomass Turnover: Fine Roots -> BG Very Fast,Site ID Wetland: Estuarine Emergent,73,73,0.9683897806002454,1
Wetland: Estuarine Emergent Biomass Turnover: Fine Roots -> BG Very Fast,Site ID Wetland: Estuarine Emergent,91,91,0.9683897806002454,1
Wetland: Estuarine Emergent Biomass Turnover: Fine Roots -> BG Very Fast,Site ID Wetland: Estuarine Emergent,109,109,0.9683897806002454,1
Wetland: Estuarine Emergent Biomass Turnover: Fine Roots -> BG Very Fast,Site ID Wetland: Estuarine Emergent,127,127,0.9683897806002454,1
Wetland: Estuarine Emergent Biomass Turnover: Fine Roots -> BG Very Fast,Site ID Wetland: Estuarine Emergent,145,145,0.9683897806002454,1
Wetland: Estuarine Emergent Biomass Turnover: Fine Roots -> BG Very Fast,Site ID Wetland: Estuarine Emergent,2,2,0.8595372917003721,1
Wetland: Estuarine Emergent Biomass Turnover: Fine Roots -> BG Very Fast,Site ID Wetland: Estuarine Emergent,20,20,0.8595372917003721,1
Wetland: Estuarine Emergent Biomass Turnover: Fine Roots -> BG Very Fast,Site ID Wetland: Estuarine Emergent,38,38,0.8595372917003721,1
Wetland: Estuarine Emergent Biomass Turnover: Fine Roots -> BG Very Fast,Site ID Wetland: Estuarine Emergent,56,56,0.8595372917003721,1
Wetland: Estuarine Emergent Biomass Turnover: Fine Roots -> BG Very Fast,Site ID Wetland: Estuarine Emergent,74,74,0.8595372917003721,1
Wetland: Estuarine Emergent Biomass Turnover: Fine Roots -> BG Very Fast,Site ID Wetland: Estuarine Emergent,92,92,0.8595372917003721,1
Wetland: Estuarine Emergent Biomass Turnover: Fine Roots -> BG Very Fast,Site ID Wetland: Estuarine Emergent,110,110,0.8595372917003721,1
Wetland: Estuarine Emergent Biomass Turnover: Fine Roots -> BG Very Fast,Site ID Wetland: Estuarine Emergent,128,128,0.8595372917003721,1
Wetland: Estuarine Emergent Biomass Turnover: Fine Roots -> BG Very Fast,Site ID Wetland: Estuarine Emergent,146,146,0.8595372917003721,1
Wetland: Palustrine Emergent Biomass Turnover: Fine Roots -> BG Very Fast,Site ID Wetland: Palustrine Emergent,1,1,0.815170443672945,1
Wetland: Palustrine Emergent Biomass Turnover: Fine Roots -> BG Very Fast,Site ID Wetland: Palustrine Emergent,7,7,0.815170443672945,1
Wetland: Palustrine Emergent Biomass Turnover: Fine Roots -> BG Very Fast,Site ID Wetland: Palustrine Emergent,13,13,0.815170443672945,1
Wetland: Estuarine Emergent Biomass Turnover: Fine Roots -> BG Very Fast,Site ID Wetland: Estuarine Emergent,3,3,0.8404828879512425,1
Wetland: Estuarine Emergent Biomass Turnover: Fine Roots -> BG Very Fast,Site ID Wetland: Estuarine Emergent,21,21,0.8404828879512425,1
Wetland: Estuarine Emergent Biomass Turnover: Fine Roots -> BG Very Fast,Site ID Wetland: Estuarine Emergent,39,39,0.8404828879512425,1
Wetland: Estuarine Emergent Biomass Turnover: Fine Roots -> BG Very Fast,Site ID Wetland: Estuarine Emergent,57,57,0.8404828879512425,1
Wetland: Estuarine Emergent Biomass Turnover: Fine Roots -> BG Very Fast,Site ID Wetland: Estuarine Emergent,75,75,0.8404828879512425,1
Wetland: Estuarine Emergent Biomass Turnover: Fine Roots -> BG Very Fast,Site ID Wetland: Estuarine Emergent,93,93,0.8404828879512425,1
Wetland: Estuarine Emergent Biomass Turnover: Fine Roots -> BG Very Fast,Site ID Wetland: Estuarine Emergent,111,111,0.8404828879512425,1
Wetland: Estuarine Emergent Biomass Turnover: Fine Roots -> BG Very Fast,Site ID Wetland: Estuarine Emergent,129,129,0.8404828879512425,1
Wetland: Estuarine Emergent Biomass Turnover: Fine Roots -> BG Very Fast,Site ID Wetland: Estuarine Emergent,147,147,0.8404828879512425,1
Wetland: Estuarine Emergent Biomass Turnover: Fine Roots -> BG Very Fast,Site ID Wetland: Estuarine Emergent,4,4,0.8326090313472018,1
Wetland: Estuarine Emergent Biomass Turnover: Fine Roots -> BG Very Fast,Site ID Wetland: Estuarine Emergent,22,22,0.8326090313472018,1
Wetland: Estuarine Emergent Biomass Turnover: Fine Roots -> BG Very Fast,Site ID Wetland: Estuarine Emergent,40,40,0.8326090313472018,1
Wetland: Estuarine Emergent Biomass Turnover: Fine Roots -> BG Very Fast,Site ID Wetland: Estuarine Emergent,58,58,0.8326090313472018,1
Wetland: Estuarine Emergent Biomass Turnover: Fine Roots -> BG Very Fast,Site ID Wetland: Estuarine Emergent,76,76,0.8326090313472018,1
Wetland: Estuarine Emergent Biomass Turnover: Fine Roots -> BG Very Fast,Site ID Wetland: Estuarine Emergent,94,94,0.8326090313472018,1
Wetland: Estuarine Emergent Biomass Turnover: Fine Roots -> BG Very Fast,Site ID Wetland: Estuarine Emergent,112,112,0.8326090313472018,1
Wetland: Estuarine Emergent Biomass Turnover: Fine Roots -> BG Very Fast,Site ID Wetland: Estuarine Emergent,130,130,0.8326090313472018,1
Wetland: Estuarine Emergent Biomass Turnover: Fine Roots -> BG Very Fast,Site ID Wetland: Estuarine Emergent,148,148,0.8326090313472018,1
Wetland: Estuarine Emergent Biomass Turnover: Fine Roots -> BG Very Fast,Site ID Wetland: Estuarine Emergent,5,5,0.7385989463286138,1
Wetland: Estuarine Emergent Biomass Turnover: Fine Roots -> BG Very Fast,Site ID Wetland: Estuarine Emergent,23,23,0.7385989463286138,1
Wetland: Estuarine Emergent Biomass Turnover: Fine Roots -> BG Very Fast,Site ID Wetland: Estuarine Emergent,41,41,0.7385989463286138,1
Wetland: Estuarine Emergent Biomass Turnover: Fine Roots -> BG Very Fast,Site ID Wetland: Estuarine Emergent,59,59,0.7385989463286138,1
Wetland: Estuarine Emergent Biomass Turnover: Fine Roots -> BG Very Fast,Site ID Wetland: Estuarine Emergent,77,77,0.7385989463286138,1
Wetland: Estuarine Emergent Biomass Turnover: Fine Roots -> BG Very Fast,Site ID Wetland: Estuarine Emergent,95,95,0.7385989463286138,1
Wetland: Estuarine Emergent Biomass Turnover: Fine Roots -> BG Very Fast,Site ID Wetland: Estuarine Emergent,113,113,0.7385989463286138,1
Wetland: Estuarine Emergent Biomass Turnover: Fine Roots -> BG Very Fast,Site ID Wetland: Estuarine Emergent,131,131,0.7385989463286138,1
Wetland: Estuarine Emergent Biomass Turnover: Fine Roots -> BG Very Fast,Site ID Wetland: Estuarine Emergent,149,149,0.7385989463286138,1
Wetland: Estuarine Emergent Biomass Turnover: Fine Roots -> BG Very Fast,Site ID Wetland: Estuarine Emergent,6,6,0.8944472455444241,1
Wetland: Estuarine Emergent Biomass Turnover: Fine Roots -> BG Very Fast,Site ID Wetland: Estuarine Emergent,24,24,0.8944472455444241,1
Wetland: Estuarine Emergent Biomass Turnover: Fine Roots -> BG Very Fast,Site ID Wetland: Estuarine Emergent,42,42,0.8944472455444241,1
Wetland: Estuarine Emergent Biomass Turnover: Fine Roots -> BG Very Fast,Site ID Wetland: Estuarine Emergent,60,60,0.8944472455444241,1
Wetland: Estuarine Emergent Biomass Turnover: Fine Roots -> BG Very Fast,Site ID Wetland: Estuarine Emergent,78,78,0.8944472455444241,1
Wetland: Estuarine Emergent Biomass Turnover: Fine Roots -> BG Very Fast,Site ID Wetland: Estuarine Emergent,96,96,0.8944472455444241,1
Wetland: Estuarine Emergent Biomass Turnover: Fine Roots -> BG Very Fast,Site ID Wetland: Estuarine Emergent,114,114,0.8944472455444241,1
Wetland: Estuarine Emergent Biomass Turnover: Fine Roots -> BG Very Fast,Site ID Wetland: Estuarine Emergent,132,132,0.8944472455444241,1
Wetland: Estuarine Emergent Biomass Turnover: Fine Roots -> BG Very Fast,Site ID Wetland: Estuarine Emergent,150,150,0.8944472455444241,1
Wetland: Palustrine Emergent Biomass Turnover: Fine Roots -> BG Very Fast,Site ID Wetland: Palustrine Emergent,2,2,0.8499585790166171,1
Wetland: Palustrine Emergent Biomass Turnover: Fine Roots -> BG Very Fast,Site ID Wetland: Palustrine Emergent,8,8,0.8499585790166171,1
Wetland: Palustrine Emergent Biomass Turnover: Fine Roots -> BG Very Fast,Site ID Wetland: Palustrine Emergent,14,14,0.8499585790166171,1
Wetland: Estuarine Emergent Biomass Turnover: Fine Roots -> BG Very Fast,Site ID Wetland: Estuarine Emergent,7,7,0.9158215962441314,1
Wetland: Estuarine Emergent Biomass Turnover: Fine Roots -> BG Very Fast,Site ID Wetland: Estuarine Emergent,25,25,0.9158215962441314,1
Wetland: Estuarine Emergent Biomass Turnover: Fine Roots -> BG Very Fast,Site ID Wetland: Estuarine Emergent,43,43,0.9158215962441314,1
Wetland: Estuarine Emergent Biomass Turnover: Fine Roots -> BG Very Fast,Site ID Wetland: Estuarine Emergent,61,61,0.9158215962441314,1
Wetland: Estuarine Emergent Biomass Turnover: Fine Roots -> BG Very Fast,Site ID Wetland: Estuarine Emergent,79,79,0.9158215962441314,1
Wetland: Estuarine Emergent Biomass Turnover: Fine Roots -> BG Very Fast,Site ID Wetland: Estuarine Emergent,97,97,0.9158215962441314,1
Wetland: Estuarine Emergent Biomass Turnover: Fine Roots -> BG Very Fast,Site ID Wetland: Estuarine Emergent,115,115,0.9158215962441314,1
Wetland: Estuarine Emergent Biomass Turnover: Fine Roots -> BG Very Fast,Site ID Wetland: Estuarine Emergent,133,133,0.9158215962441314,1
Wetland: Estuarine Emergent Biomass Turnover: Fine Roots -> BG Very Fast,Site ID Wetland: Estuarine Emergent,151,151,0.9158215962441314,1
Wetland: Estuarine Emergent Biomass Turnover: Fine Roots -> BG Very Fast,Site ID Wetland: Estuarine Emergent,8,8,0.7831150298149943,1
Wetland: Estuarine Emergent Biomass Turnover: Fine Roots -> BG Very Fast,Site ID Wetland: Estuarine Emergent,26,26,0.7831150298149943,1
Wetland: Estuarine Emergent Biomass Turnover: Fine Roots -> BG Very Fast,Site ID Wetland: Estuarine Emergent,44,44,0.7831150298149943,1
Wetland: Estuarine Emergent Biomass Turnover: Fine Roots -> BG Very Fast,Site ID Wetland: Estuarine Emergent,62,62,0.7831150298149943,1
Wetland: Estuarine Emergent Biomass Turnover: Fine Roots -> BG Very Fast,Site ID Wetland: Estuarine Emergent,80,80,0.7831150298149943,1
Wetland: Estuarine Emergent Biomass Turnover: Fine Roots -> BG Very Fast,Site ID Wetland: Estuarine Emergent,98,98,0.7831150298149943,1
Wetland: Estuarine Emergent Biomass Turnover: Fine Roots -> BG Very Fast,Site ID Wetland: Estuarine Emergent,116,116,0.7831150298149943,1
Wetland: Estuarine Emergent Biomass Turnover: Fine Roots -> BG Very Fast,Site ID Wetland: Estuarine Emergent,134,134,0.7831150298149943,1
Wetland: Estuarine Emergent Biomass Turnover: Fine Roots -> BG Very Fast,Site ID Wetland: Estuarine Emergent,152,152,0.7831150298149943,1
Wetland: Palustrine Emergent Biomass Turnover: Fine Roots -> BG Very Fast,Site ID Wetland: Palustrine Emergent,3,3,0.8397821654150296,1
Wetland: Palustrine Emergent Biomass Turnover: Fine Roots -> BG Very Fast,Site ID Wetland: Palustrine Emergent,9,9,0.8397821654150296,1
Wetland: Palustrine Emergent Biomass Turnover: Fine Roots -> BG Very Fast,Site ID Wetland: Palustrine Emergent,15,15,0.8397821654150296,1
Wetland: Palustrine Emergent Biomass Turnover: Fine Roots -> BG Very Fast,Site ID Wetland: Palustrine Emergent,4,4,0.6678641952356787,1
Wetland: Palustrine Emergent Biomass Turnover: Fine Roots -> BG Very Fast,Site ID Wetland: Palustrine Emergent,10,10,0.6678641952356787,1
Wetland: Palustrine Emergent Biomass Turnover: Fine Roots -> BG Very Fast,Site ID Wetland: Palustrine Emergent,16,16,0.6678641952356787,1
Wetland: Estuarine Emergent Biomass Turnover: Fine Roots -> BG Very Fast,Site ID Wetland: Estuarine Emergent,9,9,0.7447570061245592,1
Wetland: Estuarine Emergent Biomass Turnover: Fine Roots -> BG Very Fast,Site ID Wetland: Estuarine Emergent,27,27,0.7447570061245592,1
Wetland: Estuarine Emergent Biomass Turnover: Fine Roots -> BG Very Fast,Site ID Wetland: Estuarine Emergent,45,45,0.7447570061245592,1
Wetland: Estuarine Emergent Biomass Turnover: Fine Roots -> BG Very Fast,Site ID Wetland: Estuarine Emergent,63,63,0.7447570061245592,1
Wetland: Estuarine Emergent Biomass Turnover: Fine Roots -> BG Very Fast,Site ID Wetland: Estuarine Emergent,81,81,0.7447570061245592,1
Wetland: Estuarine Emergent Biomass Turnover: Fine Roots -> BG Very Fast,Site ID Wetland: Estuarine Emergent,99,99,0.7447570061245592,1
Wetland: Estuarine Emergent Biomass Turnover: Fine Roots -> BG Very Fast,Site ID Wetland: Estuarine Emergent,117,117,0.7447570061245592,1
Wetland: Estuarine Emergent Biomass Turnover: Fine Roots -> BG Very Fast,Site ID Wetland: Estuarine Emergent,135,135,0.7447570061245592,1
Wetland: Estuarine Emergent Biomass Turnover: Fine Roots -> BG Very Fast,Site ID Wetland: Estuarine Emergent,153,153,0.7447570061245592,1
Wetland: Palustrine Emergent Biomass Turnover: Fine Roots -> BG Very Fast,Site ID Wetland: Palustrine Emergent,5,5,0.862325671098468,1
Wetland: Palustrine Emergent Biomass Turnover: Fine Roots -> BG Very Fast,Site ID Wetland: Palustrine Emergent,11,11,0.862325671098468,1
Wetland: Palustrine Emergent Biomass Turnover: Fine Roots -> BG Very Fast,Site ID Wetland: Palustrine Emergent,17,17,0.862325671098468,1
Wetland: Estuarine Emergent Biomass Turnover: Fine Roots -> BG Very Fast,Site ID Wetland: Estuarine Emergent,10,10,0.9258779737821654,1
Wetland: Estuarine Emergent Biomass Turnover: Fine Roots -> BG Very Fast,Site ID Wetland: Estuarine Emergent,28,28,0.9258779737821654,1
Wetland: Estuarine Emergent Biomass Turnover: Fine Roots -> BG Very Fast,Site ID Wetland: Estuarine Emergent,46,46,0.9258779737821654,1
Wetland: Estuarine Emergent Biomass Turnover: Fine Roots -> BG Very Fast,Site ID Wetland: Estuarine Emergent,64,64,0.9258779737821654,1
Wetland: Estuarine Emergent Biomass Turnover: Fine Roots -> BG Very Fast,Site ID Wetland: Estuarine Emergent,82,82,0.9258779737821654,1
Wetland: Estuarine Emergent Biomass Turnover: Fine Roots -> BG Very Fast,Site ID Wetland: Estuarine Emergent,100,100,0.9258779737821654,1
Wetland: Estuarine Emergent Biomass Turnover: Fine Roots -> BG Very Fast,Site ID Wetland: Estuarine Emergent,118,118,0.9258779737821654,1
Wetland: Estuarine Emergent Biomass Turnover: Fine Roots -> BG Very Fast,Site ID Wetland: Estuarine Emergent,136,136,0.9258779737821654,1
Wetland: Estuarine Emergent Biomass Turnover: Fine Roots -> BG Very Fast,Site ID Wetland: Estuarine Emergent,154,154,0.9258779737821654,1
Wetland: Estuarine Emergent Biomass Turnover: Fine Roots -> BG Very Fast,Site ID Wetland: Estuarine Emergent,11,11,0.7503857252822153,1
Wetland: Estuarine Emergent Biomass Turnover: Fine Roots -> BG Very Fast,Site ID Wetland: Estuarine Emergent,29,29,0.7503857252822153,1
Wetland: Estuarine Emergent Biomass Turnover: Fine Roots -> BG Very Fast,Site ID Wetland: Estuarine Emergent,47,47,0.7503857252822153,1
Wetland: Estuarine Emergent Biomass Turnover: Fine Roots -> BG Very Fast,Site ID Wetland: Estuarine Emergent,65,65,0.7503857252822153,1
Wetland: Estuarine Emergent Biomass Turnover: Fine Roots -> BG Very Fast,Site ID Wetland: Estuarine Emergent,83,83,0.7503857252822153,1
Wetland: Estuarine Emergent Biomass Turnover: Fine Roots -> BG Very Fast,Site ID Wetland: Estuarine Emergent,101,101,0.7503857252822153,1
Wetland: Estuarine Emergent Biomass Turnover: Fine Roots -> BG Very Fast,Site ID Wetland: Estuarine Emergent,119,119,0.7503857252822153,1
Wetland: Estuarine Emergent Biomass Turnover: Fine Roots -> BG Very Fast,Site ID Wetland: Estuarine Emergent,137,137,0.7503857252822153,1
Wetland: Estuarine Emergent Biomass Turnover: Fine Roots -> BG Very Fast,Site ID Wetland: Estuarine Emergent,155,155,0.7503857252822153,1
Wetland: Estuarine Emergent Biomass Turnover: Fine Roots -> BG Very Fast,Site ID Wetland: Estuarine Emergent,12,12,0.7703852024746795,1
Wetland: Estuarine Emergent Biomass Turnover: Fine Roots -> BG Very Fast,Site ID Wetland: Estuarine Emergent,30,30,0.7703852024746795,1
Wetland: Estuarine Emergent Biomass Turnover: Fine Roots -> BG Very Fast,Site ID Wetland: Estuarine Emergent,48,48,0.7703852024746795,1
Wetland: Estuarine Emergent Biomass Turnover: Fine Roots -> BG Very Fast,Site ID Wetland: Estuarine Emergent,66,66,0.7703852024746795,1
Wetland: Estuarine Emergent Biomass Turnover: Fine Roots -> BG Very Fast,Site ID Wetland: Estuarine Emergent,84,84,0.7703852024746795,1
Wetland: Estuarine Emergent Biomass Turnover: Fine Roots -> BG Very Fast,Site ID Wetland: Estuarine Emergent,102,102,0.7703852024746795,1
Wetland: Estuarine Emergent Biomass Turnover: Fine Roots -> BG Very Fast,Site ID Wetland: Estuarine Emergent,120,120,0.7703852024746795,1
Wetland: Estuarine Emergent Biomass Turnover: Fine Roots -> BG Very Fast,Site ID Wetland: Estuarine Emergent,138,138,0.7703852024746795,1
Wetland: Estuarine Emergent Biomass Turnover: Fine Roots -> BG Very Fast,Site ID Wetland: Estuarine Emergent,156,156,0.7703852024746795,1
Wetland: Estuarine Emergent Biomass Turnover: Fine Roots -> BG Very Fast,Site ID Wetland: Estuarine Emergent,13,13,0.9799397230865082,1
Wetland: Estuarine Emergent Biomass Turnover: Fine Roots -> BG Very Fast,Site ID Wetland: Estuarine Emergent,31,31,0.9799397230865082,1
Wetland: Estuarine Emergent Biomass Turnover: Fine Roots -> BG Very Fast,Site ID Wetland: Estuarine Emergent,49,49,0.9799397230865082,1
Wetland: Estuarine Emergent Biomass Turnover: Fine Roots -> BG Very Fast,Site ID Wetland: Estuarine Emergent,67,67,0.9799397230865082,1
Wetland: Estuarine Emergent Biomass Turnover: Fine Roots -> BG Very Fast,Site ID Wetland: Estuarine Emergent,85,85,0.9799397230865082,1
Wetland: Estuarine Emergent Biomass Turnover: Fine Roots -> BG Very Fast,Site ID Wetland: Estuarine Emergent,103,103,0.9799397230865082,1
Wetland: Estuarine Emergent Biomass Turnover: Fine Roots -> BG Very Fast,Site ID Wetland: Estuarine Emergent,121,121,0.9799397230865082,1
Wetland: Estuarine Emergent Biomass Turnover: Fine Roots -> BG Very Fast,Site ID Wetland: Estuarine Emergent,139,139,0.9799397230865082,1
Wetland: Estuarine Emergent Biomass Turnover: Fine Roots -> BG Very Fast,Site ID Wetland: Estuarine Emergent,157,157,0.9799397230865082,1
Wetland: Palustrine Emergent Biomass Turnover: Fine Roots -> BG Very Fast,Site ID Wetland: Palustrine Emergent,6,6,0.9520332116240684,1
Wetland: Palustrine Emergent Biomass Turnover: Fine Roots -> BG Very Fast,Site ID Wetland: Palustrine Emergent,12,12,0.9520332116240684,1
Wetland: Palustrine Emergent Biomass Turnover: Fine Roots -> BG Very Fast,Site ID Wetland: Palustrine Emergent,18,18,0.9520332116240684,1
Wetland: Estuarine Emergent Biomass Turnover: Fine Roots -> BG Very Fast,Site ID Wetland: Estuarine Emergent,14,14,0.8281926264946988,1
Wetland: Estuarine Emergent Biomass Turnover: Fine Roots -> BG Very Fast,Site ID Wetland: Estuarine Emergent,32,32,0.8281926264946988,1
Wetland: Estuarine Emergent Biomass Turnover: Fine Roots -> BG Very Fast,Site ID Wetland: Estuarine Emergent,50,50,0.8281926264946988,1
Wetland: Estuarine Emergent Biomass Turnover: Fine Roots -> BG Very Fast,Site ID Wetland: Estuarine Emergent,68,68,0.8281926264946988,1
Wetland: Estuarine Emergent Biomass Turnover: Fine Roots -> BG Very Fast,Site ID Wetland: Estuarine Emergent,86,86,0.8281926264946988,1
Wetland: Estuarine Emergent Biomass Turnover: Fine Roots -> BG Very Fast,Site ID Wetland: Estuarine Emergent,104,104,0.8281926264946988,1
Wetland: Estuarine Emergent Biomass Turnover: Fine Roots -> BG Very Fast,Site ID Wetland: Estuarine Emergent,122,122,0.8281926264946988,1
Wetland: Estuarine Emergent Biomass Turnover: Fine Roots -> BG Very Fast,Site ID Wetland: Estuarine Emergent,140,140,0.8281926264946988,1
Wetland: Estuarine Emergent Biomass Turnover: Fine Roots -> BG Very Fast,Site ID Wetland: Estuarine Emergent,158,158,0.8281926264946988,1
Wetland: Estuarine Emergent Biomass Turnover: Fine Roots -> BG Very Fast,Site ID Wetland: Estuarine Emergent,15,15,0.96331084463728045,1
Wetland: Estuarine Emergent Biomass Turnover: Fine Roots -> BG Very Fast,Site ID Wetland: Estuarine Emergent,33,33,0.96331084463728045,1
Wetland: Estuarine Emergent Biomass Turnover: Fine Roots -> BG Very Fast,Site ID Wetland: Estuarine Emergent,51,51,0.96331084463728045,1
Wetland: Estuarine Emergent Biomass Turnover: Fine Roots -> BG Very Fast,Site ID Wetland: Estuarine Emergent,69,69,0.96331084463728045,1
Wetland: Estuarine Emergent Biomass Turnover: Fine Roots -> BG Very Fast,Site ID Wetland: Estuarine Emergent,87,87,0.96331084463728045,1
Wetland: Estuarine Emergent Biomass Turnover: Fine Roots -> BG Very Fast,Site ID Wetland: Estuarine Emergent,105,105,0.96331084463728045,1
Wetland: Estuarine Emergent Biomass Turnover: Fine Roots -> BG Very Fast,Site ID Wetland: Estuarine Emergent,123,123,0.96331084463728045,1
Wetland: Estuarine Emergent Biomass Turnover: Fine Roots -> BG Very Fast,Site ID Wetland: Estuarine Emergent,141,141,0.96331084463728045,1
Wetland: Estuarine Emergent Biomass Turnover: Fine Roots -> BG Very Fast,Site ID Wetland: Estuarine Emergent,159,159,0.96331084463728045,1
Wetland: Estuarine Emergent Biomass Turnover: Fine Roots -> BG Very Fast,Site ID Wetland: Estuarine Emergent,16,16,0.8276569843714913,1
Wetland: Estuarine Emergent Biomass Turnover: Fine Roots -> BG Very Fast,Site ID Wetland: Estuarine Emergent,34,34,0.8276569843714913,1
Wetland: Estuarine Emergent Biomass Turnover: Fine Roots -> BG Very Fast,Site ID Wetland: Estuarine Emergent,52,52,0.8276569843714913,1
Wetland: Estuarine Emergent Biomass Turnover: Fine Roots -> BG Very Fast,Site ID Wetland: Estuarine Emergent,70,70,0.8276569843714913,1
Wetland: Estuarine Emergent Biomass Turnover: Fine Roots -> BG Very Fast,Site ID Wetland: Estuarine Emergent,88,88,0.8276569843714913,1
Wetland: Estuarine Emergent Biomass Turnover: Fine Roots -> BG Very Fast,Site ID Wetland: Estuarine Emergent,106,106,0.8276569843714913,1
Wetland: Estuarine Emergent Biomass Turnover: Fine Roots -> BG Very Fast,Site ID Wetland: Estuarine Emergent,124,124,0.8276569843714913,1
Wetland: Estuarine Emergent Biomass Turnover: Fine Roots -> BG Very Fast,Site ID Wetland: Estuarine Emergent,142,142,0.8276569843714913,1
Wetland: Estuarine Emergent Biomass Turnover: Fine Roots -> BG Very Fast,Site ID Wetland: Estuarine Emergent,160,160,0.8276569843714913,1
Wetland: Estuarine Emergent Biomass Turnover: Fine Roots -> BG Very Fast,Site ID Wetland: Estuarine Emergent,17,17,0.9325166849708542,1
Wetland: Estuarine Emergent Biomass Turnover: Fine Roots -> BG Very Fast,Site ID Wetland: Estuarine Emergent,35,35,0.9325166849708542,1
Wetland: Estuarine Emergent Biomass Turnover: Fine Roots -> BG Very Fast,Site ID Wetland: Estuarine Emergent,53,53,0.9325166849708542,1
Wetland: Estuarine Emergent Biomass Turnover: Fine Roots -> BG Very Fast,Site ID Wetland: Estuarine Emergent,71,71,0.9325166849708542,1
Wetland: Estuarine Emergent Biomass Turnover: Fine Roots -> BG Very Fast,Site ID Wetland: Estuarine Emergent,89,89,0.9325166849708542,1
Wetland: Estuarine Emergent Biomass Turnover: Fine Roots -> BG Very Fast,Site ID Wetland: Estuarine Emergent,107,107,0.9325166849708542,1
Wetland: Estuarine Emergent Biomass Turnover: Fine Roots -> BG Very Fast,Site ID Wetland: Estuarine Emergent,125,125,0.9325166849708542,1
Wetland: Estuarine Emergent Biomass Turnover: Fine Roots -> BG Very Fast,Site ID Wetland: Estuarine Emergent,143,143,0.9325166849708542,1
Wetland: Estuarine Emergent Biomass Turnover: Fine Roots -> BG Very Fast,Site ID Wetland: Estuarine Emergent,161,161,0.9325166849708542,1
Wetland: Estuarine Emergent Biomass Turnover: Fine Roots -> BG Very Fast,Site ID Wetland: Estuarine Emergent,18,18,0.9023715537873371,1
Wetland: Estuarine Emergent Biomass Turnover: Fine Roots -> BG Very Fast,Site ID Wetland: Estuarine Emergent,36,36,0.9023715537873371,1
Wetland: Estuarine Emergent Biomass Turnover: Fine Roots -> BG Very Fast,Site ID Wetland: Estuarine Emergent,54,54,0.9023715537873371,1
Wetland: Estuarine Emergent Biomass Turnover: Fine Roots -> BG Very Fast,Site ID Wetland: Estuarine Emergent,72,72,0.9023715537873371,1
Wetland: Estuarine Emergent Biomass Turnover: Fine Roots -> BG Very Fast,Site ID Wetland: Estuarine Emergent,90,90,0.9023715537873371,1
Wetland: Estuarine Emergent Biomass Turnover: Fine Roots -> BG Very Fast,Site ID Wetland: Estuarine Emergent,108,108,0.9023715537873371,1
Wetland: Estuarine Emergent Biomass Turnover: Fine Roots -> BG Very Fast,Site ID Wetland: Estuarine Emergent,126,126,0.9023715537873371,1
Wetland: Estuarine Emergent Biomass Turnover: Fine Roots -> BG Very Fast,Site ID Wetland: Estuarine Emergent,144,144,0.9023715537873371,1
Wetland: Estuarine Emergent Biomass Turnover: Fine Roots -> BG Very Fast,Site ID Wetland: Estuarine Emergent,162,162,0.9023715537873371,1
Wetland: Estuarine Emergent Emission: AG Very Fast -> Atmosphere Temp,Site ID Wetland: Estuarine Emergent,1,1,0.4667476484384612,1
Wetland: Estuarine Emergent Emission: AG Very Fast -> Atmosphere Temp,Site ID Wetland: Estuarine Emergent,19,19,0.4555770231935411,1
Wetland: Estuarine Emergent Emission: AG Very Fast -> Atmosphere Temp,Site ID Wetland: Estuarine Emergent,37,37,0.45346048367345093,1
Wetland: Estuarine Emergent Emission: AG Very Fast -> Atmosphere Temp,Site ID Wetland: Estuarine Emergent,55,55,0.44958016121995237,1
Wetland: Estuarine Emergent Emission: AG Very Fast -> Atmosphere Temp,Site ID Wetland: Estuarine Emergent,73,73,0.44734603617096835,1
Wetland: Estuarine Emergent Emission: AG Very Fast -> Atmosphere Temp,Site ID Wetland: Estuarine Emergent,91,91,0.444288812419727,1
Wetland: Estuarine Emergent Emission: AG Very Fast -> Atmosphere Temp,Site ID Wetland: Estuarine Emergent,109,109,0.4302961344813533,1
Wetland: Estuarine Emergent Emission: AG Very Fast -> Atmosphere Temp,Site ID Wetland: Estuarine Emergent,127,127,0.419243094765327,1
Wetland: Estuarine Emergent Emission: AG Very Fast -> Atmosphere Temp,Site ID Wetland: Estuarine Emergent,145,145,0.41430450255178336,1
Wetland: Estuarine Emergent Emission: AG Very Fast -> Atmosphere Temp,Site ID Wetland: Estuarine Emergent,2,2,0.6060356223206244,1
Wetland: Estuarine Emergent Emission: AG Very Fast -> Atmosphere Temp,Site ID Wetland: Estuarine Emergent,20,20,0.5646782003485178,1
Wetland: Estuarine Emergent Emission: AG Very Fast -> Atmosphere Temp,Site ID Wetland: Estuarine Emergent,38,38,0.5568420572380134,1
Wetland: Estuarine Emergent Emission: AG Very Fast -> Atmosphere Temp,Site ID Wetland: Estuarine Emergent,56,56,0.5424757948687553,1
Wetland: Estuarine Emergent Emission: AG Very Fast -> Atmosphere Temp,Site ID Wetland: Estuarine Emergent,74,74,0.534204310474334,1
Wetland: Estuarine Emergent Emission: AG Very Fast -> Atmosphere Temp,Site ID Wetland: Estuarine Emergent,92,92,0.5228854370924944,1
Wetland: Estuarine Emergent Emission: AG Very Fast -> Atmosphere Temp,Site ID Wetland: Estuarine Emergent,110,110,0.47107982430638184,1
Wetland: Estuarine Emergent Emission: AG Very Fast -> Atmosphere Temp,Site ID Wetland: Estuarine Emergent,128,128,0.4301577436181921,1
Wetland: Estuarine Emergent Emission: AG Very Fast -> Atmosphere Temp,Site ID Wetland: Estuarine Emergent,146,146,0.41187340969368186,1
Wetland: Palustrine Emergent Emission: AG Very Fast -> Atmosphere Temp,Site ID Wetland: Palustrine Emergent,1,1,0.6080407833846742,1
Wetland: Palustrine Emergent Emission: AG Very Fast -> Atmosphere Temp,Site ID Wetland: Palustrine Emergent,7,7,0.5843296018441219,1
Wetland: Palustrine Emergent Emission: AG Very Fast -> Atmosphere Temp,Site ID Wetland: Palustrine Emergent,13,13,0.5536066497957574,1
Wetland: Estuarine Emergent Emission: AG Very Fast -> Atmosphere Temp,Site ID Wetland: Estuarine Emergent,3,3,0.6656862606380005,1
Wetland: Estuarine Emergent Emission: AG Very Fast -> Atmosphere Temp,Site ID Wetland: Estuarine Emergent,21,21,0.6438322396053153,1
Wetland: Estuarine Emergent Emission: AG Very Fast -> Atmosphere Temp,Site ID Wetland: Estuarine Emergent,39,39,0.6396914777254381,1
Wetland: Estuarine Emergent Emission: AG Very Fast -> Atmosphere Temp,Site ID Wetland: Estuarine Emergent,57,57,0.6321000809456633,1
Wetland: Estuarine Emergent Emission: AG Very Fast -> Atmosphere Temp,Site ID Wetland: Estuarine Emergent,75,75,0.6277292767391262,1
Wetland: Estuarine Emergent Emission: AG Very Fast -> Atmosphere Temp,Site ID Wetland: Estuarine Emergent,93,93,0.6217481762459702,1
Wetland: Estuarine Emergent Emission: AG Very Fast -> Atmosphere Temp,Site ID Wetland: Estuarine Emergent,111,111,0.5943731393734487,1
Wetland: Estuarine Emergent Emission: AG Very Fast -> Atmosphere Temp,Site ID Wetland: Estuarine Emergent,129,129,0.5727491606674234,1
Wetland: Estuarine Emergent Emission: AG Very Fast -> Atmosphere Temp,Site ID Wetland: Estuarine Emergent,147,147,0.56308738294771,1
Wetland: Estuarine Emergent Emission: AG Very Fast -> Atmosphere Temp,Site ID Wetland: Estuarine Emergent,4,4,0.691327513140862,1
Wetland: Estuarine Emergent Emission: AG Very Fast -> Atmosphere Temp,Site ID Wetland: Estuarine Emergent,22,22,0.6624107100428779,1
Wetland: Estuarine Emergent Emission: AG Very Fast -> Atmosphere Temp,Site ID Wetland: Estuarine Emergent,40,40,0.6569317368243125,1
Wetland: Estuarine Emergent Emission: AG Very Fast -> Atmosphere Temp,Site ID Wetland: Estuarine Emergent,58,58,0.646886952590276,1
Wetland: Estuarine Emergent Emission: AG Very Fast -> Atmosphere Temp,Site ID Wetland: Estuarine Emergent,76,76,0.6411035919706791,1
Wetland: Estuarine Emergent Emission: AG Very Fast -> Atmosphere Temp,Site ID Wetland: Estuarine Emergent,94,94,0.6331895195438624,1
Wetland: Estuarine Emergent Emission: AG Very Fast -> Atmosphere Temp,Site ID Wetland: Estuarine Emergent,112,112,0.5969674188211245,1
Wetland: Estuarine Emergent Emission: AG Very Fast -> Atmosphere Temp,Site ID Wetland: Estuarine Emergent,130,130,0.5683550031241718,1
Wetland: Estuarine Emergent Emission: AG Very Fast -> Atmosphere Temp,Site ID Wetland: Estuarine Emergent,148,148,0.5555707322808524,1
Wetland: Estuarine Emergent Emission: AG Very Fast -> Atmosphere Temp,Site ID Wetland: Estuarine Emergent,5,5,0.6296346588622321,1
Wetland: Estuarine Emergent Emission: AG Very Fast -> Atmosphere Temp,Site ID Wetland: Estuarine Emergent,23,23,0.6029111469504556,1
Wetland: Estuarine Emergent Emission: AG Very Fast -> Atmosphere Temp,Site ID Wetland: Estuarine Emergent,41,41,0.5978477446934873,1
Wetland: Estuarine Emergent Emission: AG Very Fast -> Atmosphere Temp,Site ID Wetland: Estuarine Emergent,59,59,0.5885648405557123,1
Wetland: Estuarine Emergent Emission: AG Very Fast -> Atmosphere Temp,Site ID Wetland: Estuarine Emergent,77,77,0.583220138173357,1
Wetland: Estuarine Emergent Emission: AG Very Fast -> Atmosphere Temp,Site ID Wetland: Estuarine Emergent,95,95,0.5759063349132919,1
Wetland: Estuarine Emergent Emission: AG Very Fast -> Atmosphere Temp,Site ID Wetland: Estuarine Emergent,113,113,0.5424316199922244,1
Wetland: Estuarine Emergent Emission: AG Very Fast -> Atmosphere Temp,Site ID Wetland: Estuarine Emergent,131,131,0.5159894082058349,1
Wetland: Estuarine Emergent Emission: AG Very Fast -> Atmosphere Temp,Site ID Wetland: Estuarine Emergent,149,149,0.5041748029395758,1
Wetland: Estuarine Emergent Emission: AG Very Fast -> Atmosphere Temp,Site ID Wetland: Estuarine Emergent,6,6,0.6302673854299204,1
Wetland: Estuarine Emergent Emission: AG Very Fast -> Atmosphere Temp,Site ID Wetland: Estuarine Emergent,24,24,0.6048652193206824,1
Wetland: Estuarine Emergent Emission: AG Very Fast -> Atmosphere Temp,Site ID Wetland: Estuarine Emergent,42,42,0.6000521773210373,1
Wetland: Estuarine Emergent Emission: AG Very Fast -> Atmosphere Temp,Site ID Wetland: Estuarine Emergent,60,60,0.5912282669883547,1
Wetland: Estuarine Emergent Emission: AG Very Fast -> Atmosphere Temp,Site ID Wetland: Estuarine Emergent,78,78,0.586147833766507,1
Wetland: Estuarine Emergent Emission: AG Very Fast -> Atmosphere Temp,Site ID Wetland: Estuarine Emergent,96,96,0.579195661989242,1
Wetland: Estuarine Emergent Emission: AG Very Fast -> Atmosphere Temp,Site ID Wetland: Estuarine Emergent,114,114,0.5473761065471439,1
Wetland: Estuarine Emergent Emission: AG Very Fast -> Atmosphere Temp,Site ID Wetland: Estuarine Emergent,132,132,0.5222413316601083,1
Wetland: Estuarine Emergent Emission: AG Very Fast -> Atmosphere Temp,Site ID Wetland: Estuarine Emergent,150,150,0.5110109003276031,1
Wetland: Palustrine Emergent Emission: AG Very Fast -> Atmosphere Temp,Site ID Wetland: Palustrine Emergent,2,2,0.428513835546369,1
Wetland: Palustrine Emergent Emission: AG Very Fast -> Atmosphere Temp,Site ID Wetland: Palustrine Emergent,8,8,0.41421270223367873,1
Wetland: Palustrine Emergent Emission: AG Very Fast -> Atmosphere Temp,Site ID Wetland: Palustrine Emergent,14,14,0.3956824981503601,1
Wetland: Estuarine Emergent Emission: AG Very Fast -> Atmosphere Temp,Site ID Wetland: Estuarine Emergent,7,7,0.6536503941392252,1
Wetland: Estuarine Emergent Emission: AG Very Fast -> Atmosphere Temp,Site ID Wetland: Estuarine Emergent,25,25,0.6372505055511747,1
Wetland: Estuarine Emergent Emission: AG Very Fast -> Atmosphere Temp,Site ID Wetland: Estuarine Emergent,43,43,0.6341431582397545,1
Wetland: Estuarine Emergent Emission: AG Very Fast -> Atmosphere Temp,Site ID Wetland: Estuarine Emergent,61,61,0.6284463548354844,1
Wetland: Estuarine Emergent Emission: AG Very Fast -> Atmosphere Temp,Site ID Wetland: Estuarine Emergent,79,79,0.6251663771178744,1
Wetland: Estuarine Emergent Emission: AG Very Fast -> Atmosphere Temp,Site ID Wetland: Estuarine Emergent,97,97,0.6206779865569342,1
Wetland: Estuarine Emergent Emission: AG Very Fast -> Atmosphere Temp,Site ID Wetland: Estuarine Emergent,115,115,0.6001349682203236,1
Wetland: Estuarine Emergent Emission: AG Very Fast -> Atmosphere Temp,Site ID Wetland: Estuarine Emergent,133,133,0.5839077100384632,1
Wetland: Estuarine Emergent Emission: AG Very Fast -> Atmosphere Temp,Site ID Wetland: Estuarine Emergent,151,151,0.5766572329784829,1
Wetland: Estuarine Emergent Emission: AG Very Fast -> Atmosphere Temp,Site ID Wetland: Estuarine Emergent,8,8,0.7241034233505228,1
Wetland: Estuarine Emergent Emission: AG Very Fast -> Atmosphere Temp,Site ID Wetland: Estuarine Emergent,26,26,0.7050395380265724,1
Wetland: Estuarine Emergent Emission: AG Very Fast -> Atmosphere Temp,Site ID Wetland: Estuarine Emergent,44,44,0.7014274334388765,1
Wetland: Estuarine Emergent Emission: AG Very Fast -> Atmosphere Temp,Site ID Wetland: Estuarine Emergent,62,62,0.6948052416947674,1
Wetland: Estuarine Emergent Emission: AG Very Fast -> Atmosphere Temp,Site ID Wetland: Estuarine Emergent,80,80,0.6909924646299772,1
Wetland: Estuarine Emergent Emission: AG Very Fast -> Atmosphere Temp,Site ID Wetland: Estuarine Emergent,98,98,0.6857749802255276,1
Wetland: Estuarine Emergent Emission: AG Very Fast -> Atmosphere Temp,Site ID Wetland: Estuarine Emergent,116,116,0.6618949554513159,1
Wetland: Estuarine Emergent Emission: AG Very Fast -> Atmosphere Temp,Site ID Wetland: Estuarine Emergent,134,134,0.6430317426044598,1
Wetland: Estuarine Emergent Emission: AG Very Fast -> Atmosphere Temp,Site ID Wetland: Estuarine Emergent,152,152,0.6346034985665027,1
Wetland: Palustrine Emergent Emission: AG Very Fast -> Atmosphere Temp,Site ID Wetland: Palustrine Emergent,3,3,0.5641154522419197,1
Wetland: Palustrine Emergent Emission: AG Very Fast -> Atmosphere Temp,Site ID Wetland: Palustrine Emergent,9,9,0.5379253201831876,1
Wetland: Palustrine Emergent Emission: AG Very Fast -> Atmosphere Temp,Site ID Wetland: Palustrine Emergent,15,15,0.5039903528343601,1
Wetland: Palustrine Emergent Emission: AG Very Fast -> Atmosphere Temp,Site ID Wetland: Palustrine Emergent,4,4,0.5452853800724946,1
Wetland: Palustrine Emergent Emission: AG Very Fast -> Atmosphere Temp,Site ID Wetland: Palustrine Emergent,10,10,0.5092881265685164,1
Wetland: Palustrine Emergent Emission: AG Very Fast -> Atmosphere Temp,Site ID Wetland: Palustrine Emergent,16,16,0.46264591722166903,1
Wetland: Estuarine Emergent Emission: AG Very Fast -> Atmosphere Temp,Site ID Wetland: Estuarine Emergent,9,9,0.6405420158237044,1
Wetland: Estuarine Emergent Emission: AG Very Fast -> Atmosphere Temp,Site ID Wetland: Estuarine Emergent,27,27,0.5971429291768195,1
Wetland: Estuarine Emergent Emission: AG Very Fast -> Atmosphere Temp,Site ID Wetland: Estuarine Emergent,45,45,0.5889199443384624,1
Wetland: Estuarine Emergent Emission: AG Very Fast -> Atmosphere Temp,Site ID Wetland: Estuarine Emergent,63,63,0.5738444721348076,1
Wetland: Estuarine Emergent Emission: AG Very Fast -> Atmosphere Temp,Site ID Wetland: Estuarine Emergent,81,81,0.5651646548054307,1
Wetland: Estuarine Emergent Emission: AG Very Fast -> Atmosphere Temp,Site ID Wetland: Estuarine Emergent,99,99,0.5532870100389147,1
Wetland: Estuarine Emergent Emission: AG Very Fast -> Atmosphere Temp,Site ID Wetland: Estuarine Emergent,117,117,0.4989239436075536,1
Wetland: Estuarine Emergent Emission: AG Very Fast -> Atmosphere Temp,Site ID Wetland: Estuarine Emergent,135,135,0.4559816894516886,1
Wetland: Estuarine Emergent Emission: AG Very Fast -> Atmosphere Temp,Site ID Wetland: Estuarine Emergent,153,153,0.43679472482885523,1
Wetland: Palustrine Emergent Emission: AG Very Fast -> Atmosphere Temp,Site ID Wetland: Palustrine Emergent,5,5,0.8512970582435857,1
Wetland: Palustrine Emergent Emission: AG Very Fast -> Atmosphere Temp,Site ID Wetland: Palustrine Emergent,11,11,0.8297578408667615,1
Wetland: Palustrine Emergent Emission: AG Very Fast -> Atmosphere Temp,Site ID Wetland: Palustrine Emergent,17,17,0.8018491370556206,1
Wetland: Estuarine Emergent Emission: AG Very Fast -> Atmosphere Temp,Site ID Wetland: Estuarine Emergent,10,10,0.5608599130502187,1
Wetland: Estuarine Emergent Emission: AG Very Fast -> Atmosphere Temp,Site ID Wetland: Estuarine Emergent,28,28,0.5341756112916841,1
Wetland: Estuarine Emergent Emission: AG Very Fast -> Atmosphere Temp,Site ID Wetland: Estuarine Emergent,46,46,0.5291196383269092,1
Wetland: Estuarine Emergent Emission: AG Very Fast -> Atmosphere Temp,Site ID Wetland: Estuarine Emergent,64,64,0.5198503545581551,1
Wetland: Estuarine Emergent Emission: AG Very Fast -> Atmosphere Temp,Site ID Wetland: Estuarine Emergent,82,82,0.5145134942064482,1
Wetland: Estuarine Emergent Emission: AG Very Fast -> Atmosphere Temp,Site ID Wetland: Estuarine Emergent,100,100,0.5072104221462177,1
Wetland: Estuarine Emergent Emission: AG Very Fast -> Atmosphere Temp,Site ID Wetland: Estuarine Emergent,118,118,0.47378482310131664,1
Wetland: Estuarine Emergent Emission: AG Very Fast -> Atmosphere Temp,Site ID Wetland: Estuarine Emergent,136,136,0.44738140872971405,1
Wetland: Estuarine Emergent Emission: AG Very Fast -> Atmosphere Temp,Site ID Wetland: Estuarine Emergent,154,154,0.43558413847857247,1
Wetland: Estuarine Emergent Emission: AG Very Fast -> Atmosphere Temp,Site ID Wetland: Estuarine Emergent,11,11,0.7042823474797679,1
Wetland: Estuarine Emergent Emission: AG Very Fast -> Atmosphere Temp,Site ID Wetland: Estuarine Emergent,29,29,0.6476974363431781,1
Wetland: Estuarine Emergent Emission: AG Very Fast -> Atmosphere Temp,Site ID Wetland: Estuarine Emergent,47,47,0.6369760847594033,1
Wetland: Estuarine Emergent Emission: AG Very Fast -> Atmosphere Temp,Site ID Wetland: Estuarine Emergent,65,65,0.6173202735224825,1
Wetland: Estuarine Emergent Emission: AG Very Fast -> Atmosphere Temp,Site ID Wetland: Estuarine Emergent,83,83,0.6060032912951645,1
Wetland: Estuarine Emergent Emission: AG Very Fast -> Atmosphere Temp,Site ID Wetland: Estuarine Emergent,101,101,0.5905168945630451,1
Wetland: Estuarine Emergent Emission: AG Very Fast -> Atmosphere Temp,Site ID Wetland: Estuarine Emergent,119,119,0.5196368479814221,1
Wetland: Estuarine Emergent Emission: AG Very Fast -> Atmosphere Temp,Site ID Wetland: Estuarine Emergent,137,137,0.4636475674883752,1
Wetland: Estuarine Emergent Emission: AG Very Fast -> Atmosphere Temp,Site ID Wetland: Estuarine Emergent,155,155,0.43863108045956706,1
Wetland: Estuarine Emergent Emission: AG Very Fast -> Atmosphere Temp,Site ID Wetland: Estuarine Emergent,12,12,0.505658064021285,1
Wetland: Estuarine Emergent Emission: AG Very Fast -> Atmosphere Temp,Site ID Wetland: Estuarine Emergent,30,30,0.4762475555317085,1
Wetland: Estuarine Emergent Emission: AG Very Fast -> Atmosphere Temp,Site ID Wetland: Estuarine Emergent,48,48,0.4706750381336835,1
Wetland: Estuarine Emergent Emission: AG Very Fast -> Atmosphere Temp,Site ID Wetland: Estuarine Emergent,66,66,0.4604587562373043,1
Wetland: Estuarine Emergent Emission: AG Very Fast -> Atmosphere Temp,Site ID Wetland: Estuarine Emergent,84,84,0.454576654539389,1
Wetland: Estuarine Emergent Emission: AG Very Fast -> Atmosphere Temp,Site ID Wetland: Estuarine Emergent,102,102,0.4465274627422417,1
Wetland: Estuarine Emergent Emission: AG Very Fast -> Atmosphere Temp,Site ID Wetland: Estuarine Emergent,120,120,0.4096869310552986,1
Wetland: Estuarine Emergent Emission: AG Very Fast -> Atmosphere Temp,Site ID Wetland: Estuarine Emergent,138,138,0.3805860068656124,1
Wetland: Estuarine Emergent Emission: AG Very Fast -> Atmosphere Temp,Site ID Wetland: Estuarine Emergent,156,156,0.3675834662702207,1
Wetland: Estuarine Emergent Emission: AG Very Fast -> Atmosphere Temp,Site ID Wetland: Estuarine Emergent,13,13,0.5937807974365673,1
Wetland: Estuarine Emergent Emission: AG Very Fast -> Atmosphere Temp,Site ID Wetland: Estuarine Emergent,31,31,0.5753542061643331,1
Wetland: Estuarine Emergent Emission: AG Very Fast -> Atmosphere Temp,Site ID Wetland: Estuarine Emergent,49,49,0.5718628520285414,1
Wetland: Estuarine Emergent Emission: AG Very Fast -> Atmosphere Temp,Site ID Wetland: Estuarine Emergent,67,67,0.5654620361129232,1
Wetland: Estuarine Emergent Emission: AG Very Fast -> Atmosphere Temp,Site ID Wetland: Estuarine Emergent,85,85,0.5617767178584764,1
Wetland: Estuarine Emergent Emission: AG Very Fast -> Atmosphere Temp,Site ID Wetland: Estuarine Emergent,103,103,0.5567336507734438,1
Wetland: Estuarine Emergent Emission: AG Very Fast -> Atmosphere Temp,Site ID Wetland: Estuarine Emergent,121,121,0.5336519206534873,1
Wetland: Estuarine Emergent Emission: AG Very Fast -> Atmosphere Temp,Site ID Wetland: Estuarine Emergent,139,139,0.5154192934999083,1
Wetland: Estuarine Emergent Emission: AG Very Fast -> Atmosphere Temp,Site ID Wetland: Estuarine Emergent,157,157,0.5072728005163943,1
Wetland: Palustrine Emergent Emission: AG Very Fast -> Atmosphere Temp,Site ID Wetland: Palustrine Emergent,6,6,0.49176317683419013,1
Wetland: Palustrine Emergent Emission: AG Very Fast -> Atmosphere Temp,Site ID Wetland: Palustrine Emergent,12,12,0.47362600774517194,1
Wetland: Palustrine Emergent Emission: AG Very Fast -> Atmosphere Temp,Site ID Wetland: Palustrine Emergent,18,18,0.45012539157967285,1
Wetland: Estuarine Emergent Emission: AG Very Fast -> Atmosphere Temp,Site ID Wetland: Estuarine Emergent,14,14,0.5168654336802211,1
Wetland: Estuarine Emergent Emission: AG Very Fast -> Atmosphere Temp,Site ID Wetland: Estuarine Emergent,32,32,0.49031986595669974,1
Wetland: Estuarine Emergent Emission: AG Very Fast -> Atmosphere Temp,Site ID Wetland: Estuarine Emergent,50,50,0.48529017944066416,1
Wetland: Estuarine Emergent Emission: AG Very Fast -> Atmosphere Temp,Site ID Wetland: Estuarine Emergent,68,68,0.4760690874945988,1
Wetland: Estuarine Emergent Emission: AG Very Fast -> Atmosphere Temp,Site ID Wetland: Estuarine Emergent,86,86,0.47075997394989455,1
Wetland: Estuarine Emergent Emission: AG Very Fast -> Atmosphere Temp,Site ID Wetland: Estuarine Emergent,104,104,0.4634948712045098,1
Wetland: Estuarine Emergent Emission: AG Very Fast -> Atmosphere Temp,Site ID Wetland: Estuarine Emergent,122,122,0.430243054792941,1
Wetland: Estuarine Emergent Emission: AG Very Fast -> Atmosphere Temp,Site ID Wetland: Estuarine Emergent,140,140,0.40397691409808834,1
Wetland: Estuarine Emergent Emission: AG Very Fast -> Atmosphere Temp,Site ID Wetland: Estuarine Emergent,158,158,0.3922409788940052,1
Wetland: Estuarine Emergent Emission: AG Very Fast -> Atmosphere Temp,Site ID Wetland: Estuarine Emergent,15,15,0.595080374943639,1
Wetland: Estuarine Emergent Emission: AG Very Fast -> Atmosphere Temp,Site ID Wetland: Estuarine Emergent,33,33,0.5748944760888409,1
Wetland: Estuarine Emergent Emission: AG Very Fast -> Atmosphere Temp,Site ID Wetland: Estuarine Emergent,51,51,0.5710697794637213,1
Wetland: Estuarine Emergent Emission: AG Very Fast -> Atmosphere Temp,Site ID Wetland: Estuarine Emergent,69,69,0.564057835651002,1
Wetland: Estuarine Emergent Emission: AG Very Fast -> Atmosphere Temp,Site ID Wetland: Estuarine Emergent,87,87,0.5600206558800425,1
Wetland: Estuarine Emergent Emission: AG Very Fast -> Atmosphere Temp,Site ID Wetland: Estuarine Emergent,105,105,0.554496094088203,1
Wetland: Estuarine Emergent Emission: AG Very Fast -> Atmosphere Temp,Site ID Wetland: Estuarine Emergent,123,123,0.5292105997332457,1
Wetland: Estuarine Emergent Emission: AG Very Fast -> Atmosphere Temp,Site ID Wetland: Estuarine Emergent,141,141,0.5092371840242876,1
Wetland: Estuarine Emergent Emission: AG Very Fast -> Atmosphere Temp,Site ID Wetland: Estuarine Emergent,159,159,0.5003128918990086,1
Wetland: Estuarine Emergent Emission: AG Very Fast -> Atmosphere Temp,Site ID Wetland: Estuarine Emergent,16,16,0.6732160573145278,1
Wetland: Estuarine Emergent Emission: AG Very Fast -> Atmosphere Temp,Site ID Wetland: Estuarine Emergent,34,34,0.6412457737158805,1
Wetland: Estuarine Emergent Emission: AG Very Fast -> Atmosphere Temp,Site ID Wetland: Estuarine Emergent,52,52,0.6351882462971895,1
Wetland: Estuarine Emergent Emission: AG Very Fast -> Atmosphere Temp,Site ID Wetland: Estuarine Emergent,70,70,0.6240827793629226,1
Wetland: Estuarine Emergent Emission: AG Very Fast -> Atmosphere Temp,Site ID Wetland: Estuarine Emergent,88,88,0.6176887226431931,1
Wetland: Estuarine Emergent Emission: AG Very Fast -> Atmosphere Temp,Site ID Wetland: Estuarine Emergent,106,106,0.6089389608161949,1
Wetland: Estuarine Emergent Emission: AG Very Fast -> Atmosphere Temp,Site ID Wetland: Estuarine Emergent,124,124,0.5688919739926261,1
Wetland: Estuarine Emergent Emission: AG Very Fast -> Atmosphere Temp,Site ID Wetland: Estuarine Emergent,142,142,0.5372582196950172,1
Wetland: Estuarine Emergent Emission: AG Very Fast -> Atmosphere Temp,Site ID Wetland: Estuarine Emergent,160,160,0.5231239890514048,1
Wetland: Estuarine Emergent Emission: AG Very Fast -> Atmosphere Temp,Site ID Wetland: Estuarine Emergent,17,17,0.6535928469478125,1
Wetland: Estuarine Emergent Emission: AG Very Fast -> Atmosphere Temp,Site ID Wetland: Estuarine Emergent,35,35,0.604032061355693,1
Wetland: Estuarine Emergent Emission: AG Very Fast -> Atmosphere Temp,Site ID Wetland: Estuarine Emergent,53,53,0.5946415967171861,1
Wetland: Estuarine Emergent Emission: AG Very Fast -> Atmosphere Temp,Site ID Wetland: Estuarine Emergent,71,71,0.5774257448799236,1
Wetland: Estuarine Emergent Emission: AG Very Fast -> Atmosphere Temp,Site ID Wetland: Estuarine Emergent,89,89,0.5675135877614997,1
Wetland: Estuarine Emergent Emission: AG Very Fast -> Atmosphere Temp,Site ID Wetland: Estuarine Emergent,107,107,0.5539495832836565,1
Wetland: Estuarine Emergent Emission: AG Very Fast -> Atmosphere Temp,Site ID Wetland: Estuarine Emergent,125,125,0.49186817817352796,1
Wetland: Estuarine Emergent Emission: AG Very Fast -> Atmosphere Temp,Site ID Wetland: Estuarine Emergent,143,143,0.4428290850613255,1
Wetland: Estuarine Emergent Emission: AG Very Fast -> Atmosphere Temp,Site ID Wetland: Estuarine Emergent,161,161,0.4209180009048096,1
Wetland: Estuarine Emergent Emission: AG Very Fast -> Atmosphere Temp,Site ID Wetland: Estuarine Emergent,18,18,0.6434772100828997,1
Wetland: Estuarine Emergent Emission: AG Very Fast -> Atmosphere Temp,Site ID Wetland: Estuarine Emergent,36,36,0.6251535136375692,1
Wetland: Estuarine Emergent Emission: AG Very Fast -> Atmosphere Temp,Site ID Wetland: Estuarine Emergent,54,54,0.621681655363717,1
Wetland: Estuarine Emergent Emission: AG Very Fast -> Atmosphere Temp,Site ID Wetland: Estuarine Emergent,72,72,0.6153165818616549,1
Wetland: Estuarine Emergent Emission: AG Very Fast -> Atmosphere Temp,Site ID Wetland: Estuarine Emergent,90,90,0.6116518425725888,1
Wetland: Estuarine Emergent Emission: AG Very Fast -> Atmosphere Temp,Site ID Wetland: Estuarine Emergent,108,108,0.6066369361770247,1
Wetland: Estuarine Emergent Emission: AG Very Fast -> Atmosphere Temp,Site ID Wetland: Estuarine Emergent,126,126,0.583684095366558,1
Wetland: Estuarine Emergent Emission: AG Very Fast -> Atmosphere Temp,Site ID Wetland: Estuarine Emergent,144,144,0.5655532799364414,1
Wetland: Estuarine Emergent Emission: AG Very Fast -> Atmosphere Temp,Site ID Wetland: Estuarine Emergent,162,162,0.5574522772974533,1
Wetland: Estuarine Emergent Emission: BG Very Fast -> Atmosphere Temp,Site ID Wetland: Estuarine Emergent,1,1,0.4759402217560392,1
Wetland: Estuarine Emergent Emission: BG Very Fast -> Atmosphere Temp,Site ID Wetland: Estuarine Emergent,19,19,0.46454959156431175,1
Wetland: Estuarine Emergent Emission: BG Very Fast -> Atmosphere Temp,Site ID Wetland: Estuarine Emergent,37,37,0.46239136689640553,1
Wetland: Estuarine Emergent Emission: BG Very Fast -> Atmosphere Temp,Site ID Wetland: Estuarine Emergent,55,55,0.45843462167191074,1
Wetland: Estuarine Emergent Emission: BG Very Fast -> Atmosphere Temp,Site ID Wetland: Estuarine Emergent,73,73,0.4561564956335652,1
Wetland: Estuarine Emergent Emission: BG Very Fast -> Atmosphere Temp,Site ID Wetland: Estuarine Emergent,91,91,0.45303906000214506,1
Wetland: Estuarine Emergent Emission: BG Very Fast -> Atmosphere Temp,Site ID Wetland: Estuarine Emergent,109,109,0.43877079691987597,1
Wetland: Estuarine Emergent Emission: BG Very Fast -> Atmosphere Temp,Site ID Wetland: Estuarine Emergent,127,127,0.42750006809858776,1
Wetland: Estuarine Emergent Emission: BG Very Fast -> Atmosphere Temp,Site ID Wetland: Estuarine Emergent,145,145,0.42246421054013994,1
Wetland: Estuarine Emergent Emission: BG Very Fast -> Atmosphere Temp,Site ID Wetland: Estuarine Emergent,2,2,0.18476659865138997,1
Wetland: Estuarine Emergent Emission: BG Very Fast -> Atmosphere Temp,Site ID Wetland: Estuarine Emergent,20,20,0.17215765306248915,1
Wetland: Estuarine Emergent Emission: BG Very Fast -> Atmosphere Temp,Site ID Wetland: Estuarine Emergent,38,38,0.16976858968775005,1
Wetland: Estuarine Emergent Emission: BG Very Fast -> Atmosphere Temp,Site ID Wetland: Estuarine Emergent,56,56,0.16538864016739502,1
Wetland: Estuarine Emergent Emission: BG Very Fast -> Atmosphere Temp,Site ID Wetland: Estuarine Emergent,74,74,0.16286685104961485,1
Wetland: Estuarine Emergent Emission: BG Very Fast -> Atmosphere Temp,Site ID Wetland: Estuarine Emergent,92,92,0.15941598173054725,1
Wetland: Estuarine Emergent Emission: BG Very Fast -> Atmosphere Temp,Site ID Wetland: Estuarine Emergent,110,110,0.14362161830866096,1
Wetland: Estuarine Emergent Emission: BG Very Fast -> Atmosphere Temp,Site ID Wetland: Estuarine Emergent,128,128,0.1311453984628012,1
Wetland: Estuarine Emergent Emission: BG Very Fast -> Atmosphere Temp,Site ID Wetland: Estuarine Emergent,146,146,0.12557091725507666,1
Wetland: Palustrine Emergent Emission: BG Very Fast -> Atmosphere Temp,Site ID Wetland: Palustrine Emergent,1,1,0.2726369991762959,1
Wetland: Palustrine Emergent Emission: BG Very Fast -> Atmosphere Temp,Site ID Wetland: Palustrine Emergent,7,7,0.26200523637552536,1
Wetland: Palustrine Emergent Emission: BG Very Fast -> Atmosphere Temp,Site ID Wetland: Palustrine Emergent,13,13,0.2482294935615698,1
Wetland: Estuarine Emergent Emission: BG Very Fast -> Atmosphere Temp,Site ID Wetland: Estuarine Emergent,3,3,0.20473911339324227,1
Wetland: Estuarine Emergent Emission: BG Very Fast -> Atmosphere Temp,Site ID Wetland: Estuarine Emergent,21,21,0.198017669441521,1
Wetland: Estuarine Emergent Emission: BG Very Fast -> Atmosphere Temp,Site ID Wetland: Estuarine Emergent,39,39,0.1967441326927738,1
Wetland: Estuarine Emergent Emission: BG Very Fast -> Atmosphere Temp,Site ID Wetland: Estuarine Emergent,57,57,0.19440931532007064,1
Wetland: Estuarine Emergent Emission: BG Very Fast -> Atmosphere Temp,Site ID Wetland: Estuarine Emergent,75,75,0.19306502652972637,1
Wetland: Estuarine Emergent Emission: BG Very Fast -> Atmosphere Temp,Site ID Wetland: Estuarine Emergent,93,93,0.19122547344820268,1
Wetland: Estuarine Emergent Emission: BG Very Fast -> Atmosphere Temp,Site ID Wetland: Estuarine Emergent,111,111,0.1828059804981518,1
Wetland: Estuarine Emergent Emission: BG Very Fast -> Atmosphere Temp,Site ID Wetland: Estuarine Emergent,129,129,0.17615528858802762,1
Wetland: Estuarine Emergent Emission: BG Very Fast -> Atmosphere Temp,Site ID Wetland: Estuarine Emergent,147,147,0.17318370284095086,1
Wetland: Estuarine Emergent Emission: BG Very Fast -> Atmosphere Temp,Site ID Wetland: Estuarine Emergent,4,4,0.24492700141043502,1
Wetland: Estuarine Emergent Emission: BG Very Fast -> Atmosphere Temp,Site ID Wetland: Estuarine Emergent,22,22,0.234682210427088,1
Wetland: Estuarine Emergent Emission: BG Very Fast -> Atmosphere Temp,Site ID Wetland: Estuarine Emergent,40,40,0.23274109213550645,1
Wetland: Estuarine Emergent Emission: BG Very Fast -> Atmosphere Temp,Site ID Wetland: Estuarine Emergent,58,58,0.22918237526760699,1
Wetland: Estuarine Emergent Emission: BG Very Fast -> Atmosphere Temp,Site ID Wetland: Estuarine Emergent,76,76,0.22713341707093757,1
Wetland: Estuarine Emergent Emission: BG Very Fast -> Atmosphere Temp,Site ID Wetland: Estuarine Emergent,94,94,0.22432957953865312,1
Wetland: Estuarine Emergent Emission: BG Very Fast -> Atmosphere Temp,Site ID Wetland: Estuarine Emergent,112,112,0.21149663083319736,1
Wetland: Estuarine Emergent Emission: BG Very Fast -> Atmosphere Temp,Site ID Wetland: Estuarine Emergent,130,130,0.2013596797549382,1
Wetland: Estuarine Emergent Emission: BG Very Fast -> Atmosphere Temp,Site ID Wetland: Estuarine Emergent,148,148,0.19683040374124794,1
Wetland: Estuarine Emergent Emission: BG Very Fast -> Atmosphere Temp,Site ID Wetland: Estuarine Emergent,5,5,0.15808612466732902,1
Wetland: Estuarine Emergent Emission: BG Very Fast -> Atmosphere Temp,Site ID Wetland: Estuarine Emergent,23,23,0.1513764933340286,1
Wetland: Estuarine Emergent Emission: BG Very Fast -> Atmosphere Temp,Site ID Wetland: Estuarine Emergent,41,41,0.15010519476561376,1
Wetland: Estuarine Emergent Emission: BG Very Fast -> Atmosphere Temp,Site ID Wetland: Estuarine Emergent,59,59,0.14777448072351992,1
Wetland: Estuarine Emergent Emission: BG Very Fast -> Atmosphere Temp,Site ID Wetland: Estuarine Emergent,77,77,0.14643255445685985,1
Wetland: Estuarine Emergent Emission: BG Very Fast -> Atmosphere Temp,Site ID Wetland: Estuarine Emergent,95,95,0.1445962343024829,1
Wetland: Estuarine Emergent Emission: BG Very Fast -> Atmosphere Temp,Site ID Wetland: Estuarine Emergent,113,113,0.136191538211296,1
Wetland: Estuarine Emergent Emission: BG Very Fast -> Atmosphere Temp,Site ID Wetland: Estuarine Emergent,131,131,0.12955253457624086,1
Wetland: Estuarine Emergent Emission: BG Very Fast -> Atmosphere Temp,Site ID Wetland: Estuarine Emergent,149,149,0.12658617124993962,1
Wetland: Estuarine Emergent Emission: BG Very Fast -> Atmosphere Temp,Site ID Wetland: Estuarine Emergent,6,6,0.296541344026474,1
Wetland: Estuarine Emergent Emission: BG Very Fast -> Atmosphere Temp,Site ID Wetland: Estuarine Emergent,24,24,0.2845896031410102,1
Wetland: Estuarine Emergent Emission: BG Very Fast -> Atmosphere Temp,Site ID Wetland: Estuarine Emergent,42,42,0.2823250627627117,1
Wetland: Estuarine Emergent Emission: BG Very Fast -> Atmosphere Temp,Site ID Wetland: Estuarine Emergent,60,60,0.27817340540249796,1
Wetland: Estuarine Emergent Emission: BG Very Fast -> Atmosphere Temp,Site ID Wetland: Estuarine Emergent,78,78,0.2757830572254052,1
Wetland: Estuarine Emergent Emission: BG Very Fast -> Atmosphere Temp,Site ID Wetland: Estuarine Emergent,96,96,0.2725120544567519,1
Wetland: Estuarine Emergent Emission: BG Very Fast -> Atmosphere Temp,Site ID Wetland: Estuarine Emergent,114,114,0.2575409264002235,1
Wetland: Estuarine Emergent Emission: BG Very Fast -> Atmosphere Temp,Site ID Wetland: Estuarine Emergent,132,132,0.245714993313554,1
Wetland: Estuarine Emergent Emission: BG Very Fast -> Atmosphere Temp,Site ID Wetland: Estuarine Emergent,150,150,0.24043106576419107,1
Wetland: Palustrine Emergent Emission: BG Very Fast -> Atmosphere Temp,Site ID Wetland: Palustrine Emergent,2,2,0.21541152662000757,1
Wetland: Palustrine Emergent Emission: BG Very Fast -> Atmosphere Temp,Site ID Wetland: Palustrine Emergent,8,8,0.2082224262835973,1
Wetland: Palustrine Emergent Emission: BG Very Fast -> Atmosphere Temp,Site ID Wetland: Palustrine Emergent,14,14,0.19890739554467488,1
Wetland: Estuarine Emergent Emission: BG Very Fast -> Atmosphere Temp,Site ID Wetland: Estuarine Emergent,7,7,0.6159869081018026,1
Wetland: Estuarine Emergent Emission: BG Very Fast -> Atmosphere Temp,Site ID Wetland: Estuarine Emergent,25,25,0.600531984865857,1
Wetland: Estuarine Emergent Emission: BG Very Fast -> Atmosphere Temp,Site ID Wetland: Estuarine Emergent,43,43,0.5976036836211516,1
Wetland: Estuarine Emergent Emission: BG Very Fast -> Atmosphere Temp,Site ID Wetland: Estuarine Emergent,61,61,0.5922351313391916,1
Wetland: Estuarine Emergent Emission: BG Very Fast -> Atmosphere Temp,Site ID Wetland: Estuarine Emergent,79,79,0.5891441466920024,1
Wetland: Estuarine Emergent Emission: BG Very Fast -> Atmosphere Temp,Site ID Wetland: Estuarine Emergent,97,97,0.5849143782274279,1
Wetland: Estuarine Emergent Emission: BG Very Fast -> Atmosphere Temp,Site ID Wetland: Estuarine Emergent,115,115,0.5655550533318751,1
Wetland: Estuarine Emergent Emission: BG Very Fast -> Atmosphere Temp,Site ID Wetland: Estuarine Emergent,133,133,0.5502628134984132,1
Wetland: Estuarine Emergent Emission: BG Very Fast -> Atmosphere Temp,Site ID Wetland: Estuarine Emergent,151,151,0.5434301105941005,1
Wetland: Estuarine Emergent Emission: BG Very Fast -> Atmosphere Temp,Site ID Wetland: Estuarine Emergent,8,8,0.2195694283856784,1
Wetland: Estuarine Emergent Emission: BG Very Fast -> Atmosphere Temp,Site ID Wetland: Estuarine Emergent,26,26,0.21378869835678077,1
Wetland: Estuarine Emergent Emission: BG Very Fast -> Atmosphere Temp,Site ID Wetland: Estuarine Emergent,44,44,0.2126934021407791,1
Wetland: Estuarine Emergent Emission: BG Very Fast -> Atmosphere Temp,Site ID Wetland: Estuarine Emergent,62,62,0.21068535907810942,1
Wetland: Estuarine Emergent Emission: BG Very Fast -> Atmosphere Temp,Site ID Wetland: Estuarine Emergent,80,80,0.20952921307232988,1
Wetland: Estuarine Emergent Emission: BG Very Fast -> Atmosphere Temp,Site ID Wetland: Estuarine Emergent,98,98,0.2079471185381053,1
Wetland: Estuarine Emergent Emission: BG Very Fast -> Atmosphere Temp,Site ID Wetland: Estuarine Emergent,116,116,0.20070599355453878,1
Wetland: Estuarine Emergent Emission: BG Very Fast -> Atmosphere Temp,Site ID Wetland: Estuarine Emergent,134,134,0.19498611331541904,1
Wetland: Estuarine Emergent Emission: BG Very Fast -> Atmosphere Temp,Site ID Wetland: Estuarine Emergent,152,152,0.19243042214474854,1
Wetland: Palustrine Emergent Emission: BG Very Fast -> Atmosphere Temp,Site ID Wetland: Palustrine Emergent,3,3,0.35579045696224365,1
Wetland: Palustrine Emergent Emission: BG Very Fast -> Atmosphere Temp,Site ID Wetland: Palustrine Emergent,9,9,0.3392722087631468,1
Wetland: Palustrine Emergent Emission: BG Very Fast -> Atmosphere Temp,Site ID Wetland: Palustrine Emergent,15,15,0.31786925393882065,1
Wetland: Palustrine Emergent Emission: BG Very Fast -> Atmosphere Temp,Site ID Wetland: Palustrine Emergent,4,4,0.3581061756088877,1
Wetland: Palustrine Emergent Emission: BG Very Fast -> Atmosphere Temp,Site ID Wetland: Palustrine Emergent,10,10,0.3344656393762466,1
Wetland: Palustrine Emergent Emission: BG Very Fast -> Atmosphere Temp,Site ID Wetland: Palustrine Emergent,16,16,0.30383422356801787,1
Wetland: Estuarine Emergent Emission: BG Very Fast -> Atmosphere Temp,Site ID Wetland: Estuarine Emergent,9,9,0.23246245178986155,1
Wetland: Estuarine Emergent Emission: BG Very Fast -> Atmosphere Temp,Site ID Wetland: Estuarine Emergent,27,27,0.2167122623594274,1
Wetland: Estuarine Emergent Emission: BG Very Fast -> Atmosphere Temp,Site ID Wetland: Estuarine Emergent,45,45,0.21372801594102933,1
Wetland: Estuarine Emergent Emission: BG Very Fast -> Atmosphere Temp,Site ID Wetland: Estuarine Emergent,63,63,0.2082568975072996,1
Wetland: Estuarine Emergent Emission: BG Very Fast -> Atmosphere Temp,Site ID Wetland: Estuarine Emergent,81,81,0.20510685962121272,1
Wetland: Estuarine Emergent Emission: BG Very Fast -> Atmosphere Temp,Site ID Wetland: Estuarine Emergent,99,99,0.20079628146130443,1
Wetland: Estuarine Emergent Emission: BG Very Fast -> Atmosphere Temp,Site ID Wetland: Estuarine Emergent,117,117,0.1810670968063395,1
Wetland: Estuarine Emergent Emission: BG Very Fast -> Atmosphere Temp,Site ID Wetland: Estuarine Emergent,135,135,0.16548269884359412,1
Wetland: Estuarine Emergent Emission: BG Very Fast -> Atmosphere Temp,Site ID Wetland: Estuarine Emergent,153,153,0.15851945720066532,1
Wetland: Palustrine Emergent Emission: BG Very Fast -> Atmosphere Temp,Site ID Wetland: Palustrine Emergent,5,5,0.3359142696743531,1
Wetland: Palustrine Emergent Emission: BG Very Fast -> Atmosphere Temp,Site ID Wetland: Palustrine Emergent,11,11,0.32741508551245657,1
Wetland: Palustrine Emergent Emission: BG Very Fast -> Atmosphere Temp,Site ID Wetland: Palustrine Emergent,17,17,0.3164025584897275,1
Wetland: Estuarine Emergent Emission: BG Very Fast -> Atmosphere Temp,Site ID Wetland: Estuarine Emergent,10,10,0.1500531900539014,1
Wetland: Estuarine Emergent Emission: BG Very Fast -> Atmosphere Temp,Site ID Wetland: Estuarine Emergent,28,28,0.14291403728141486,1
Wetland: Estuarine Emergent Emission: BG Very Fast -> Atmosphere Temp,Site ID Wetland: Estuarine Emergent,46,46,0.14156135570347003,1
Wetland: Estuarine Emergent Emission: BG Very Fast -> Atmosphere Temp,Site ID Wetland: Estuarine Emergent,64,64,0.13908143947723786,1
Wetland: Estuarine Emergent Emission: BG Very Fast -> Atmosphere Temp,Site ID Wetland: Estuarine Emergent,82,82,0.13765360892274056,1
Wetland: Estuarine Emergent Emission: BG Very Fast -> Atmosphere Temp,Site ID Wetland: Estuarine Emergent,100,100,0.13569973553237583,1
Wetland: Estuarine Emergent Emission: BG Very Fast -> Atmosphere Temp,Site ID Wetland: Estuarine Emergent,118,118,0.12675700732262954,1
Wetland: Estuarine Emergent Emission: BG Very Fast -> Atmosphere Temp,Site ID Wetland: Estuarine Emergent,136,136,0.11969300352669547,1
Wetland: Estuarine Emergent Emission: BG Very Fast -> Atmosphere Temp,Site ID Wetland: Estuarine Emergent,154,154,0.11653674651149089,1
Wetland: Estuarine Emergent Emission: BG Very Fast -> Atmosphere Temp,Site ID Wetland: Estuarine Emergent,11,11,0.27832316024822346,1
Wetland: Estuarine Emergent Emission: BG Very Fast -> Atmosphere Temp,Site ID Wetland: Estuarine Emergent,29,29,0.2559615444186389,1
Wetland: Estuarine Emergent Emission: BG Very Fast -> Atmosphere Temp,Site ID Wetland: Estuarine Emergent,47,47,0.251724606682507,1
Wetland: Estuarine Emergent Emission: BG Very Fast -> Atmosphere Temp,Site ID Wetland: Estuarine Emergent,65,65,0.24395688749959868,1
Wetland: Estuarine Emergent Emission: BG Very Fast -> Atmosphere Temp,Site ID Wetland: Estuarine Emergent,83,83,0.2394845643336818,1
Wetland: Estuarine Emergent Emission: BG Very Fast -> Atmosphere Temp,Site ID Wetland: Estuarine Emergent,101,101,0.23336454315926913,1
Wetland: Estuarine Emergent Emission: BG Very Fast -> Atmosphere Temp,Site ID Wetland: Estuarine Emergent,119,119,0.2053536770148421,1
Wetland: Estuarine Emergent Emission: BG Very Fast -> Atmosphere Temp,Site ID Wetland: Estuarine Emergent,137,137,0.1832274466150426,1
Wetland: Estuarine Emergent Emission: BG Very Fast -> Atmosphere Temp,Site ID Wetland: Estuarine Emergent,155,155,0.17334125856406835,1
Wetland: Estuarine Emergent Emission: BG Very Fast -> Atmosphere Temp,Site ID Wetland: Estuarine Emergent,12,12,0.1479843218532855,1
Wetland: Estuarine Emergent Emission: BG Very Fast -> Atmosphere Temp,Site ID Wetland: Estuarine Emergent,30,30,0.13937713358938575,1
Wetland: Estuarine Emergent Emission: BG Very Fast -> Atmosphere Temp,Site ID Wetland: Estuarine Emergent,48,48,0.13774629791833104,1
Wetland: Estuarine Emergent Emission: BG Very Fast -> Atmosphere Temp,Site ID Wetland: Estuarine Emergent,66,66,0.13475643252139746,1
Wetland: Estuarine Emergent Emission: BG Very Fast -> Atmosphere Temp,Site ID Wetland: Estuarine Emergent,84,84,0.1330349948686175,1
Wetland: Estuarine Emergent Emission: BG Very Fast -> Atmosphere Temp,Site ID Wetland: Estuarine Emergent,102,102,0.13067934334376075,1
Wetland: Estuarine Emergent Emission: BG Very Fast -> Atmosphere Temp,Site ID Wetland: Estuarine Emergent,120,120,0.11989770751845474,1
Wetland: Estuarine Emergent Emission: BG Very Fast -> Atmosphere Temp,Site ID Wetland: Estuarine Emergent,138,138,0.11138112123628026,1
Wetland: Estuarine Emergent Emission: BG Very Fast -> Atmosphere Temp,Site ID Wetland: Estuarine Emergent,156,156,0.10757583800381931,1
Wetland: Estuarine Emergent Emission: BG Very Fast -> Atmosphere Temp,Site ID Wetland: Estuarine Emergent,13,13,0.25365950851987584,1
Wetland: Estuarine Emergent Emission: BG Very Fast -> Atmosphere Temp,Site ID Wetland: Estuarine Emergent,31,31,0.24578778193998274,1
Wetland: Estuarine Emergent Emission: BG Very Fast -> Atmosphere Temp,Site ID Wetland: Estuarine Emergent,49,49,0.24429629690379248,1
Wetland: Estuarine Emergent Emission: BG Very Fast -> Atmosphere Temp,Site ID Wetland: Estuarine Emergent,67,67,0.24156190767077698,1
Wetland: Estuarine Emergent Emission: BG Very Fast -> Atmosphere Temp,Site ID Wetland: Estuarine Emergent,85,85,0.23998756235479834,1
Wetland: Estuarine Emergent Emission: BG Very Fast -> Atmosphere Temp,Site ID Wetland: Estuarine Emergent,103,103,0.23783319508030126,1
Wetland: Estuarine Emergent Emission: BG Very Fast -> Atmosphere Temp,Site ID Wetland: Estuarine Emergent,121,121,0.2279728217854878,1
Wetland: Estuarine Emergent Emission: BG Very Fast -> Atmosphere Temp,Site ID Wetland: Estuarine Emergent,139,139,0.22018395548538305,1
Wetland: Estuarine Emergent Emission: BG Very Fast -> Atmosphere Temp,Site ID Wetland: Estuarine Emergent,157,157,0.21670382373427244,1
Wetland: Palustrine Emergent Emission: BG Very Fast -> Atmosphere Temp,Site ID Wetland: Palustrine Emergent,6,6,0.32391637106288845,1
Wetland: Palustrine Emergent Emission: BG Very Fast -> Atmosphere Temp,Site ID Wetland: Palustrine Emergent,12,12,0.3119697140754954,1
Wetland: Palustrine Emergent Emission: BG Very Fast -> Atmosphere Temp,Site ID Wetland: Palustrine Emergent,18,18,0.2964902421169088,1
Wetland: Estuarine Emergent Emission: BG Very Fast -> Atmosphere Temp,Site ID Wetland: Estuarine Emergent,14,14,0.23177156282563735,1
Wetland: Estuarine Emergent Emission: BG Very Fast -> Atmosphere Temp,Site ID Wetland: Estuarine Emergent,32,32,0.21986806277231244,1
Wetland: Estuarine Emergent Emission: BG Very Fast -> Atmosphere Temp,Site ID Wetland: Estuarine Emergent,50,50,0.21761266276220875,1
Wetland: Estuarine Emergent Emission: BG Very Fast -> Atmosphere Temp,Site ID Wetland: Estuarine Emergent,68,68,0.21347776274368535,1
Wetland: Estuarine Emergent Emission: BG Very Fast -> Atmosphere Temp,Site ID Wetland: Estuarine Emergent,86,86,0.21109706273302037,1
Wetland: Estuarine Emergent Emission: BG Very Fast -> Atmosphere Temp,Site ID Wetland: Estuarine Emergent,104,104,0.20783926271842618,1
Wetland: Estuarine Emergent Emission: BG Very Fast -> Atmosphere Temp,Site ID Wetland: Estuarine Emergent,122,122,0.19292856265162966,1
Wetland: Estuarine Emergent Emission: BG Very Fast -> Atmosphere Temp,Site ID Wetland: Estuarine Emergent,140,140,0.18115036259886602,1
Wetland: Estuarine Emergent Emission: BG Very Fast -> Atmosphere Temp,Site ID Wetland: Estuarine Emergent,158,158,0.17588776257529082,1
Wetland: Estuarine Emergent Emission: BG Very Fast -> Atmosphere Temp,Site ID Wetland: Estuarine Emergent,15,15,0.16019437001817907,1
Wetland: Estuarine Emergent Emission: BG Very Fast -> Atmosphere Temp,Site ID Wetland: Estuarine Emergent,33,33,0.15476036902192492,1
Wetland: Estuarine Emergent Emission: BG Very Fast -> Atmosphere Temp,Site ID Wetland: Estuarine Emergent,51,51,0.15373076883316095,1
Wetland: Estuarine Emergent Emission: BG Very Fast -> Atmosphere Temp,Site ID Wetland: Estuarine Emergent,69,69,0.15184316848709373,1
Wetland: Estuarine Emergent Emission: BG Very Fast -> Atmosphere Temp,Site ID Wetland: Estuarine Emergent,87,87,0.1507563682878429,1
Wetland: Estuarine Emergent Emission: BG Very Fast -> Atmosphere Temp,Site ID Wetland: Estuarine Emergent,105,105,0.14926916801518386,1
Wetland: Estuarine Emergent Emission: BG Very Fast -> Atmosphere Temp,Site ID Wetland: Estuarine Emergent,123,123,0.14246236676724441,1
Wetland: Estuarine Emergent Emission: BG Very Fast -> Atmosphere Temp,Site ID Wetland: Estuarine Emergent,141,141,0.13708556578147715,1
Wetland: Estuarine Emergent Emission: BG Very Fast -> Atmosphere Temp,Site ID Wetland: Estuarine Emergent,159,159,0.13468316534102795,1
Wetland: Estuarine Emergent Emission: BG Very Fast -> Atmosphere Temp,Site ID Wetland: Estuarine Emergent,16,16,0.35375806784119124,1
Wetland: Estuarine Emergent Emission: BG Very Fast -> Atmosphere Temp,Site ID Wetland: Estuarine Emergent,34,34,0.33695848970975567,1
Wetland: Estuarine Emergent Emission: BG Very Fast -> Atmosphere Temp,Site ID Wetland: Estuarine Emergent,52,52,0.33377541174800995,1
Wetland: Estuarine Emergent Emission: BG Very Fast -> Atmosphere Temp,Site ID Wetland: Estuarine Emergent,70,70,0.32793976881814296,1
Wetland: Estuarine Emergent Emission: BG Very Fast -> Atmosphere Temp,Site ID Wetland: Estuarine Emergent,88,88,0.32457985319185584,1
Wetland: Estuarine Emergent Emission: BG Very Fast -> Atmosphere Temp,Site ID Wetland: Estuarine Emergent,106,106,0.3199820739137787,1
Wetland: Estuarine Emergent Emission: BG Very Fast -> Atmosphere Temp,Site ID Wetland: Estuarine Emergent,124,124,0.29893839183334897,1
Wetland: Estuarine Emergent Emission: BG Very Fast -> Atmosphere Temp,Site ID Wetland: Estuarine Emergent,142,142,0.2823156513664548,1
Wetland: Estuarine Emergent Emission: BG Very Fast -> Atmosphere Temp,Site ID Wetland: Estuarine Emergent,160,160,0.2748884694557149,1
Wetland: Estuarine Emergent Emission: BG Very Fast -> Atmosphere Temp,Site ID Wetland: Estuarine Emergent,17,17,0.26560311177657003,1
Wetland: Estuarine Emergent Emission: BG Very Fast -> Atmosphere Temp,Site ID Wetland: Estuarine Emergent,35,35,0.24546289920106523,1
Wetland: Estuarine Emergent Emission: BG Very Fast -> Atmosphere Temp,Site ID Wetland: Estuarine Emergent,53,53,0.24164685892360116,1
Wetland: Estuarine Emergent Emission: BG Very Fast -> Atmosphere Temp,Site ID Wetland: Estuarine Emergent,71,71,0.23465078508158368,1
Wetland: Estuarine Emergent Emission: BG Very Fast -> Atmosphere Temp,Site ID Wetland: Estuarine Emergent,89,89,0.23062274256648274,1
Wetland: Estuarine Emergent Emission: BG Very Fast -> Atmosphere Temp,Site ID Wetland: Estuarine Emergent,107,107,0.2251106843879235,1
Wetland: Estuarine Emergent Emission: BG Very Fast -> Atmosphere Temp,Site ID Wetland: Estuarine Emergent,125,125,0.19988241810913332,1
Wetland: Estuarine Emergent Emission: BG Very Fast -> Atmosphere Temp,Site ID Wetland: Estuarine Emergent,143,143,0.17995420777126536,1
Wetland: Estuarine Emergent Emission: BG Very Fast -> Atmosphere Temp,Site ID Wetland: Estuarine Emergent,161,161,0.17105011379051588,1
Wetland: Estuarine Emergent Emission: BG Very Fast -> Atmosphere Temp,Site ID Wetland: Estuarine Emergent,18,18,0.27061286501942916,1
Wetland: Estuarine Emergent Emission: BG Very Fast -> Atmosphere Temp,Site ID Wetland: Estuarine Emergent,36,36,0.26290687650092603,1
Wetland: Estuarine Emergent Emission: BG Very Fast -> Atmosphere Temp,Site ID Wetland: Estuarine Emergent,54,54,0.26144679446584124,1
Wetland: Estuarine Emergent Emission: BG Very Fast -> Atmosphere Temp,Site ID Wetland: Estuarine Emergent,72,72,0.25876997740151914,1
Wetland: Estuarine Emergent Emission: BG Very Fast -> Atmosphere Temp,Site ID Wetland: Estuarine Emergent,90,90,0.2572287796978185,1
Wetland: Estuarine Emergent Emission: BG Very Fast -> Atmosphere Temp,Site ID Wetland: Estuarine Emergent,108,108,0.2551197723138071,1
Wetland: Estuarine Emergent Emission: BG Very Fast -> Atmosphere Temp,Site ID Wetland: Estuarine Emergent,126,126,0.2454670077485243,1
Wetland: Estuarine Emergent Emission: BG Very Fast -> Atmosphere Temp,Site ID Wetland: Estuarine Emergent,144,144,0.23784213489863704,1
Wetland: Estuarine Emergent Emission: BG Very Fast -> Atmosphere Temp,Site ID Wetland: Estuarine Emergent,162,162,0.23443527681677254,1
Wetland: Estuarine Emergent Emission: BG Slow -> Atmosphere Temp,Site ID Wetland: Estuarine Emergent,1,1,0.013913298367169997,1
Wetland: Estuarine Emergent Emission: BG Slow -> Atmosphere Temp,Site ID Wetland: Estuarine Emergent,19,19,0.013580312775275992,1
Wetland: Estuarine Emergent Emission: BG Slow -> Atmosphere Temp,Site ID Wetland: Estuarine Emergent,37,37,0.013517220768390813,1
Wetland: Estuarine Emergent Emission: BG Slow -> Atmosphere Temp,Site ID Wetland: Estuarine Emergent,55,55,0.013401552089101315,1
Wetland: Estuarine Emergent Emission: BG Slow -> Atmosphere Temp,Site ID Wetland: Estuarine Emergent,73,73,0.013334954970722514,1
Wetland: Estuarine Emergent Emission: BG Slow -> Atmosphere Temp,Site ID Wetland: Estuarine Emergent,91,91,0.013243822071888367,1
Wetland: Estuarine Emergent Emission: BG Slow -> Atmosphere Temp,Site ID Wetland: Estuarine Emergent,109,109,0.012826713804147455,1
Wetland: Estuarine Emergent Emission: BG Slow -> Atmosphere Temp,Site ID Wetland: Estuarine Emergent,127,127,0.01249723332374707,1
Wetland: Estuarine Emergent Emission: BG Slow -> Atmosphere Temp,Site ID Wetland: Estuarine Emergent,145,145,0.012350018641014985,1
Wetland: Estuarine Emergent Emission: BG Slow -> Atmosphere Temp,Site ID Wetland: Estuarine Emergent,2,2,0.01920518851320084,1
Wetland: Estuarine Emergent Emission: BG Slow -> Atmosphere Temp,Site ID Wetland: Estuarine Emergent,20,20,0.01789457729474991,1
Wetland: Estuarine Emergent Emission: BG Slow -> Atmosphere Temp,Site ID Wetland: Estuarine Emergent,38,38,0.017646250958622364,1
Wetland: Estuarine Emergent Emission: BG Slow -> Atmosphere Temp,Site ID Wetland: Estuarine Emergent,56,56,0.0171909860090552,1
Wetland: Estuarine Emergent Emission: BG Slow -> Atmosphere Temp,Site ID Wetland: Estuarine Emergent,74,74,0.016928863765365013,1
Wetland: Estuarine Emergent Emission: BG Slow -> Atmosphere Temp,Site ID Wetland: Estuarine Emergent,92,92,0.016570170168736336,1
Wetland: Estuarine Emergent Emission: BG Slow -> Atmosphere Temp,Site ID Wetland: Estuarine Emergent,110,110,0.014928457168782012,1
Wetland: Estuarine Emergent Emission: BG Slow -> Atmosphere Temp,Site ID Wetland: Estuarine Emergent,128,128,0.013631641857893725,1
Wetland: Estuarine Emergent Emission: BG Slow -> Atmosphere Temp,Site ID Wetland: Estuarine Emergent,146,146,0.013052213740262785,1
Wetland: Palustrine Emergent Emission: BG Slow -> Atmosphere Temp,Site ID Wetland: Palustrine Emergent,1,1,0.021362461733873846,1
Wetland: Palustrine Emergent Emission: BG Slow -> Atmosphere Temp,Site ID Wetland: Palustrine Emergent,7,7,0.020529410362705326,1
Wetland: Palustrine Emergent Emission: BG Slow -> Atmosphere Temp,Site ID Wetland: Palustrine Emergent,13,13,0.019450012556802537,1
Wetland: Estuarine Emergent Emission: BG Slow -> Atmosphere Temp,Site ID Wetland: Estuarine Emergent,3,3,0.028235558590717757,1
Wetland: Estuarine Emergent Emission: BG Slow -> Atmosphere Temp,Site ID Wetland: Estuarine Emergent,21,21,0.027308604666928245,1
Wetland: Estuarine Emergent Emission: BG Slow -> Atmosphere Temp,Site ID Wetland: Estuarine Emergent,39,39,0.02713297129189444,1
Wetland: Estuarine Emergent Emission: BG Slow -> Atmosphere Temp,Site ID Wetland: Estuarine Emergent,57,57,0.02681097677099914,1
Wetland: Estuarine Emergent Emission: BG Slow -> Atmosphere Temp,Site ID Wetland: Estuarine Emergent,75,75,0.02662558598624124,1
Wetland: Estuarine Emergent Emission: BG Slow -> Atmosphere Temp,Site ID Wetland: Estuarine Emergent,93,93,0.026371893333414637,1
Wetland: Estuarine Emergent Emission: BG Slow -> Atmosphere Temp,Site ID Wetland: Estuarine Emergent,111,111,0.025210761576246722,1
Wetland: Estuarine Emergent Emission: BG Slow -> Atmosphere Temp,Site ID Wetland: Estuarine Emergent,129,129,0.024293565062181312,1
Wetland: Estuarine Emergent Emission: BG Slow -> Atmosphere Temp,Site ID Wetland: Estuarine Emergent,147,147,0.023883753853769108,1
Wetland: Estuarine Emergent Emission: BG Slow -> Atmosphere Temp,Site ID Wetland: Estuarine Emergent,4,4,0.013858014599643935,1
Wetland: Estuarine Emergent Emission: BG Slow -> Atmosphere Temp,Site ID Wetland: Estuarine Emergent,22,22,0.01327836244941157,1
Wetland: Estuarine Emergent Emission: BG Slow -> Atmosphere Temp,Site ID Wetland: Estuarine Emergent,40,40,0.013168533620946492,1
Wetland: Estuarine Emergent Emission: BG Slow -> Atmosphere Temp,Site ID Wetland: Estuarine Emergent,58,58,0.012967180768760514,1
Wetland: Estuarine Emergent Emission: BG Slow -> Atmosphere Temp,Site ID Wetland: Estuarine Emergent,76,76,0.012851250338714041,1
Wetland: Estuarine Emergent Emission: BG Slow -> Atmosphere Temp,Site ID Wetland: Estuarine Emergent,94,94,0.012692608697597816,1
Wetland: Estuarine Emergent Emission: BG Slow -> Atmosphere Temp,Site ID Wetland: Estuarine Emergent,112,112,0.011966518109412013,1
Wetland: Estuarine Emergent Emission: BG Slow -> Atmosphere Temp,Site ID Wetland: Estuarine Emergent,130,130,0.011392967560761044,1
Wetland: Estuarine Emergent Emission: BG Slow -> Atmosphere Temp,Site ID Wetland: Estuarine Emergent,148,148,0.011136700294342525,1
Wetland: Estuarine Emergent Emission: BG Slow -> Atmosphere Temp,Site ID Wetland: Estuarine Emergent,5,5,0.03441891888893497,1
Wetland: Estuarine Emergent Emission: BG Slow -> Atmosphere Temp,Site ID Wetland: Estuarine Emergent,23,23,0.032958080645721005,1
Wetland: Estuarine Emergent Emission: BG Slow -> Atmosphere Temp,Site ID Wetland: Estuarine Emergent,41,41,0.03268129024174363,1
Wetland: Estuarine Emergent Emission: BG Slow -> Atmosphere Temp,Site ID Wetland: Estuarine Emergent,59,59,0.032173841167785086,1
Wetland: Estuarine Emergent Emission: BG Slow -> Atmosphere Temp,Site ID Wetland: Estuarine Emergent,77,77,0.0318816735191423,1
Wetland: Estuarine Emergent Emission: BG Slow -> Atmosphere Temp,Site ID Wetland: Estuarine Emergent,95,95,0.03148186515784163,1
Wetland: Estuarine Emergent Emission: BG Slow -> Atmosphere Temp,Site ID Wetland: Estuarine Emergent,113,113,0.02965197304265783,1
Wetland: Estuarine Emergent Emission: BG Slow -> Atmosphere Temp,Site ID Wetland: Estuarine Emergent,131,131,0.028206512044109282,1
Wetland: Estuarine Emergent Emission: BG Slow -> Atmosphere Temp,Site ID Wetland: Estuarine Emergent,149,149,0.027560667768162055,1
Wetland: Estuarine Emergent Emission: BG Slow -> Atmosphere Temp,Site ID Wetland: Estuarine Emergent,6,6,0.014549770294258408,1
Wetland: Estuarine Emergent Emission: BG Slow -> Atmosphere Temp,Site ID Wetland: Estuarine Emergent,24,24,0.013963359367070894,1
Wetland: Estuarine Emergent Emission: BG Slow -> Atmosphere Temp,Site ID Wetland: Estuarine Emergent,42,42,0.013852249928235366,1
Wetland: Estuarine Emergent Emission: BG Slow -> Atmosphere Temp,Site ID Wetland: Estuarine Emergent,60,60,0.013648549290370229,1
Wetland: Estuarine Emergent Emission: BG Slow -> Atmosphere Temp,Site ID Wetland: Estuarine Emergent,78,78,0.013531267104932729,1
Wetland: Estuarine Emergent Emission: BG Slow -> Atmosphere Temp,Site ID Wetland: Estuarine Emergent,96,96,0.013370775693281408,1
Wetland: Estuarine Emergent Emission: BG Slow -> Atmosphere Temp,Site ID Wetland: Estuarine Emergent,114,114,0.012636218847646524,1
Wetland: Estuarine Emergent Emission: BG Slow -> Atmosphere Temp,Site ID Wetland: Estuarine Emergent,132,132,0.012055980667060987,1
Wetland: Estuarine Emergent Emission: BG Slow -> Atmosphere Temp,Site ID Wetland: Estuarine Emergent,150,150,0.011796725309778086,1
Wetland: Palustrine Emergent Emission: BG Slow -> Atmosphere Temp,Site ID Wetland: Palustrine Emergent,2,2,0.028844169446446546,1
Wetland: Palustrine Emergent Emission: BG Slow -> Atmosphere Temp,Site ID Wetland: Palustrine Emergent,8,8,0.027881530020763823,1
Wetland: Palustrine Emergent Emission: BG Slow -> Atmosphere Temp,Site ID Wetland: Palustrine Emergent,14,14,0.026634222927925177,1
Wetland: Estuarine Emergent Emission: BG Slow -> Atmosphere Temp,Site ID Wetland: Estuarine Emergent,7,7,0.011045022461606048,1
Wetland: Estuarine Emergent Emission: BG Slow -> Atmosphere Temp,Site ID Wetland: Estuarine Emergent,25,25,0.010767906224169383,1
Wetland: Estuarine Emergent Emission: BG Slow -> Atmosphere Temp,Site ID Wetland: Estuarine Emergent,43,43,0.0107153999897077,1
Wetland: Estuarine Emergent Emission: BG Slow -> Atmosphere Temp,Site ID Wetland: Estuarine Emergent,61,61,0.01061913855986128,1
Wetland: Estuarine Emergent Emission: BG Slow -> Atmosphere Temp,Site ID Wetland: Estuarine Emergent,79,79,0.010563715312373947,1
Wetland: Estuarine Emergent Emission: BG Slow -> Atmosphere Temp,Site ID Wetland: Estuarine Emergent,97,97,0.010487872973707072,1
Wetland: Estuarine Emergent Emission: BG Slow -> Atmosphere Temp,Site ID Wetland: Estuarine Emergent,115,115,0.01014074842365483,1
Wetland: Estuarine Emergent Emission: BG Slow -> Atmosphere Temp,Site ID Wetland: Estuarine Emergent,133,133,0.009866549199243815,1
Wetland: Estuarine Emergent Emission: BG Slow -> Atmosphere Temp,Site ID Wetland: Estuarine Emergent,151,151,0.009744034652166554,1
Wetland: Estuarine Emergent Emission: BG Slow -> Atmosphere Temp,Site ID Wetland: Estuarine Emergent,8,8,0.04340510458319189,1
Wetland: Estuarine Emergent Emission: BG Slow -> Atmosphere Temp,Site ID Wetland: Estuarine Emergent,26,26,0.042262353548513404,1
Wetland: Estuarine Emergent Emission: BG Slow -> Atmosphere Temp,Site ID Wetland: Estuarine Emergent,44,44,0.04204583229983747,1
Wetland: Estuarine Emergent Emission: BG Slow -> Atmosphere Temp,Site ID Wetland: Estuarine Emergent,62,62,0.04164887667726495,1
Wetland: Estuarine Emergent Emission: BG Slow -> Atmosphere Temp,Site ID Wetland: Estuarine Emergent,80,80,0.04142032647032925,1
Wetland: Estuarine Emergent Emission: BG Slow -> Atmosphere Temp,Site ID Wetland: Estuarine Emergent,98,98,0.041107573555575136,1
Wetland: Estuarine Emergent Emission: BG Slow -> Atmosphere Temp,Site ID Wetland: Estuarine Emergent,116,116,0.03967612752266208,1
Wetland: Estuarine Emergent Emission: BG Slow -> Atmosphere Temp,Site ID Wetland: Estuarine Emergent,134,134,0.03854540544624336,1
Wetland: Estuarine Emergent Emission: BG Slow -> Atmosphere Temp,Site ID Wetland: Estuarine Emergent,152,152,0.03804018919933287,1
Wetland: Palustrine Emergent Emission: BG Slow -> Atmosphere Temp,Site ID Wetland: Palustrine Emergent,3,3,0.010996403275919036,1
Wetland: Palustrine Emergent Emission: BG Slow -> Atmosphere Temp,Site ID Wetland: Palustrine Emergent,9,9,0.010485874353474475,1
Wetland: Palustrine Emergent Emission: BG Slow -> Atmosphere Temp,Site ID Wetland: Palustrine Emergent,15,15,0.009824373973295521,1
Wetland: Palustrine Emergent Emission: BG Slow -> Atmosphere Temp,Site ID Wetland: Palustrine Emergent,4,4,0.006544803726178897,1
Wetland: Palustrine Emergent Emission: BG Slow -> Atmosphere Temp,Site ID Wetland: Palustrine Emergent,10,10,0.006112745637928445,1
Wetland: Palustrine Emergent Emission: BG Slow -> Atmosphere Temp,Site ID Wetland: Palustrine Emergent,16,16,0.00555292115576485,1
Wetland: Estuarine Emergent Emission: BG Slow -> Atmosphere Temp,Site ID Wetland: Estuarine Emergent,9,9,0.012777584685352094,1
Wetland: Estuarine Emergent Emission: BG Slow -> Atmosphere Temp,Site ID Wetland: Estuarine Emergent,27,27,0.011911856144212758,1
Wetland: Estuarine Emergent Emission: BG Slow -> Atmosphere Temp,Site ID Wetland: Estuarine Emergent,45,45,0.011747823367996884,1
Wetland: Estuarine Emergent Emission: BG Slow -> Atmosphere Temp,Site ID Wetland: Estuarine Emergent,63,63,0.011447096611601114,1
Wetland: Estuarine Emergent Emission: BG Slow -> Atmosphere Temp,Site ID Wetland: Estuarine Emergent,81,81,0.011273950903373247,1
Wetland: Estuarine Emergent Emission: BG Slow -> Atmosphere Temp,Site ID Wetland: Estuarine Emergent,99,99,0.011037014671061428,1
Wetland: Estuarine Emergent Emission: BG Slow -> Atmosphere Temp,Site ID Wetland: Estuarine Emergent,117,117,0.00995257576163426,1
Wetland: Estuarine Emergent Emission: BG Slow -> Atmosphere Temp,Site ID Wetland: Estuarine Emergent,135,135,0.009095960152506917,1
Wetland: Estuarine Emergent Emission: BG Slow -> Atmosphere Temp,Site ID Wetland: Estuarine Emergent,153,153,0.00871321700800321,1
Wetland: Palustrine Emergent Emission: BG Slow -> Atmosphere Temp,Site ID Wetland: Palustrine Emergent,5,5,0.03785890620308767,1
Wetland: Palustrine Emergent Emission: BG Slow -> Atmosphere Temp,Site ID Wetland: Palustrine Emergent,11,11,0.03690101353511633,1
Wetland: Palustrine Emergent Emission: BG Slow -> Atmosphere Temp,Site ID Wetland: Palustrine Emergent,17,17,0.03565985689114093,1
Wetland: Estuarine Emergent Emission: BG Slow -> Atmosphere Temp,Site ID Wetland: Estuarine Emergent,10,10,0.03506217100172251,1
Wetland: Estuarine Emergent Emission: BG Slow -> Atmosphere Temp,Site ID Wetland: Estuarine Emergent,28,28,0.0333940012332129,1
Wetland: Estuarine Emergent Emission: BG Slow -> Atmosphere Temp,Site ID Wetland: Estuarine Emergent,46,46,0.03307792696128476,1
Wetland: Estuarine Emergent Emission: BG Slow -> Atmosphere Temp,Site ID Wetland: Estuarine Emergent,64,64,0.03249845746274985,1
Wetland: Estuarine Emergent Emission: BG Slow -> Atmosphere Temp,Site ID Wetland: Estuarine Emergent,82,82,0.032164823509047924,1
Wetland: Estuarine Emergent Emission: BG Slow -> Atmosphere Temp,Site ID Wetland: Estuarine Emergent,100,100,0.031708271782929516,1
Wetland: Estuarine Emergent Emission: BG Slow -> Atmosphere Temp,Site ID Wetland: Estuarine Emergent,118,118,0.029618669651849054,1
Wetland: Estuarine Emergent Emission: BG Slow -> Atmosphere Temp,Site ID Wetland: Estuarine Emergent,136,136,0.027968059565113237,1
Wetland: Estuarine Emergent Emission: BG Slow -> Atmosphere Temp,Site ID Wetland: Estuarine Emergent,154,154,0.02723055293061425,1
Wetland: Estuarine Emergent Emission: BG Slow -> Atmosphere Temp,Site ID Wetland: Estuarine Emergent,11,11,0.0028818398773301605,1
Wetland: Estuarine Emergent Emission: BG Slow -> Atmosphere Temp,Site ID Wetland: Estuarine Emergent,29,29,0.002650301128769814,1
Wetland: Estuarine Emergent Emission: BG Slow -> Atmosphere Temp,Site ID Wetland: Estuarine Emergent,47,47,0.002606430629042591,1
Wetland: Estuarine Emergent Emission: BG Slow -> Atmosphere Temp,Site ID Wetland: Estuarine Emergent,65,65,0.0025260013795426815,1
Wetland: Estuarine Emergent Emission: BG Slow -> Atmosphere Temp,Site ID Wetland: Estuarine Emergent,83,83,0.002479693629830612,1
Wetland: Estuarine Emergent Emission: BG Slow -> Atmosphere Temp,Site ID Wetland: Estuarine Emergent,101,101,0.0024163251302246227,1
Wetland: Estuarine Emergent Emission: BG Slow -> Atmosphere Temp,Site ID Wetland: Estuarine Emergent,119,119,0.002126292382027979,1
Wetland: Estuarine Emergent Emission: BG Slow -> Atmosphere Temp,Site ID Wetland: Estuarine Emergent,137,137,0.0018971908834524787,1
Wetland: Estuarine Emergent Emission: BG Slow -> Atmosphere Temp,Site ID Wetland: Estuarine Emergent,155,155,0.0017948263840889573,1
Wetland: Estuarine Emergent Emission: BG Slow -> Atmosphere Temp,Site ID Wetland: Estuarine Emergent,12,12,0.013905093589599599,1
Wetland: Estuarine Emergent Emission: BG Slow -> Atmosphere Temp,Site ID Wetland: Estuarine Emergent,30,30,0.013096333871989203,1
Wetland: Estuarine Emergent Emission: BG Slow -> Atmosphere Temp,Site ID Wetland: Estuarine Emergent,48,48,0.012943095188652495,1
Wetland: Estuarine Emergent Emission: BG Slow -> Atmosphere Temp,Site ID Wetland: Estuarine Emergent,66,66,0.012662157602535199,1
Wetland: Estuarine Emergent Emission: BG Slow -> Atmosphere Temp,Site ID Wetland: Estuarine Emergent,84,84,0.012500405659013121,1
Wetland: Estuarine Emergent Emission: BG Slow -> Atmosphere Temp,Site ID Wetland: Estuarine Emergent,102,102,0.012279060894193434,1
Wetland: Estuarine Emergent Emission: BG Slow -> Atmosphere Temp,Site ID Wetland: Estuarine Emergent,120,120,0.011265982932134095,1
Wetland: Estuarine Emergent Emission: BG Slow -> Atmosphere Temp,Site ID Wetland: Estuarine Emergent,138,138,0.010465736474709069,1
Wetland: Estuarine Emergent Emission: BG Slow -> Atmosphere Temp,Site ID Wetland: Estuarine Emergent,156,156,0.010108179546923422,1
Wetland: Estuarine Emergent Emission: BG Slow -> Atmosphere Temp,Site ID Wetland: Estuarine Emergent,13,13,0.014665886831401955,1
Wetland: Estuarine Emergent Emission: BG Slow -> Atmosphere Temp,Site ID Wetland: Estuarine Emergent,31,31,0.014210765508089114,1
Wetland: Estuarine Emergent Emission: BG Slow -> Atmosphere Temp,Site ID Wetland: Estuarine Emergent,49,49,0.01412453199419826,1
Wetland: Estuarine Emergent Emission: BG Slow -> Atmosphere Temp,Site ID Wetland: Estuarine Emergent,67,67,0.013966437218731694,1
Wetland: Estuarine Emergent Emission: BG Slow -> Atmosphere Temp,Site ID Wetland: Estuarine Emergent,85,85,0.013875412954069126,1
Wetland: Estuarine Emergent Emission: BG Slow -> Atmosphere Temp,Site ID Wetland: Estuarine Emergent,103,103,0.013750853434004558,1
Wetland: Estuarine Emergent Emission: BG Slow -> Atmosphere Temp,Site ID Wetland: Estuarine Emergent,121,121,0.013180754092170578,1
Wetland: Estuarine Emergent Emission: BG Slow -> Atmosphere Temp,Site ID Wetland: Estuarine Emergent,139,139,0.012730423519629448,1
Wetland: Estuarine Emergent Emission: BG Slow -> Atmosphere Temp,Site ID Wetland: Estuarine Emergent,157,157,0.012529211987217456,1
Wetland: Palustrine Emergent Emission: BG Slow -> Atmosphere Temp,Site ID Wetland: Palustrine Emergent,6,6,0.016665314304543,1
Wetland: Palustrine Emergent Emission: BG Slow -> Atmosphere Temp,Site ID Wetland: Palustrine Emergent,12,12,0.016050665551439948,1
Wetland: Palustrine Emergent Emission: BG Slow -> Atmosphere Temp,Site ID Wetland: Palustrine Emergent,18,18,0.015254255463824707,1
Wetland: Estuarine Emergent Emission: BG Slow -> Atmosphere Temp,Site ID Wetland: Estuarine Emergent,14,14,0.009714678271266229,1
Wetland: Estuarine Emergent Emission: BG Slow -> Atmosphere Temp,Site ID Wetland: Estuarine Emergent,32,32,0.009215744442153433,1
Wetland: Estuarine Emergent Emission: BG Slow -> Atmosphere Temp,Site ID Wetland: Estuarine Emergent,50,50,0.009121209611374166,1
Wetland: Estuarine Emergent Emission: BG Slow -> Atmosphere Temp,Site ID Wetland: Estuarine Emergent,68,68,0.00894789575494551,1
Wetland: Estuarine Emergent Emission: BG Slow -> Atmosphere Temp,Site ID Wetland: Estuarine Emergent,86,86,0.008848108989122952,1
Wetland: Estuarine Emergent Emission: BG Slow -> Atmosphere Temp,Site ID Wetland: Estuarine Emergent,104,104,0.008711558677997343,1
Wetland: Estuarine Emergent Emission: BG Slow -> Atmosphere Temp,Site ID Wetland: Estuarine Emergent,122,122,0.008086578407845525,1
Wetland: Estuarine Emergent Emission: BG Slow -> Atmosphere Temp,Site ID Wetland: Estuarine Emergent,140,140,0.0075928965137760235,1
Wetland: Estuarine Emergent Emission: BG Slow -> Atmosphere Temp,Site ID Wetland: Estuarine Emergent,158,158,0.007372315241957735,1
Wetland: Estuarine Emergent Emission: BG Slow -> Atmosphere Temp,Site ID Wetland: Estuarine Emergent,15,15,0.029411107411845057,1
Wetland: Estuarine Emergent Emission: BG Slow -> Atmosphere Temp,Site ID Wetland: Estuarine Emergent,33,33,0.028413444466769223,1
Wetland: Estuarine Emergent Emission: BG Slow -> Atmosphere Temp,Site ID Wetland: Estuarine Emergent,51,51,0.028224413592965382,1
Wetland: Estuarine Emergent Emission: BG Slow -> Atmosphere Temp,Site ID Wetland: Estuarine Emergent,69,69,0.02787785699099167,1
Wetland: Estuarine Emergent Emission: BG Slow -> Atmosphere Temp,Site ID Wetland: Estuarine Emergent,87,87,0.027678324401976505,1
Wetland: Estuarine Emergent Emission: BG Slow -> Atmosphere Temp,Site ID Wetland: Estuarine Emergent,105,105,0.027405279806482066,1
Wetland: Estuarine Emergent Emission: BG Slow -> Atmosphere Temp,Site ID Wetland: Estuarine Emergent,123,123,0.026155575696334445,1
Wetland: Estuarine Emergent Emission: BG Slow -> Atmosphere Temp,Site ID Wetland: Estuarine Emergent,141,141,0.025168414466469936,1
Wetland: Estuarine Emergent Emission: BG Slow -> Atmosphere Temp,Site ID Wetland: Estuarine Emergent,159,159,0.024727342427594303,1
Wetland: Estuarine Emergent Emission: BG Slow -> Atmosphere Temp,Site ID Wetland: Estuarine Emergent,16,16,0.005874626905622934,1
Wetland: Estuarine Emergent Emission: BG Slow -> Atmosphere Temp,Site ID Wetland: Estuarine Emergent,34,34,0.005595647392035274,1
Wetland: Estuarine Emergent Emission: BG Slow -> Atmosphere Temp,Site ID Wetland: Estuarine Emergent,52,52,0.005542788115776559,1
Wetland: Estuarine Emergent Emission: BG Slow -> Atmosphere Temp,Site ID Wetland: Estuarine Emergent,70,70,0.005445879442635583,1
Wetland: Estuarine Emergent Emission: BG Slow -> Atmosphere Temp,Site ID Wetland: Estuarine Emergent,88,88,0.005390083539918052,1
Wetland: Estuarine Emergent Emission: BG Slow -> Atmosphere Temp,Site ID Wetland: Estuarine Emergent,106,106,0.005313731251988797,1
Wetland: Estuarine Emergent Emission: BG Slow -> Atmosphere Temp,Site ID Wetland: Estuarine Emergent,124,124,0.004964272703389518,1
Wetland: Estuarine Emergent Emission: BG Slow -> Atmosphere Temp,Site ID Wetland: Estuarine Emergent,142,142,0.004688229816260676,1
Wetland: Estuarine Emergent Emission: BG Slow -> Atmosphere Temp,Site ID Wetland: Estuarine Emergent,160,160,0.004564891504990342,1
Wetland: Estuarine Emergent Emission: BG Slow -> Atmosphere Temp,Site ID Wetland: Estuarine Emergent,17,17,0,1
Wetland: Estuarine Emergent Emission: BG Slow -> Atmosphere Temp,Site ID Wetland: Estuarine Emergent,35,35,0,1
Wetland: Estuarine Emergent Emission: BG Slow -> Atmosphere Temp,Site ID Wetland: Estuarine Emergent,53,53,0,1
Wetland: Estuarine Emergent Emission: BG Slow -> Atmosphere Temp,Site ID Wetland: Estuarine Emergent,71,71,0,1
Wetland: Estuarine Emergent Emission: BG Slow -> Atmosphere Temp,Site ID Wetland: Estuarine Emergent,89,89,0,1
Wetland: Estuarine Emergent Emission: BG Slow -> Atmosphere Temp,Site ID Wetland: Estuarine Emergent,107,107,0,1
Wetland: Estuarine Emergent Emission: BG Slow -> Atmosphere Temp,Site ID Wetland: Estuarine Emergent,125,125,0,1
Wetland: Estuarine Emergent Emission: BG Slow -> Atmosphere Temp,Site ID Wetland: Estuarine Emergent,143,143,0,1
Wetland: Estuarine Emergent Emission: BG Slow -> Atmosphere Temp,Site ID Wetland: Estuarine Emergent,161,161,0,1
Wetland: Estuarine Emergent Emission: BG Slow -> Atmosphere Temp,Site ID Wetland: Estuarine Emergent,18,18,0.02589739122309068,1
Wetland: Estuarine Emergent Emission: BG Slow -> Atmosphere Temp,Site ID Wetland: Estuarine Emergent,36,36,0.025159935524485994,1
Wetland: Estuarine Emergent Emission: BG Slow -> Atmosphere Temp,Site ID Wetland: Estuarine Emergent,54,54,0.025020207076329314,1
Wetland: Estuarine Emergent Emission: BG Slow -> Atmosphere Temp,Site ID Wetland: Estuarine Emergent,72,72,0.02476403825470874,1
Wetland: Estuarine Emergent Emission: BG Slow -> Atmosphere Temp,Site ID Wetland: Estuarine Emergent,90,90,0.024616547114987803,1
Wetland: Estuarine Emergent Emission: BG Slow -> Atmosphere Temp,Site ID Wetland: Estuarine Emergent,108,108,0.024414717134317043,1
Wetland: Estuarine Emergent Emission: BG Slow -> Atmosphere Temp,Site ID Wetland: Estuarine Emergent,126,126,0.02349095683817012,1
Wetland: Estuarine Emergent Emission: BG Slow -> Atmosphere Temp,Site ID Wetland: Estuarine Emergent,144,144,0.02276126383112969,1
Wetland: Estuarine Emergent Emission: BG Slow -> Atmosphere Temp,Site ID Wetland: Estuarine Emergent,162,162,0.022435230785430773,1
Wetland: Estuarine Emergent Lateral Transport: AG Very Fast -> Aquatic,Site ID Wetland: Estuarine Emergent,1,1,0.0011758552889389658,1
Wetland: Estuarine Emergent Lateral Transport: AG Very Fast -> Aquatic,Site ID Wetland: Estuarine Emergent,19,19,0.012346480533859141,1
Wetland: Estuarine Emergent Lateral Transport: AG Very Fast -> Aquatic,Site ID Wetland: Estuarine Emergent,37,37,0.01446302005394928,1
Wetland: Estuarine Emergent Lateral Transport: AG Very Fast -> Aquatic,Site ID Wetland: Estuarine Emergent,55,55,0.01834334250744787,1
Wetland: Estuarine Emergent Lateral Transport: AG Very Fast -> Aquatic,Site ID Wetland: Estuarine Emergent,73,73,0.020577467556431903,1
Wetland: Estuarine Emergent Lateral Transport: AG Very Fast -> Aquatic,Site ID Wetland: Estuarine Emergent,91,91,0.023634691307673216,1
Wetland: Estuarine Emergent Lateral Transport: AG Very Fast -> Aquatic,Site ID Wetland: Estuarine Emergent,109,109,0.037627369246046906,1
Wetland: Estuarine Emergent Lateral Transport: AG Very Fast -> Aquatic,Site ID Wetland: Estuarine Emergent,127,127,0.048680408962073186,1
Wetland: Estuarine Emergent Lateral Transport: AG Very Fast -> Aquatic,Site ID Wetland: Estuarine Emergent,145,145,0.05361900117561684,1
Wetland: Estuarine Emergent Lateral Transport: AG Very Fast -> Aquatic,Site ID Wetland: Estuarine Emergent,2,2,0.004353412839169116,1
Wetland: Estuarine Emergent Lateral Transport: AG Very Fast -> Aquatic,Site ID Wetland: Estuarine Emergent,20,20,0.045710834811275726,1
Wetland: Estuarine Emergent Lateral Transport: AG Very Fast -> Aquatic,Site ID Wetland: Estuarine Emergent,38,38,0.05354697792178014,1
Wetland: Estuarine Emergent Lateral Transport: AG Very Fast -> Aquatic,Site ID Wetland: Estuarine Emergent,56,56,0.06791324029103822,1
Wetland: Estuarine Emergent Lateral Transport: AG Very Fast -> Aquatic,Site ID Wetland: Estuarine Emergent,74,74,0.07618472468545955,1
Wetland: Estuarine Emergent Lateral Transport: AG Very Fast -> Aquatic,Site ID Wetland: Estuarine Emergent,92,92,0.08750359806729925,1
Wetland: Estuarine Emergent Lateral Transport: AG Very Fast -> Aquatic,Site ID Wetland: Estuarine Emergent,110,110,0.13930921085341172,1
Wetland: Estuarine Emergent Lateral Transport: AG Very Fast -> Aquatic,Site ID Wetland: Estuarine Emergent,128,128,0.18023129154160145,1
Wetland: Estuarine Emergent Lateral Transport: AG Very Fast -> Aquatic,Site ID Wetland: Estuarine Emergent,146,146,0.1985156254661117,1
Wetland: Palustrine Emergent Lateral Transport: AG Very Fast -> Aquatic,Site ID Wetland: Palustrine Emergent,1,1,-0.005624282350789318,1
Wetland: Palustrine Emergent Lateral Transport: AG Very Fast -> Aquatic,Site ID Wetland: Palustrine Emergent,7,7,0.018086899189763004,1
Wetland: Palustrine Emergent Lateral Transport: AG Very Fast -> Aquatic,Site ID Wetland: Palustrine Emergent,13,13,0.04880985123812756,1
Wetland: Estuarine Emergent Lateral Transport: AG Very Fast -> Aquatic,Site ID Wetland: Estuarine Emergent,3,3,0.002300423266598441,1
Wetland: Estuarine Emergent Lateral Transport: AG Very Fast -> Aquatic,Site ID Wetland: Estuarine Emergent,21,21,0.024154444299283633,1
Wetland: Estuarine Emergent Lateral Transport: AG Very Fast -> Aquatic,Site ID Wetland: Estuarine Emergent,39,39,0.028295206179160832,1
Wetland: Estuarine Emergent Lateral Transport: AG Very Fast -> Aquatic,Site ID Wetland: Estuarine Emergent,57,57,0.035886602958935684,1
Wetland: Estuarine Emergent Lateral Transport: AG Very Fast -> Aquatic,Site ID Wetland: Estuarine Emergent,75,75,0.04025740716547272,1
Wetland: Estuarine Emergent Lateral Transport: AG Very Fast -> Aquatic,Site ID Wetland: Estuarine Emergent,93,93,0.046238507658628664,1
Wetland: Estuarine Emergent Lateral Transport: AG Very Fast -> Aquatic,Site ID Wetland: Estuarine Emergent,111,111,0.07361354453115011,1
Wetland: Estuarine Emergent Lateral Transport: AG Very Fast -> Aquatic,Site ID Wetland: Estuarine Emergent,129,129,0.09523752323717546,1
Wetland: Estuarine Emergent Lateral Transport: AG Very Fast -> Aquatic,Site ID Wetland: Estuarine Emergent,147,147,0.10489930095688893,1
Wetland: Estuarine Emergent Lateral Transport: AG Very Fast -> Aquatic,Site ID Wetland: Estuarine Emergent,4,4,0.0030438740103141157,1
Wetland: Estuarine Emergent Lateral Transport: AG Very Fast -> Aquatic,Site ID Wetland: Estuarine Emergent,22,22,0.03196067710829822,1
Wetland: Estuarine Emergent Lateral Transport: AG Very Fast -> Aquatic,Site ID Wetland: Estuarine Emergent,40,40,0.037439650326863624,1
Wetland: Estuarine Emergent Lateral Transport: AG Very Fast -> Aquatic,Site ID Wetland: Estuarine Emergent,58,58,0.04748443456090021,1
Wetland: Estuarine Emergent Lateral Transport: AG Very Fast -> Aquatic,Site ID Wetland: Estuarine Emergent,76,76,0.053267795180497034,1
Wetland: Estuarine Emergent Lateral Transport: AG Very Fast -> Aquatic,Site ID Wetland: Estuarine Emergent,94,94,0.06118186760731373,1
Wetland: Estuarine Emergent Lateral Transport: AG Very Fast -> Aquatic,Site ID Wetland: Estuarine Emergent,112,112,0.0974039683300517,1
Wetland: Estuarine Emergent Lateral Transport: AG Very Fast -> Aquatic,Site ID Wetland: Estuarine Emergent,130,130,0.12601638402700438,1
Wetland: Estuarine Emergent Lateral Transport: AG Very Fast -> Aquatic,Site ID Wetland: Estuarine Emergent,148,148,0.13880065487032367,1
Wetland: Estuarine Emergent Lateral Transport: AG Very Fast -> Aquatic,Site ID Wetland: Estuarine Emergent,5,5,0.0028130012538712165,1
Wetland: Estuarine Emergent Lateral Transport: AG Very Fast -> Aquatic,Site ID Wetland: Estuarine Emergent,23,23,0.029536513165647774,1
Wetland: Estuarine Emergent Lateral Transport: AG Very Fast -> Aquatic,Site ID Wetland: Estuarine Emergent,41,41,0.034599915422615965,1
Wetland: Estuarine Emergent Lateral Transport: AG Very Fast -> Aquatic,Site ID Wetland: Estuarine Emergent,59,59,0.04388281956039097,1
Wetland: Estuarine Emergent Lateral Transport: AG Very Fast -> Aquatic,Site ID Wetland: Estuarine Emergent,77,77,0.04922752194274629,1
Wetland: Estuarine Emergent Lateral Transport: AG Very Fast -> Aquatic,Site ID Wetland: Estuarine Emergent,95,95,0.05654132520281146,1
Wetland: Estuarine Emergent Lateral Transport: AG Very Fast -> Aquatic,Site ID Wetland: Estuarine Emergent,113,113,0.09001604012387893,1
Wetland: Estuarine Emergent Lateral Transport: AG Very Fast -> Aquatic,Site ID Wetland: Estuarine Emergent,131,131,0.11645825191026837,1
Wetland: Estuarine Emergent Lateral Transport: AG Very Fast -> Aquatic,Site ID Wetland: Estuarine Emergent,149,149,0.12827285717652748,1
Wetland: Estuarine Emergent Lateral Transport: AG Very Fast -> Aquatic,Site ID Wetland: Estuarine Emergent,6,6,0.002673912222025053,1
Wetland: Estuarine Emergent Lateral Transport: AG Very Fast -> Aquatic,Site ID Wetland: Estuarine Emergent,24,24,0.028076078331263053,1
Wetland: Estuarine Emergent Lateral Transport: AG Very Fast -> Aquatic,Site ID Wetland: Estuarine Emergent,42,42,0.032889120330908156,1
Wetland: Estuarine Emergent Lateral Transport: AG Very Fast -> Aquatic,Site ID Wetland: Estuarine Emergent,60,60,0.041713030663590826,1
Wetland: Estuarine Emergent Lateral Transport: AG Very Fast -> Aquatic,Site ID Wetland: Estuarine Emergent,78,78,0.04679346388543843,1
Wetland: Estuarine Emergent Lateral Transport: AG Very Fast -> Aquatic,Site ID Wetland: Estuarine Emergent,96,96,0.053745635662703566,1
Wetland: Estuarine Emergent Lateral Transport: AG Very Fast -> Aquatic,Site ID Wetland: Estuarine Emergent,114,114,0.0855651911048017,1
Wetland: Estuarine Emergent Lateral Transport: AG Very Fast -> Aquatic,Site ID Wetland: Estuarine Emergent,132,132,0.1106999659918372,1
Wetland: Estuarine Emergent Lateral Transport: AG Very Fast -> Aquatic,Site ID Wetland: Estuarine Emergent,150,150,0.12193039732434242,1
Wetland: Palustrine Emergent Lateral Transport: AG Very Fast -> Aquatic,Site ID Wetland: Palustrine Emergent,2,2,-0.0033922228442849456,1
Wetland: Palustrine Emergent Lateral Transport: AG Very Fast -> Aquatic,Site ID Wetland: Palustrine Emergent,8,8,0.010908910468405333,1
Wetland: Palustrine Emergent Lateral Transport: AG Very Fast -> Aquatic,Site ID Wetland: Palustrine Emergent,14,14,0.029439114551723974,1
Wetland: Estuarine Emergent Lateral Transport: AG Very Fast -> Aquatic,Site ID Wetland: Estuarine Emergent,7,7,0.0017263040619000507,1
Wetland: Estuarine Emergent Lateral Transport: AG Very Fast -> Aquatic,Site ID Wetland: Estuarine Emergent,25,25,0.018126192649950534,1
Wetland: Estuarine Emergent Lateral Transport: AG Very Fast -> Aquatic,Site ID Wetland: Estuarine Emergent,43,43,0.021233539961370625,1
Wetland: Estuarine Emergent Lateral Transport: AG Very Fast -> Aquatic,Site ID Wetland: Estuarine Emergent,61,61,0.026930343365640794,1
Wetland: Estuarine Emergent Lateral Transport: AG Very Fast -> Aquatic,Site ID Wetland: Estuarine Emergent,79,79,0.03021032108325089,1
Wetland: Estuarine Emergent Lateral Transport: AG Very Fast -> Aquatic,Site ID Wetland: Estuarine Emergent,97,97,0.03469871164419102,1
Wetland: Estuarine Emergent Lateral Transport: AG Very Fast -> Aquatic,Site ID Wetland: Estuarine Emergent,115,115,0.055241729980801624,1
Wetland: Estuarine Emergent Lateral Transport: AG Very Fast -> Aquatic,Site ID Wetland: Estuarine Emergent,133,133,0.0714689881626621,1
Wetland: Estuarine Emergent Lateral Transport: AG Very Fast -> Aquatic,Site ID Wetland: Estuarine Emergent,151,151,0.07871946522264231,1
Wetland: Estuarine Emergent Lateral Transport: AG Very Fast -> Aquatic,Site ID Wetland: Estuarine Emergent,8,8,0.0020067247709421553,1
Wetland: Estuarine Emergent Lateral Transport: AG Very Fast -> Aquatic,Site ID Wetland: Estuarine Emergent,26,26,0.021070610094892632,1
Wetland: Estuarine Emergent Lateral Transport: AG Very Fast -> Aquatic,Site ID Wetland: Estuarine Emergent,44,44,0.024682714682588515,1
Wetland: Estuarine Emergent Lateral Transport: AG Very Fast -> Aquatic,Site ID Wetland: Estuarine Emergent,62,62,0.03130490642669762,1
Wetland: Estuarine Emergent Lateral Transport: AG Very Fast -> Aquatic,Site ID Wetland: Estuarine Emergent,80,80,0.03511768349148772,1
Wetland: Estuarine Emergent Lateral Transport: AG Very Fast -> Aquatic,Site ID Wetland: Estuarine Emergent,98,98,0.04033516789593733,1
Wetland: Estuarine Emergent Lateral Transport: AG Very Fast -> Aquatic,Site ID Wetland: Estuarine Emergent,116,116,0.06421519267014897,1
Wetland: Estuarine Emergent Lateral Transport: AG Very Fast -> Aquatic,Site ID Wetland: Estuarine Emergent,134,134,0.08307840551700524,1
Wetland: Estuarine Emergent Lateral Transport: AG Very Fast -> Aquatic,Site ID Wetland: Estuarine Emergent,152,152,0.09150664955496228,1
Wetland: Palustrine Emergent Lateral Transport: AG Very Fast -> Aquatic,Site ID Wetland: Palustrine Emergent,3,3,-0.006212288377567603,1
Wetland: Palustrine Emergent Lateral Transport: AG Very Fast -> Aquatic,Site ID Wetland: Palustrine Emergent,9,9,0.01997784368116454,1
Wetland: Palustrine Emergent Lateral Transport: AG Very Fast -> Aquatic,Site ID Wetland: Palustrine Emergent,15,15,0.05391281102999198,1
Wetland: Palustrine Emergent Lateral Transport: AG Very Fast -> Aquatic,Site ID Wetland: Palustrine Emergent,4,4,-0.008538533485269645,1
Wetland: Palustrine Emergent Lateral Transport: AG Very Fast -> Aquatic,Site ID Wetland: Palustrine Emergent,10,10,0.027458720018708555,1
Wetland: Palustrine Emergent Lateral Transport: AG Very Fast -> Aquatic,Site ID Wetland: Palustrine Emergent,16,16,0.07410092936555596,1
Wetland: Estuarine Emergent Lateral Transport: AG Very Fast -> Aquatic,Site ID Wetland: Estuarine Emergent,9,9,0.004568324910198413,1
Wetland: Estuarine Emergent Lateral Transport: AG Very Fast -> Aquatic,Site ID Wetland: Estuarine Emergent,27,27,0.04796741155708334,1
Wetland: Estuarine Emergent Lateral Transport: AG Very Fast -> Aquatic,Site ID Wetland: Estuarine Emergent,45,45,0.05619039639544048,1
Wetland: Estuarine Emergent Lateral Transport: AG Very Fast -> Aquatic,Site ID Wetland: Estuarine Emergent,63,63,0.07126586859909526,1
Wetland: Estuarine Emergent Lateral Transport: AG Very Fast -> Aquatic,Site ID Wetland: Estuarine Emergent,81,81,0.07994568592847223,1
Wetland: Estuarine Emergent Lateral Transport: AG Very Fast -> Aquatic,Site ID Wetland: Estuarine Emergent,99,99,0.09182333069498812,1
Wetland: Estuarine Emergent Lateral Transport: AG Very Fast -> Aquatic,Site ID Wetland: Estuarine Emergent,117,117,0.1461863971263492,1
Wetland: Estuarine Emergent Lateral Transport: AG Very Fast -> Aquatic,Site ID Wetland: Estuarine Emergent,135,135,0.1891286512822143,1
Wetland: Estuarine Emergent Lateral Transport: AG Very Fast -> Aquatic,Site ID Wetland: Estuarine Emergent,153,153,0.20831561590504766,1
Wetland: Palustrine Emergent Lateral Transport: AG Very Fast -> Aquatic,Site ID Wetland: Palustrine Emergent,5,5,-0.005109093358974999,1
Wetland: Palustrine Emergent Lateral Transport: AG Very Fast -> Aquatic,Site ID Wetland: Palustrine Emergent,11,11,0.01643012401784912,1
Wetland: Palustrine Emergent Lateral Transport: AG Very Fast -> Aquatic,Site ID Wetland: Palustrine Emergent,17,17,0.04433882782899009,1
Wetland: Estuarine Emergent Lateral Transport: AG Very Fast -> Aquatic,Site ID Wetland: Estuarine Emergent,10,10,0.00280887386931942,1
Wetland: Estuarine Emergent Lateral Transport: AG Very Fast -> Aquatic,Site ID Wetland: Estuarine Emergent,28,28,0.029493175627853915,1
Wetland: Estuarine Emergent Lateral Transport: AG Very Fast -> Aquatic,Site ID Wetland: Estuarine Emergent,46,46,0.03454914859262887,1
Wetland: Estuarine Emergent Lateral Transport: AG Very Fast -> Aquatic,Site ID Wetland: Estuarine Emergent,64,64,0.04381843236138295,1
Wetland: Estuarine Emergent Lateral Transport: AG Very Fast -> Aquatic,Site ID Wetland: Estuarine Emergent,82,82,0.049155292713089854,1
Wetland: Estuarine Emergent Lateral Transport: AG Very Fast -> Aquatic,Site ID Wetland: Estuarine Emergent,100,100,0.05645836477332034,1
Wetland: Estuarine Emergent Lateral Transport: AG Very Fast -> Aquatic,Site ID Wetland: Estuarine Emergent,118,118,0.08988396381822145,1
Wetland: Estuarine Emergent Lateral Transport: AG Very Fast -> Aquatic,Site ID Wetland: Estuarine Emergent,136,136,0.11628737818982399,1
Wetland: Estuarine Emergent Lateral Transport: AG Very Fast -> Aquatic,Site ID Wetland: Estuarine Emergent,154,154,0.12808464844096557,1
Wetland: Estuarine Emergent Lateral Transport: AG Very Fast -> Aquatic,Site ID Wetland: Estuarine Emergent,11,11,0.0059563064354305134,1
Wetland: Estuarine Emergent Lateral Transport: AG Very Fast -> Aquatic,Site ID Wetland: Estuarine Emergent,29,29,0.06254121757202039,1
Wetland: Estuarine Emergent Lateral Transport: AG Very Fast -> Aquatic,Site ID Wetland: Estuarine Emergent,47,47,0.0732625691557953,1
Wetland: Estuarine Emergent Lateral Transport: AG Very Fast -> Aquatic,Site ID Wetland: Estuarine Emergent,65,65,0.092918380392716,1
Wetland: Estuarine Emergent Lateral Transport: AG Very Fast -> Aquatic,Site ID Wetland: Estuarine Emergent,83,83,0.104235362620034,1
Wetland: Estuarine Emergent Lateral Transport: AG Very Fast -> Aquatic,Site ID Wetland: Estuarine Emergent,101,101,0.11972175935215332,1
Wetland: Estuarine Emergent Lateral Transport: AG Very Fast -> Aquatic,Site ID Wetland: Estuarine Emergent,119,119,0.19060180593377643,1
Wetland: Estuarine Emergent Lateral Transport: AG Very Fast -> Aquatic,Site ID Wetland: Estuarine Emergent,137,137,0.24659108642682323,1
Wetland: Estuarine Emergent Lateral Transport: AG Very Fast -> Aquatic,Site ID Wetland: Estuarine Emergent,155,155,0.2716075734556314,1
Wetland: Estuarine Emergent Lateral Transport: AG Very Fast -> Aquatic,Site ID Wetland: Estuarine Emergent,12,12,0.0030958429989027866,1
Wetland: Estuarine Emergent Lateral Transport: AG Very Fast -> Aquatic,Site ID Wetland: Estuarine Emergent,30,30,0.03250635148847926,1
Wetland: Estuarine Emergent Lateral Transport: AG Very Fast -> Aquatic,Site ID Wetland: Estuarine Emergent,48,48,0.03807886888650428,1
Wetland: Estuarine Emergent Lateral Transport: AG Very Fast -> Aquatic,Site ID Wetland: Estuarine Emergent,66,66,0.048295150782883475,1
Wetland: Estuarine Emergent Lateral Transport: AG Very Fast -> Aquatic,Site ID Wetland: Estuarine Emergent,84,84,0.05417725248079877,1
Wetland: Estuarine Emergent Lateral Transport: AG Very Fast -> Aquatic,Site ID Wetland: Estuarine Emergent,102,102,0.06222644427794602,1
Wetland: Estuarine Emergent Lateral Transport: AG Very Fast -> Aquatic,Site ID Wetland: Estuarine Emergent,120,120,0.09906697596488917,1
Wetland: Estuarine Emergent Lateral Transport: AG Very Fast -> Aquatic,Site ID Wetland: Estuarine Emergent,138,138,0.12816790015457538,1
Wetland: Estuarine Emergent Lateral Transport: AG Very Fast -> Aquatic,Site ID Wetland: Estuarine Emergent,156,156,0.14117044074996707,1
Wetland: Estuarine Emergent Lateral Transport: AG Very Fast -> Aquatic,Site ID Wetland: Estuarine Emergent,13,13,0.0019396411865509632,1
Wetland: Estuarine Emergent Lateral Transport: AG Very Fast -> Aquatic,Site ID Wetland: Estuarine Emergent,31,31,0.020366232458785116,1
Wetland: Estuarine Emergent Lateral Transport: AG Very Fast -> Aquatic,Site ID Wetland: Estuarine Emergent,49,49,0.02385758659457685,1
Wetland: Estuarine Emergent Lateral Transport: AG Very Fast -> Aquatic,Site ID Wetland: Estuarine Emergent,67,67,0.03025840251019503,1
Wetland: Estuarine Emergent Lateral Transport: AG Very Fast -> Aquatic,Site ID Wetland: Estuarine Emergent,85,85,0.03394372076464185,1
Wetland: Estuarine Emergent Lateral Transport: AG Very Fast -> Aquatic,Site ID Wetland: Estuarine Emergent,103,103,0.03898678784967436,1
Wetland: Estuarine Emergent Lateral Transport: AG Very Fast -> Aquatic,Site ID Wetland: Estuarine Emergent,121,121,0.062068517969630824,1
Wetland: Estuarine Emergent Lateral Transport: AG Very Fast -> Aquatic,Site ID Wetland: Estuarine Emergent,139,139,0.08030114512320989,1
Wetland: Estuarine Emergent Lateral Transport: AG Very Fast -> Aquatic,Site ID Wetland: Estuarine Emergent,157,157,0.08844763810672392,1
Wetland: Palustrine Emergent Lateral Transport: AG Very Fast -> Aquatic,Site ID Wetland: Palustrine Emergent,6,6,-0.0043021289270712,1
Wetland: Palustrine Emergent Lateral Transport: AG Very Fast -> Aquatic,Site ID Wetland: Palustrine Emergent,12,12,0.01383504016194703,1
Wetland: Palustrine Emergent Lateral Transport: AG Very Fast -> Aquatic,Site ID Wetland: Palustrine Emergent,18,18,0.03733565632744609,1
Wetland: Estuarine Emergent Lateral Transport: AG Very Fast -> Aquatic,Site ID Wetland: Estuarine Emergent,14,14,0.0027942702866864534,1
Wetland: Estuarine Emergent Lateral Transport: AG Very Fast -> Aquatic,Site ID Wetland: Estuarine Emergent,32,32,0.029339838010207762,1
Wetland: Estuarine Emergent Lateral Transport: AG Very Fast -> Aquatic,Site ID Wetland: Estuarine Emergent,50,50,0.03436952452624339,1
Wetland: Estuarine Emergent Lateral Transport: AG Very Fast -> Aquatic,Site ID Wetland: Estuarine Emergent,68,68,0.04359061647230867,1
Wetland: Estuarine Emergent Lateral Transport: AG Very Fast -> Aquatic,Site ID Wetland: Estuarine Emergent,86,86,0.048899730017012935,1
Wetland: Estuarine Emergent Lateral Transport: AG Very Fast -> Aquatic,Site ID Wetland: Estuarine Emergent,104,104,0.05616483276239771,1
Wetland: Estuarine Emergent Lateral Transport: AG Very Fast -> Aquatic,Site ID Wetland: Estuarine Emergent,122,122,0.08941664917396651,1
Wetland: Estuarine Emergent Lateral Transport: AG Very Fast -> Aquatic,Site ID Wetland: Estuarine Emergent,140,140,0.11568278986881918,1
Wetland: Estuarine Emergent Lateral Transport: AG Very Fast -> Aquatic,Site ID Wetland: Estuarine Emergent,158,158,0.12741872507290228,1
Wetland: Estuarine Emergent Lateral Transport: AG Very Fast -> Aquatic,Site ID Wetland: Estuarine Emergent,15,15,0.002124831458399781,1
Wetland: Estuarine Emergent Lateral Transport: AG Very Fast -> Aquatic,Site ID Wetland: Estuarine Emergent,33,33,0.0223107303131977,1
Wetland: Estuarine Emergent Lateral Transport: AG Very Fast -> Aquatic,Site ID Wetland: Estuarine Emergent,51,51,0.02613542693831731,1
Wetland: Estuarine Emergent Lateral Transport: AG Very Fast -> Aquatic,Site ID Wetland: Estuarine Emergent,69,69,0.03314737075103659,1
Wetland: Estuarine Emergent Lateral Transport: AG Very Fast -> Aquatic,Site ID Wetland: Estuarine Emergent,87,87,0.03718455052199617,1
Wetland: Estuarine Emergent Lateral Transport: AG Very Fast -> Aquatic,Site ID Wetland: Estuarine Emergent,105,105,0.042709112313835604,1
Wetland: Estuarine Emergent Lateral Transport: AG Very Fast -> Aquatic,Site ID Wetland: Estuarine Emergent,123,123,0.06799460666879299,1
Wetland: Estuarine Emergent Lateral Transport: AG Very Fast -> Aquatic,Site ID Wetland: Estuarine Emergent,141,141,0.08796802237775095,1
Wetland: Estuarine Emergent Lateral Transport: AG Very Fast -> Aquatic,Site ID Wetland: Estuarine Emergent,159,159,0.09689231450303004,1
Wetland: Estuarine Emergent Lateral Transport: AG Very Fast -> Aquatic,Site ID Wetland: Estuarine Emergent,16,16,0.003365293010383927,1
Wetland: Estuarine Emergent Lateral Transport: AG Very Fast -> Aquatic,Site ID Wetland: Estuarine Emergent,34,34,0.035335576609031236,1
Wetland: Estuarine Emergent Lateral Transport: AG Very Fast -> Aquatic,Site ID Wetland: Estuarine Emergent,52,52,0.0413931040277223,1
Wetland: Estuarine Emergent Lateral Transport: AG Very Fast -> Aquatic,Site ID Wetland: Estuarine Emergent,70,70,0.05249857096198926,1
Wetland: Estuarine Emergent Lateral Transport: AG Very Fast -> Aquatic,Site ID Wetland: Estuarine Emergent,88,88,0.058892627681718726,1
Wetland: Estuarine Emergent Lateral Transport: AG Very Fast -> Aquatic,Site ID Wetland: Estuarine Emergent,106,106,0.06764238950871693,1
Wetland: Estuarine Emergent Lateral Transport: AG Very Fast -> Aquatic,Site ID Wetland: Estuarine Emergent,124,124,0.10768937633228566,1
Wetland: Estuarine Emergent Lateral Transport: AG Very Fast -> Aquatic,Site ID Wetland: Estuarine Emergent,142,142,0.13932313062989457,1
Wetland: Estuarine Emergent Lateral Transport: AG Very Fast -> Aquatic,Site ID Wetland: Estuarine Emergent,160,160,0.1534573612735071,1
Wetland: Estuarine Emergent Lateral Transport: AG Very Fast -> Aquatic,Site ID Wetland: Estuarine Emergent,17,17,0.005216924799170466,1
Wetland: Estuarine Emergent Lateral Transport: AG Very Fast -> Aquatic,Site ID Wetland: Estuarine Emergent,35,35,0.0547777103912899,1
Wetland: Estuarine Emergent Lateral Transport: AG Very Fast -> Aquatic,Site ID Wetland: Estuarine Emergent,53,53,0.06416817502979674,1
Wetland: Estuarine Emergent Lateral Transport: AG Very Fast -> Aquatic,Site ID Wetland: Estuarine Emergent,71,71,0.08138402686705928,1
Wetland: Estuarine Emergent Lateral Transport: AG Very Fast -> Aquatic,Site ID Wetland: Estuarine Emergent,89,89,0.09129618398548317,1
Wetland: Estuarine Emergent Lateral Transport: AG Very Fast -> Aquatic,Site ID Wetland: Estuarine Emergent,107,107,0.1048601884633264,1
Wetland: Estuarine Emergent Lateral Transport: AG Very Fast -> Aquatic,Site ID Wetland: Estuarine Emergent,125,125,0.16694159357345492,1
Wetland: Estuarine Emergent Lateral Transport: AG Very Fast -> Aquatic,Site ID Wetland: Estuarine Emergent,143,143,0.21598068668565734,1
Wetland: Estuarine Emergent Lateral Transport: AG Very Fast -> Aquatic,Site ID Wetland: Estuarine Emergent,161,161,0.2378917708421733,1
Wetland: Estuarine Emergent Lateral Transport: AG Very Fast -> Aquatic,Site ID Wetland: Estuarine Emergent,18,18,0.0019288101521400562,1
Wetland: Estuarine Emergent Lateral Transport: AG Very Fast -> Aquatic,Site ID Wetland: Estuarine Emergent,36,36,0.020252506597470587,1
Wetland: Estuarine Emergent Lateral Transport: AG Very Fast -> Aquatic,Site ID Wetland: Estuarine Emergent,54,54,0.023724364871322692,1
Wetland: Estuarine Emergent Lateral Transport: AG Very Fast -> Aquatic,Site ID Wetland: Estuarine Emergent,72,72,0.030089438373384875,1
Wetland: Estuarine Emergent Lateral Transport: AG Very Fast -> Aquatic,Site ID Wetland: Estuarine Emergent,90,90,0.03375417766245098,1
Wetland: Estuarine Emergent Lateral Transport: AG Very Fast -> Aquatic,Site ID Wetland: Estuarine Emergent,108,108,0.03876908405801513,1
Wetland: Estuarine Emergent Lateral Transport: AG Very Fast -> Aquatic,Site ID Wetland: Estuarine Emergent,126,126,0.0617219248684818,1
Wetland: Estuarine Emergent Lateral Transport: AG Very Fast -> Aquatic,Site ID Wetland: Estuarine Emergent,144,144,0.07985274029859832,1
Wetland: Estuarine Emergent Lateral Transport: AG Very Fast -> Aquatic,Site ID Wetland: Estuarine Emergent,162,162,0.08795374293758655,1
Wetland: Estuarine Emergent Lateral Transport: BG Very Fast -> Aquatic,Site ID Wetland: Estuarine Emergent,1,1,0.0011990137043923614,1
Wetland: Estuarine Emergent Lateral Transport: BG Very Fast -> Aquatic,Site ID Wetland: Estuarine Emergent,19,19,0.012589643896119796,1
Wetland: Estuarine Emergent Lateral Transport: BG Very Fast -> Aquatic,Site ID Wetland: Estuarine Emergent,37,37,0.014747868564026045,1
Wetland: Estuarine Emergent Lateral Transport: BG Very Fast -> Aquatic,Site ID Wetland: Estuarine Emergent,55,55,0.018704613788520837,1
Wetland: Estuarine Emergent Lateral Transport: BG Very Fast -> Aquatic,Site ID Wetland: Estuarine Emergent,73,73,0.020982739826866322,1
Wetland: Estuarine Emergent Lateral Transport: BG Very Fast -> Aquatic,Site ID Wetland: Estuarine Emergent,91,91,0.024100175458286466,1
Wetland: Estuarine Emergent Lateral Transport: BG Very Fast -> Aquatic,Site ID Wetland: Estuarine Emergent,109,109,0.03836843854055556,1
Wetland: Estuarine Emergent Lateral Transport: BG Very Fast -> Aquatic,Site ID Wetland: Estuarine Emergent,127,127,0.04963916736184376,1
Wetland: Estuarine Emergent Lateral Transport: BG Very Fast -> Aquatic,Site ID Wetland: Estuarine Emergent,145,145,0.05467502492029167,1
Wetland: Estuarine Emergent Lateral Transport: BG Very Fast -> Aquatic,Site ID Wetland: Estuarine Emergent,2,2,0.0013272574304106122,1
Wetland: Estuarine Emergent Lateral Transport: BG Very Fast -> Aquatic,Site ID Wetland: Estuarine Emergent,20,20,0.013936203019311429,1
Wetland: Estuarine Emergent Lateral Transport: BG Very Fast -> Aquatic,Site ID Wetland: Estuarine Emergent,38,38,0.01632526639405053,1
Wetland: Estuarine Emergent Lateral Transport: BG Very Fast -> Aquatic,Site ID Wetland: Estuarine Emergent,56,56,0.02070521591440555,1
Wetland: Estuarine Emergent Lateral Transport: BG Very Fast -> Aquatic,Site ID Wetland: Estuarine Emergent,74,74,0.023227005032185714,1
Wetland: Estuarine Emergent Lateral Transport: BG Very Fast -> Aquatic,Site ID Wetland: Estuarine Emergent,92,92,0.026677874351253305,1
Wetland: Estuarine Emergent Lateral Transport: BG Very Fast -> Aquatic,Site ID Wetland: Estuarine Emergent,110,110,0.04247223777313959,1
Wetland: Estuarine Emergent Lateral Transport: BG Very Fast -> Aquatic,Site ID Wetland: Estuarine Emergent,128,128,0.05494845761899936,1
Wetland: Estuarine Emergent Lateral Transport: BG Very Fast -> Aquatic,Site ID Wetland: Estuarine Emergent,146,146,0.06052293882672391,1
Wetland: Palustrine Emergent Lateral Transport: BG Very Fast -> Aquatic,Site ID Wetland: Palustrine Emergent,1,1,-0.0025218496925547714,1
Wetland: Palustrine Emergent Lateral Transport: BG Very Fast -> Aquatic,Site ID Wetland: Palustrine Emergent,7,7,0.008109913108215785,1
Wetland: Palustrine Emergent Lateral Transport: BG Very Fast -> Aquatic,Site ID Wetland: Palustrine Emergent,13,13,0.021885655922171367,1
Wetland: Estuarine Emergent Lateral Transport: BG Very Fast -> Aquatic,Site ID Wetland: Estuarine Emergent,3,3,7.075204159706597e-4,1
Wetland: Estuarine Emergent Lateral Transport: BG Very Fast -> Aquatic,Site ID Wetland: Estuarine Emergent,21,21,0.007428964367691926,1
Wetland: Estuarine Emergent Lateral Transport: BG Very Fast -> Aquatic,Site ID Wetland: Estuarine Emergent,39,39,0.008702501116439115,1
Wetland: Estuarine Emergent Lateral Transport: BG Very Fast -> Aquatic,Site ID Wetland: Estuarine Emergent,57,57,0.01103731848914229,1
Wetland: Estuarine Emergent Lateral Transport: BG Very Fast -> Aquatic,Site ID Wetland: Estuarine Emergent,75,75,0.012381607279486544,1
Wetland: Estuarine Emergent Lateral Transport: BG Very Fast -> Aquatic,Site ID Wetland: Estuarine Emergent,93,93,0.014221160361010258,1
Wetland: Estuarine Emergent Lateral Transport: BG Very Fast -> Aquatic,Site ID Wetland: Estuarine Emergent,111,111,0.02264065331106111,1
Wetland: Estuarine Emergent Lateral Transport: BG Very Fast -> Aquatic,Site ID Wetland: Estuarine Emergent,129,129,0.02929134522118531,1
Wetland: Estuarine Emergent Lateral Transport: BG Very Fast -> Aquatic,Site ID Wetland: Estuarine Emergent,147,147,0.03226293096826208,1
Wetland: Estuarine Emergent Lateral Transport: BG Very Fast -> Aquatic,Site ID Wetland: Estuarine Emergent,4,4,0.001078399050878634,1
Wetland: Estuarine Emergent Lateral Transport: BG Very Fast -> Aquatic,Site ID Wetland: Estuarine Emergent,22,22,0.011323190034225656,1
Wetland: Estuarine Emergent Lateral Transport: BG Very Fast -> Aquatic,Site ID Wetland: Estuarine Emergent,40,40,0.013264308325807198,1
Wetland: Estuarine Emergent Lateral Transport: BG Very Fast -> Aquatic,Site ID Wetland: Estuarine Emergent,58,58,0.016823025193706688,1
Wetland: Estuarine Emergent Lateral Transport: BG Very Fast -> Aquatic,Site ID Wetland: Estuarine Emergent,76,76,0.018871983390376094,1
Wetland: Estuarine Emergent Lateral Transport: BG Very Fast -> Aquatic,Site ID Wetland: Estuarine Emergent,94,94,0.021675820922660547,1
Wetland: Estuarine Emergent Lateral Transport: BG Very Fast -> Aquatic,Site ID Wetland: Estuarine Emergent,112,112,0.03450876962811629,1
Wetland: Estuarine Emergent Lateral Transport: BG Very Fast -> Aquatic,Site ID Wetland: Estuarine Emergent,130,130,0.044645720706375444,1
Wetland: Estuarine Emergent Lateral Transport: BG Very Fast -> Aquatic,Site ID Wetland: Estuarine Emergent,148,148,0.049174996720065714,1
Wetland: Estuarine Emergent Lateral Transport: BG Very Fast -> Aquatic,Site ID Wetland: Estuarine Emergent,5,5,7.062769824526771e-4,1
Wetland: Estuarine Emergent Lateral Transport: BG Very Fast -> Aquatic,Site ID Wetland: Estuarine Emergent,23,23,0.007415908315753107,1
Wetland: Estuarine Emergent Lateral Transport: BG Very Fast -> Aquatic,Site ID Wetland: Estuarine Emergent,41,41,0.008687206884167926,1
Wetland: Estuarine Emergent Lateral Transport: BG Very Fast -> Aquatic,Site ID Wetland: Estuarine Emergent,59,59,0.01101792092626176,1
Wetland: Estuarine Emergent Lateral Transport: BG Very Fast -> Aquatic,Site ID Wetland: Estuarine Emergent,77,77,0.012359847192921847,1
Wetland: Estuarine Emergent Lateral Transport: BG Very Fast -> Aquatic,Site ID Wetland: Estuarine Emergent,95,95,0.014196167347298807,1
Wetland: Estuarine Emergent Lateral Transport: BG Very Fast -> Aquatic,Site ID Wetland: Estuarine Emergent,113,113,0.022600863438485667,1
Wetland: Estuarine Emergent Lateral Transport: BG Very Fast -> Aquatic,Site ID Wetland: Estuarine Emergent,131,131,0.02923986707354083,1
Wetland: Estuarine Emergent Lateral Transport: BG Very Fast -> Aquatic,Site ID Wetland: Estuarine Emergent,149,149,0.03220623039984207,1
Wetland: Estuarine Emergent Lateral Transport: BG Very Fast -> Aquatic,Site ID Wetland: Estuarine Emergent,6,6,0.0012580779879435634,1
Wetland: Estuarine Emergent Lateral Transport: BG Very Fast -> Aquatic,Site ID Wetland: Estuarine Emergent,24,24,0.013209818873407416,1
Wetland: Estuarine Emergent Lateral Transport: BG Very Fast -> Aquatic,Site ID Wetland: Estuarine Emergent,42,42,0.01547435925170583,1
Wetland: Estuarine Emergent Lateral Transport: BG Very Fast -> Aquatic,Site ID Wetland: Estuarine Emergent,60,60,0.01962601661191959,1
Wetland: Estuarine Emergent Lateral Transport: BG Very Fast -> Aquatic,Site ID Wetland: Estuarine Emergent,78,78,0.022016364789012362,1
Wetland: Estuarine Emergent Lateral Transport: BG Very Fast -> Aquatic,Site ID Wetland: Estuarine Emergent,96,96,0.025287367557665627,1
Wetland: Estuarine Emergent Lateral Transport: BG Very Fast -> Aquatic,Site ID Wetland: Estuarine Emergent,114,114,0.04025849561419403,1
Wetland: Estuarine Emergent Lateral Transport: BG Very Fast -> Aquatic,Site ID Wetland: Estuarine Emergent,132,132,0.05208442870086353,1
Wetland: Estuarine Emergent Lateral Transport: BG Very Fast -> Aquatic,Site ID Wetland: Estuarine Emergent,150,150,0.0573683562502265,1
Wetland: Palustrine Emergent Lateral Transport: BG Very Fast -> Aquatic,Site ID Wetland: Palustrine Emergent,2,2,-0.0017052515949478916,1
Wetland: Palustrine Emergent Lateral Transport: BG Very Fast -> Aquatic,Site ID Wetland: Palustrine Emergent,8,8,0.005483848741462383,1
Wetland: Palustrine Emergent Lateral Transport: BG Very Fast -> Aquatic,Site ID Wetland: Palustrine Emergent,14,14,0.014798879480384785,1
Wetland: Estuarine Emergent Lateral Transport: BG Very Fast -> Aquatic,Site ID Wetland: Estuarine Emergent,7,7,0.0016268340248363697,1
Wetland: Estuarine Emergent Lateral Transport: BG Very Fast -> Aquatic,Site ID Wetland: Estuarine Emergent,25,25,0.01708175726078188,1
Wetland: Estuarine Emergent Lateral Transport: BG Very Fast -> Aquatic,Site ID Wetland: Estuarine Emergent,43,43,0.020010058505487347,1
Wetland: Estuarine Emergent Lateral Transport: BG Very Fast -> Aquatic,Site ID Wetland: Estuarine Emergent,61,61,0.025378610787447367,1
Wetland: Estuarine Emergent Lateral Transport: BG Very Fast -> Aquatic,Site ID Wetland: Estuarine Emergent,79,79,0.02846959543463647,1
Wetland: Estuarine Emergent Lateral Transport: BG Very Fast -> Aquatic,Site ID Wetland: Estuarine Emergent,97,97,0.03269936389921103,1
Wetland: Estuarine Emergent Lateral Transport: BG Very Fast -> Aquatic,Site ID Wetland: Estuarine Emergent,115,115,0.05205868879476383,1
Wetland: Estuarine Emergent Lateral Transport: BG Very Fast -> Aquatic,Site ID Wetland: Estuarine Emergent,133,133,0.0673509286282257,1
Wetland: Estuarine Emergent Lateral Transport: BG Very Fast -> Aquatic,Site ID Wetland: Estuarine Emergent,151,151,0.07418363153253844,1
Wetland: Estuarine Emergent Lateral Transport: BG Very Fast -> Aquatic,Site ID Wetland: Estuarine Emergent,8,8,6.084978977786963e-4,1
Wetland: Estuarine Emergent Lateral Transport: BG Very Fast -> Aquatic,Site ID Wetland: Estuarine Emergent,26,26,0.006389227926676311,1
Wetland: Estuarine Emergent Lateral Transport: BG Very Fast -> Aquatic,Site ID Wetland: Estuarine Emergent,44,44,0.007484524142677964,1
Wetland: Estuarine Emergent Lateral Transport: BG Very Fast -> Aquatic,Site ID Wetland: Estuarine Emergent,62,62,0.00949256720534766,1
Wetland: Estuarine Emergent Lateral Transport: BG Very Fast -> Aquatic,Site ID Wetland: Estuarine Emergent,80,80,0.010648713211127184,1
Wetland: Estuarine Emergent Lateral Transport: BG Very Fast -> Aquatic,Site ID Wetland: Estuarine Emergent,98,98,0.012230807745351794,1
Wetland: Estuarine Emergent Lateral Transport: BG Very Fast -> Aquatic,Site ID Wetland: Estuarine Emergent,116,116,0.01947193272891828,1
Wetland: Estuarine Emergent Lateral Transport: BG Very Fast -> Aquatic,Site ID Wetland: Estuarine Emergent,134,134,0.025191812968038022,1
Wetland: Estuarine Emergent Lateral Transport: BG Very Fast -> Aquatic,Site ID Wetland: Estuarine Emergent,152,152,0.027747504138708547,1
Wetland: Palustrine Emergent Lateral Transport: BG Very Fast -> Aquatic,Site ID Wetland: Palustrine Emergent,3,3,-0.003918121568646806,1
Wetland: Palustrine Emergent Lateral Transport: BG Very Fast -> Aquatic,Site ID Wetland: Palustrine Emergent,9,9,0.01260012663045008,1
Wetland: Palustrine Emergent Lateral Transport: BG Very Fast -> Aquatic,Site ID Wetland: Palustrine Emergent,15,15,0.03400308145477625,1
Wetland: Palustrine Emergent Lateral Transport: BG Very Fast -> Aquatic,Site ID Wetland: Palustrine Emergent,4,4,-0.005607525313280588,1
Wetland: Palustrine Emergent Lateral Transport: BG Very Fast -> Aquatic,Site ID Wetland: Palustrine Emergent,10,10,0.01803301091936048,1
Wetland: Palustrine Emergent Lateral Transport: BG Very Fast -> Aquatic,Site ID Wetland: Palustrine Emergent,16,16,0.04866442672758924,1
Wetland: Estuarine Emergent Lateral Transport: BG Very Fast -> Aquatic,Site ID Wetland: Estuarine Emergent,9,9,0.001657914676887808,1
Wetland: Estuarine Emergent Lateral Transport: BG Very Fast -> Aquatic,Site ID Wetland: Estuarine Emergent,27,27,0.01740810410732199,1
Wetland: Estuarine Emergent Lateral Transport: BG Very Fast -> Aquatic,Site ID Wetland: Estuarine Emergent,45,45,0.02039235052572004,1
Wetland: Estuarine Emergent Lateral Transport: BG Very Fast -> Aquatic,Site ID Wetland: Estuarine Emergent,63,63,0.025863468959449812,1
Wetland: Estuarine Emergent Lateral Transport: BG Very Fast -> Aquatic,Site ID Wetland: Estuarine Emergent,81,81,0.029013506845536642,1
Wetland: Estuarine Emergent Lateral Transport: BG Very Fast -> Aquatic,Site ID Wetland: Estuarine Emergent,99,99,0.033324085005444946,1
Wetland: Estuarine Emergent Lateral Transport: BG Very Fast -> Aquatic,Site ID Wetland: Estuarine Emergent,117,117,0.05305326966040986,1
Wetland: Estuarine Emergent Lateral Transport: BG Very Fast -> Aquatic,Site ID Wetland: Estuarine Emergent,135,135,0.06863766762315526,1
Wetland: Estuarine Emergent Lateral Transport: BG Very Fast -> Aquatic,Site ID Wetland: Estuarine Emergent,153,153,0.07560090926608405,1
Wetland: Palustrine Emergent Lateral Transport: BG Very Fast -> Aquatic,Site ID Wetland: Palustrine Emergent,5,5,-0.00201600293077379,1
Wetland: Palustrine Emergent Lateral Transport: BG Very Fast -> Aquatic,Site ID Wetland: Palustrine Emergent,11,11,0.00648318123112276,1
Wetland: Palustrine Emergent Lateral Transport: BG Very Fast -> Aquatic,Site ID Wetland: Palustrine Emergent,17,17,0.017495708253851834,1
Wetland: Estuarine Emergent Lateral Transport: BG Very Fast -> Aquatic,Site ID Wetland: Estuarine Emergent,10,10,7.514897655248996e-4,1
Wetland: Estuarine Emergent Lateral Transport: BG Very Fast -> Aquatic,Site ID Wetland: Estuarine Emergent,28,28,0.007890642538011446,1
Wetland: Estuarine Emergent Lateral Transport: BG Very Fast -> Aquatic,Site ID Wetland: Estuarine Emergent,46,46,0.009243324115956266,1
Wetland: Estuarine Emergent Lateral Transport: BG Very Fast -> Aquatic,Site ID Wetland: Estuarine Emergent,64,64,0.011723240342188435,1
Wetland: Estuarine Emergent Lateral Transport: BG Very Fast -> Aquatic,Site ID Wetland: Estuarine Emergent,82,82,0.013151070896685742,1
Wetland: Estuarine Emergent Lateral Transport: BG Very Fast -> Aquatic,Site ID Wetland: Estuarine Emergent,100,100,0.015104944287050483,1
Wetland: Estuarine Emergent Lateral Transport: BG Very Fast -> Aquatic,Site ID Wetland: Estuarine Emergent,118,118,0.024047672496796787,1
Wetland: Estuarine Emergent Lateral Transport: BG Very Fast -> Aquatic,Site ID Wetland: Estuarine Emergent,136,136,0.03111167629273084,1
Wetland: Estuarine Emergent Lateral Transport: BG Very Fast -> Aquatic,Site ID Wetland: Estuarine Emergent,154,154,0.03426793330793542,1
Wetland: Estuarine Emergent Lateral Transport: BG Very Fast -> Aquatic,Site ID Wetland: Estuarine Emergent,11,11,0.0023538542978510115,1
Wetland: Estuarine Emergent Lateral Transport: BG Very Fast -> Aquatic,Site ID Wetland: Estuarine Emergent,29,29,0.02471547012743562,1
Wetland: Estuarine Emergent Lateral Transport: BG Very Fast -> Aquatic,Site ID Wetland: Estuarine Emergent,47,47,0.028952407863567443,1
Wetland: Estuarine Emergent Lateral Transport: BG Very Fast -> Aquatic,Site ID Wetland: Estuarine Emergent,65,65,0.03672012704647578,1
Wetland: Estuarine Emergent Lateral Transport: BG Very Fast -> Aquatic,Site ID Wetland: Estuarine Emergent,83,83,0.041192450212392706,1
Wetland: Estuarine Emergent Lateral Transport: BG Very Fast -> Aquatic,Site ID Wetland: Estuarine Emergent,101,101,0.04731247138680533,1
Wetland: Estuarine Emergent Lateral Transport: BG Very Fast -> Aquatic,Site ID Wetland: Estuarine Emergent,119,119,0.07532333753123237,1
Wetland: Estuarine Emergent Lateral Transport: BG Very Fast -> Aquatic,Site ID Wetland: Estuarine Emergent,137,137,0.09744956793103189,1
Wetland: Estuarine Emergent Lateral Transport: BG Very Fast -> Aquatic,Site ID Wetland: Estuarine Emergent,155,155,0.10733575598200613,1
Wetland: Estuarine Emergent Lateral Transport: BG Very Fast -> Aquatic,Site ID Wetland: Estuarine Emergent,12,12,9.060198172526048e-4,1
Wetland: Estuarine Emergent Lateral Transport: BG Very Fast -> Aquatic,Site ID Wetland: Estuarine Emergent,30,30,0.009513208081152351,1
Wetland: Estuarine Emergent Lateral Transport: BG Very Fast -> Aquatic,Site ID Wetland: Estuarine Emergent,48,48,0.011144043752207039,1
Wetland: Estuarine Emergent Lateral Transport: BG Very Fast -> Aquatic,Site ID Wetland: Estuarine Emergent,66,66,0.014133909149140634,1
Wetland: Estuarine Emergent Lateral Transport: BG Very Fast -> Aquatic,Site ID Wetland: Estuarine Emergent,84,84,0.01585534680192058,1
Wetland: Estuarine Emergent Lateral Transport: BG Very Fast -> Aquatic,Site ID Wetland: Estuarine Emergent,102,102,0.018210998326777358,1
Wetland: Estuarine Emergent Lateral Transport: BG Very Fast -> Aquatic,Site ID Wetland: Estuarine Emergent,120,120,0.028992634152083353,1
Wetland: Estuarine Emergent Lateral Transport: BG Very Fast -> Aquatic,Site ID Wetland: Estuarine Emergent,138,138,0.037509220434257834,1
Wetland: Estuarine Emergent Lateral Transport: BG Very Fast -> Aquatic,Site ID Wetland: Estuarine Emergent,156,156,0.04131450366671877,1
Wetland: Estuarine Emergent Lateral Transport: BG Very Fast -> Aquatic,Site ID Wetland: Estuarine Emergent,13,13,8.286027978834845e-4,1
Wetland: Estuarine Emergent Lateral Transport: BG Very Fast -> Aquatic,Site ID Wetland: Estuarine Emergent,31,31,0.008700329377776587,1
Wetland: Estuarine Emergent Lateral Transport: BG Very Fast -> Aquatic,Site ID Wetland: Estuarine Emergent,49,49,0.01019181441396686,1
Wetland: Estuarine Emergent Lateral Transport: BG Very Fast -> Aquatic,Site ID Wetland: Estuarine Emergent,67,67,0.012926203646982359,1
Wetland: Estuarine Emergent Lateral Transport: BG Very Fast -> Aquatic,Site ID Wetland: Estuarine Emergent,85,85,0.014500548962960979,1
Wetland: Estuarine Emergent Lateral Transport: BG Very Fast -> Aquatic,Site ID Wetland: Estuarine Emergent,103,103,0.016654916237458038,1
Wetland: Estuarine Emergent Lateral Transport: BG Very Fast -> Aquatic,Site ID Wetland: Estuarine Emergent,121,121,0.026515289532271506,1
Wetland: Estuarine Emergent Lateral Transport: BG Very Fast -> Aquatic,Site ID Wetland: Estuarine Emergent,139,139,0.03430415583237626,1
Wetland: Estuarine Emergent Lateral Transport: BG Very Fast -> Aquatic,Site ID Wetland: Estuarine Emergent,157,157,0.03778428758348689,1
Wetland: Palustrine Emergent Lateral Transport: BG Very Fast -> Aquatic,Site ID Wetland: Palustrine Emergent,6,6,-0.002833742044031579,1
Wetland: Palustrine Emergent Lateral Transport: BG Very Fast -> Aquatic,Site ID Wetland: Palustrine Emergent,12,12,0.009112914943361467,1
Wetland: Palustrine Emergent Lateral Transport: BG Very Fast -> Aquatic,Site ID Wetland: Palustrine Emergent,18,18,0.024592386901948062,1
Wetland: Estuarine Emergent Lateral Transport: BG Very Fast -> Aquatic,Site ID Wetland: Estuarine Emergent,14,14,0.0012530000056131516,1
Wetland: Estuarine Emergent Lateral Transport: BG Very Fast -> Aquatic,Site ID Wetland: Estuarine Emergent,32,32,0.013156500058938094,1
Wetland: Estuarine Emergent Lateral Transport: BG Very Fast -> Aquatic,Site ID Wetland: Estuarine Emergent,50,50,0.015411900069041768,1
Wetland: Estuarine Emergent Lateral Transport: BG Very Fast -> Aquatic,Site ID Wetland: Estuarine Emergent,68,68,0.019546800087565167,1
Wetland: Estuarine Emergent Lateral Transport: BG Very Fast -> Aquatic,Site ID Wetland: Estuarine Emergent,86,86,0.021927500098230156,1
Wetland: Estuarine Emergent Lateral Transport: BG Very Fast -> Aquatic,Site ID Wetland: Estuarine Emergent,104,104,0.02518530011282435,1
Wetland: Estuarine Emergent Lateral Transport: BG Very Fast -> Aquatic,Site ID Wetland: Estuarine Emergent,122,122,0.04009600017962085,1
Wetland: Estuarine Emergent Lateral Transport: BG Very Fast -> Aquatic,Site ID Wetland: Estuarine Emergent,140,140,0.05187420023238448,1
Wetland: Estuarine Emergent Lateral Transport: BG Very Fast -> Aquatic,Site ID Wetland: Estuarine Emergent,158,158,0.05713680025595971,1
Wetland: Estuarine Emergent Lateral Transport: BG Very Fast -> Aquatic,Site ID Wetland: Estuarine Emergent,15,15,5.720001048688594e-4,1
Wetland: Estuarine Emergent Lateral Transport: BG Very Fast -> Aquatic,Site ID Wetland: Estuarine Emergent,33,33,0.006006001101123024,1
Wetland: Estuarine Emergent Lateral Transport: BG Very Fast -> Aquatic,Site ID Wetland: Estuarine Emergent,51,51,0.007035601289886972,1
Wetland: Estuarine Emergent Lateral Transport: BG Very Fast -> Aquatic,Site ID Wetland: Estuarine Emergent,69,69,0.008923201635954206,1
Wetland: Estuarine Emergent Lateral Transport: BG Very Fast -> Aquatic,Site ID Wetland: Estuarine Emergent,87,87,0.010010001835205042,1
Wetland: Estuarine Emergent Lateral Transport: BG Very Fast -> Aquatic,Site ID Wetland: Estuarine Emergent,105,105,0.011497202107864077,1
Wetland: Estuarine Emergent Lateral Transport: BG Very Fast -> Aquatic,Site ID Wetland: Estuarine Emergent,123,123,0.0183040033558035,1
Wetland: Estuarine Emergent Lateral Transport: BG Very Fast -> Aquatic,Site ID Wetland: Estuarine Emergent,141,141,0.023680804341570782,1
Wetland: Estuarine Emergent Lateral Transport: BG Very Fast -> Aquatic,Site ID Wetland: Estuarine Emergent,159,159,0.026083204782019993,1
Wetland: Estuarine Emergent Lateral Transport: BG Very Fast -> Aquatic,Site ID Wetland: Estuarine Emergent,16,16,0.0017683766454142673,1
Wetland: Estuarine Emergent Lateral Transport: BG Very Fast -> Aquatic,Site ID Wetland: Estuarine Emergent,34,34,0.018567954776849808,1
Wetland: Estuarine Emergent Lateral Transport: BG Very Fast -> Aquatic,Site ID Wetland: Estuarine Emergent,52,52,0.021751032738595487,1
Wetland: Estuarine Emergent Lateral Transport: BG Very Fast -> Aquatic,Site ID Wetland: Estuarine Emergent,70,70,0.027586675668462568,1
Wetland: Estuarine Emergent Lateral Transport: BG Very Fast -> Aquatic,Site ID Wetland: Estuarine Emergent,88,88,0.03094659129474968,1
Wetland: Estuarine Emergent Lateral Transport: BG Very Fast -> Aquatic,Site ID Wetland: Estuarine Emergent,106,106,0.03554437057282677,1
Wetland: Estuarine Emergent Lateral Transport: BG Very Fast -> Aquatic,Site ID Wetland: Estuarine Emergent,124,124,0.05658805265325655,1
Wetland: Estuarine Emergent Lateral Transport: BG Very Fast -> Aquatic,Site ID Wetland: Estuarine Emergent,142,142,0.07321079312015066,1
Wetland: Estuarine Emergent Lateral Transport: BG Very Fast -> Aquatic,Site ID Wetland: Estuarine Emergent,160,160,0.0806379750308906,1
Wetland: Estuarine Emergent Lateral Transport: BG Very Fast -> Aquatic,Site ID Wetland: Estuarine Emergent,17,17,0.002120022376368927,1
Wetland: Estuarine Emergent Lateral Transport: BG Very Fast -> Aquatic,Site ID Wetland: Estuarine Emergent,35,35,0.022260234951873733,1
Wetland: Estuarine Emergent Lateral Transport: BG Very Fast -> Aquatic,Site ID Wetland: Estuarine Emergent,53,53,0.026076275229337805,1
Wetland: Estuarine Emergent Lateral Transport: BG Very Fast -> Aquatic,Site ID Wetland: Estuarine Emergent,71,71,0.03307234907135526,1
Wetland: Estuarine Emergent Lateral Transport: BG Very Fast -> Aquatic,Site ID Wetland: Estuarine Emergent,89,89,0.03710039158645623,1
Wetland: Estuarine Emergent Lateral Transport: BG Very Fast -> Aquatic,Site ID Wetland: Estuarine Emergent,107,107,0.04261244976501544,1
Wetland: Estuarine Emergent Lateral Transport: BG Very Fast -> Aquatic,Site ID Wetland: Estuarine Emergent,125,125,0.06784071604380566,1
Wetland: Estuarine Emergent Lateral Transport: BG Very Fast -> Aquatic,Site ID Wetland: Estuarine Emergent,143,143,0.08776892638167359,1
Wetland: Estuarine Emergent Lateral Transport: BG Very Fast -> Aquatic,Site ID Wetland: Estuarine Emergent,161,161,0.09667302036242308,1
Wetland: Estuarine Emergent Lateral Transport: BG Very Fast -> Aquatic,Site ID Wetland: Estuarine Emergent,18,18,8.111566861582199e-4,1
Wetland: Estuarine Emergent Lateral Transport: BG Very Fast -> Aquatic,Site ID Wetland: Estuarine Emergent,36,36,0.008517145204661307,1
Wetland: Estuarine Emergent Lateral Transport: BG Very Fast -> Aquatic,Site ID Wetland: Estuarine Emergent,54,54,0.009977227239746103,1
Wetland: Estuarine Emergent Lateral Transport: BG Very Fast -> Aquatic,Site ID Wetland: Estuarine Emergent,72,72,0.012654044304068229,1
Wetland: Estuarine Emergent Lateral Transport: BG Very Fast -> Aquatic,Site ID Wetland: Estuarine Emergent,90,90,0.014195242007768847,1
Wetland: Estuarine Emergent Lateral Transport: BG Very Fast -> Aquatic,Site ID Wetland: Estuarine Emergent,108,108,0.01630424939178022,1
Wetland: Estuarine Emergent Lateral Transport: BG Very Fast -> Aquatic,Site ID Wetland: Estuarine Emergent,126,126,0.025957013957063037,1
Wetland: Estuarine Emergent Lateral Transport: BG Very Fast -> Aquatic,Site ID Wetland: Estuarine Emergent,144,144,0.033581886806950303,1
Wetland: Estuarine Emergent Lateral Transport: BG Very Fast -> Aquatic,Site ID Wetland: Estuarine Emergent,162,162,0.03698874488881483,1
Wetland: Estuarine Emergent Lateral Transport: BG Slow -> Aquatic,Site ID Wetland: Estuarine Emergent,1,1,3.505111493621102e-5,1
Wetland: Estuarine Emergent Lateral Transport: BG Slow -> Aquatic,Site ID Wetland: Estuarine Emergent,19,19,3.6803670683021575e-4,1
Wetland: Estuarine Emergent Lateral Transport: BG Slow -> Aquatic,Site ID Wetland: Estuarine Emergent,37,37,4.3112871371539556e-4,1
Wetland: Estuarine Emergent Lateral Transport: BG Slow -> Aquatic,Site ID Wetland: Estuarine Emergent,55,55,5.467973930048919e-4,1
Wetland: Estuarine Emergent Lateral Transport: BG Slow -> Aquatic,Site ID Wetland: Estuarine Emergent,73,73,6.133945113836928e-4,1
Wetland: Estuarine Emergent Lateral Transport: BG Slow -> Aquatic,Site ID Wetland: Estuarine Emergent,91,91,7.045274102178416e-4,1
Wetland: Estuarine Emergent Lateral Transport: BG Slow -> Aquatic,Site ID Wetland: Estuarine Emergent,109,109,0.0011216356779587527,1
Wetland: Estuarine Emergent Lateral Transport: BG Slow -> Aquatic,Site ID Wetland: Estuarine Emergent,127,127,0.0014511161583591365,1
Wetland: Estuarine Emergent Lateral Transport: BG Slow -> Aquatic,Site ID Wetland: Estuarine Emergent,145,145,0.0015983308410912225,1
Wetland: Estuarine Emergent Lateral Transport: BG Slow -> Aquatic,Site ID Wetland: Estuarine Emergent,2,2,1.3795907562641382e-4,1
Wetland: Estuarine Emergent Lateral Transport: BG Slow -> Aquatic,Site ID Wetland: Estuarine Emergent,20,20,0.001448570294077345,1
Wetland: Estuarine Emergent Lateral Transport: BG Slow -> Aquatic,Site ID Wetland: Estuarine Emergent,38,38,0.00169689663020489,1
Wetland: Estuarine Emergent Lateral Transport: BG Slow -> Aquatic,Site ID Wetland: Estuarine Emergent,56,56,0.0021521615797720555,1
Wetland: Estuarine Emergent Lateral Transport: BG Slow -> Aquatic,Site ID Wetland: Estuarine Emergent,74,74,0.0024142838234622417,1
Wetland: Estuarine Emergent Lateral Transport: BG Slow -> Aquatic,Site ID Wetland: Estuarine Emergent,92,92,0.0027729774200909176,1
Wetland: Estuarine Emergent Lateral Transport: BG Slow -> Aquatic,Site ID Wetland: Estuarine Emergent,110,110,0.004414690420045242,1
Wetland: Estuarine Emergent Lateral Transport: BG Slow -> Aquatic,Site ID Wetland: Estuarine Emergent,128,128,0.005711505730933533,1
Wetland: Estuarine Emergent Lateral Transport: BG Slow -> Aquatic,Site ID Wetland: Estuarine Emergent,146,146,0.00629093384856447,1
Wetland: Palustrine Emergent Lateral Transport: BG Slow -> Aquatic,Site ID Wetland: Palustrine Emergent,1,1,-1.9759943704833274e-4,1
Wetland: Palustrine Emergent Lateral Transport: BG Slow -> Aquatic,Site ID Wetland: Palustrine Emergent,7,7,6.35451934120189e-4,1
Wetland: Palustrine Emergent Lateral Transport: BG Slow -> Aquatic,Site ID Wetland: Palustrine Emergent,13,13,0.0017148497400229757,1
Wetland: Estuarine Emergent Lateral Transport: BG Slow -> Aquatic,Site ID Wetland: Estuarine Emergent,3,3,9.757409724100106e-5,1
Wetland: Estuarine Emergent Lateral Transport: BG Slow -> Aquatic,Site ID Wetland: Estuarine Emergent,21,21,0.001024528021030511,1
Wetland: Estuarine Emergent Lateral Transport: BG Slow -> Aquatic,Site ID Wetland: Estuarine Emergent,39,39,0.0012001613960643128,1
Wetland: Estuarine Emergent Lateral Transport: BG Slow -> Aquatic,Site ID Wetland: Estuarine Emergent,57,57,0.0015221559169596162,1
Wetland: Estuarine Emergent Lateral Transport: BG Slow -> Aquatic,Site ID Wetland: Estuarine Emergent,75,75,0.0017075467017175182,1
Wetland: Estuarine Emergent Lateral Transport: BG Slow -> Aquatic,Site ID Wetland: Estuarine Emergent,93,93,0.0019612393545441207,1
Wetland: Estuarine Emergent Lateral Transport: BG Slow -> Aquatic,Site ID Wetland: Estuarine Emergent,111,111,0.003122371111712034,1
Wetland: Estuarine Emergent Lateral Transport: BG Slow -> Aquatic,Site ID Wetland: Estuarine Emergent,129,129,0.004039567625777443,1
Wetland: Estuarine Emergent Lateral Transport: BG Slow -> Aquatic,Site ID Wetland: Estuarine Emergent,147,147,0.004449378834189647,1
Wetland: Estuarine Emergent Lateral Transport: BG Slow -> Aquatic,Site ID Wetland: Estuarine Emergent,4,4,6.1016015813932906e-5,1
Wetland: Estuarine Emergent Lateral Transport: BG Slow -> Aquatic,Site ID Wetland: Estuarine Emergent,22,22,6.406681660462956e-4,1
Wetland: Estuarine Emergent Lateral Transport: BG Slow -> Aquatic,Site ID Wetland: Estuarine Emergent,40,40,7.504969945113747e-4,1
Wetland: Estuarine Emergent Lateral Transport: BG Slow -> Aquatic,Site ID Wetland: Estuarine Emergent,58,58,9.518498466973535e-4,1
Wetland: Estuarine Emergent Lateral Transport: BG Slow -> Aquatic,Site ID Wetland: Estuarine Emergent,76,76,0.001067780276743826,1
Wetland: Estuarine Emergent Lateral Transport: BG Slow -> Aquatic,Site ID Wetland: Estuarine Emergent,94,94,0.0012264219178600515,1
Wetland: Estuarine Emergent Lateral Transport: BG Slow -> Aquatic,Site ID Wetland: Estuarine Emergent,112,112,0.001952512506045853,1
Wetland: Estuarine Emergent Lateral Transport: BG Slow -> Aquatic,Site ID Wetland: Estuarine Emergent,130,130,0.002526063054696822,1
Wetland: Estuarine Emergent Lateral Transport: BG Slow -> Aquatic,Site ID Wetland: Estuarine Emergent,148,148,0.0027823303211153404,1
Wetland: Estuarine Emergent Lateral Transport: BG Slow -> Aquatic,Site ID Wetland: Estuarine Emergent,5,5,1.5377244665410115e-4,1
Wetland: Estuarine Emergent Lateral Transport: BG Slow -> Aquatic,Site ID Wetland: Estuarine Emergent,23,23,0.0016146106898680618,1
Wetland: Estuarine Emergent Lateral Transport: BG Slow -> Aquatic,Site ID Wetland: Estuarine Emergent,41,41,0.0018914010938454442,1
Wetland: Estuarine Emergent Lateral Transport: BG Slow -> Aquatic,Site ID Wetland: Estuarine Emergent,59,59,0.002398850167803978,1
Wetland: Estuarine Emergent Lateral Transport: BG Slow -> Aquatic,Site ID Wetland: Estuarine Emergent,77,77,0.00269101781644677,1
Wetland: Estuarine Emergent Lateral Transport: BG Slow -> Aquatic,Site ID Wetland: Estuarine Emergent,95,95,0.003090826177747433,1
Wetland: Estuarine Emergent Lateral Transport: BG Slow -> Aquatic,Site ID Wetland: Estuarine Emergent,113,113,0.004920718292931237,1
Wetland: Estuarine Emergent Lateral Transport: BG Slow -> Aquatic,Site ID Wetland: Estuarine Emergent,131,131,0.006366179291479788,1
Wetland: Estuarine Emergent Lateral Transport: BG Slow -> Aquatic,Site ID Wetland: Estuarine Emergent,149,149,0.0070120235674270125,1
Wetland: Estuarine Emergent Lateral Transport: BG Slow -> Aquatic,Site ID Wetland: Estuarine Emergent,6,6,6.172746601973811e-5,1
Wetland: Estuarine Emergent Lateral Transport: BG Slow -> Aquatic,Site ID Wetland: Estuarine Emergent,24,24,6.481383932072502e-4,1
Wetland: Estuarine Emergent Lateral Transport: BG Slow -> Aquatic,Site ID Wetland: Estuarine Emergent,42,42,7.592478320427789e-4,1
Wetland: Estuarine Emergent Lateral Transport: BG Slow -> Aquatic,Site ID Wetland: Estuarine Emergent,60,60,9.629484699079146e-4,1
Wetland: Estuarine Emergent Lateral Transport: BG Slow -> Aquatic,Site ID Wetland: Estuarine Emergent,78,78,0.0010802306553454172,1
Wetland: Estuarine Emergent Lateral Transport: BG Slow -> Aquatic,Site ID Wetland: Estuarine Emergent,96,96,0.0012407220669967364,1
Wetland: Estuarine Emergent Lateral Transport: BG Slow -> Aquatic,Site ID Wetland: Estuarine Emergent,114,114,0.0019752789126316196,1
Wetland: Estuarine Emergent Lateral Transport: BG Slow -> Aquatic,Site ID Wetland: Estuarine Emergent,132,132,0.002555517093217158,1
Wetland: Estuarine Emergent Lateral Transport: BG Slow -> Aquatic,Site ID Wetland: Estuarine Emergent,150,150,0.002814772450500058,1
Wetland: Palustrine Emergent Lateral Transport: BG Slow -> Aquatic,Site ID Wetland: Palustrine Emergent,2,2,-2.2833766941481645e-4,1
Wetland: Palustrine Emergent Lateral Transport: BG Slow -> Aquatic,Site ID Wetland: Palustrine Emergent,8,8,7.343017562679119e-4,1
Wetland: Palustrine Emergent Lateral Transport: BG Slow -> Aquatic,Site ID Wetland: Palustrine Emergent,14,14,0.001981608849106557,1
Wetland: Estuarine Emergent Lateral Transport: BG Slow -> Aquatic,Site ID Wetland: Estuarine Emergent,7,7,2.91701302564909e-5,1
Wetland: Estuarine Emergent Lateral Transport: BG Slow -> Aquatic,Site ID Wetland: Estuarine Emergent,25,25,3.062863676931545e-4,1
Wetland: Estuarine Emergent Lateral Transport: BG Slow -> Aquatic,Site ID Wetland: Estuarine Emergent,43,43,3.587926021548381e-4,1
Wetland: Estuarine Emergent Lateral Transport: BG Slow -> Aquatic,Site ID Wetland: Estuarine Emergent,61,61,4.550540320012581e-4,1
Wetland: Estuarine Emergent Lateral Transport: BG Slow -> Aquatic,Site ID Wetland: Estuarine Emergent,79,79,5.104772794885909e-4,1
Wetland: Estuarine Emergent Lateral Transport: BG Slow -> Aquatic,Site ID Wetland: Estuarine Emergent,97,97,5.863196181554671e-4,1
Wetland: Estuarine Emergent Lateral Transport: BG Slow -> Aquatic,Site ID Wetland: Estuarine Emergent,115,115,9.334441682077088e-4,1
Wetland: Estuarine Emergent Lateral Transport: BG Slow -> Aquatic,Site ID Wetland: Estuarine Emergent,133,133,0.0012076433926187233,1
Wetland: Estuarine Emergent Lateral Transport: BG Slow -> Aquatic,Site ID Wetland: Estuarine Emergent,151,151,0.001330157939695985,1
Wetland: Estuarine Emergent Lateral Transport: BG Slow -> Aquatic,Site ID Wetland: Estuarine Emergent,8,8,1.2028958259773591e-4,1
Wetland: Estuarine Emergent Lateral Transport: BG Slow -> Aquatic,Site ID Wetland: Estuarine Emergent,26,26,0.001263040617276227,1
Wetland: Estuarine Emergent Lateral Transport: BG Slow -> Aquatic,Site ID Wetland: Estuarine Emergent,44,44,0.001479561865952152,1
Wetland: Estuarine Emergent Lateral Transport: BG Slow -> Aquatic,Site ID Wetland: Estuarine Emergent,62,62,0.00187651748852468,1
Wetland: Estuarine Emergent Lateral Transport: BG Slow -> Aquatic,Site ID Wetland: Estuarine Emergent,80,80,0.002105067695460378,1
Wetland: Estuarine Emergent Lateral Transport: BG Slow -> Aquatic,Site ID Wetland: Estuarine Emergent,98,98,0.0024178206102144916,1
Wetland: Estuarine Emergent Lateral Transport: BG Slow -> Aquatic,Site ID Wetland: Estuarine Emergent,116,116,0.003849266643127549,1
Wetland: Estuarine Emergent Lateral Transport: BG Slow -> Aquatic,Site ID Wetland: Estuarine Emergent,134,134,0.004979988719546266,1
Wetland: Estuarine Emergent Lateral Transport: BG Slow -> Aquatic,Site ID Wetland: Estuarine Emergent,152,152,0.005485204966456757,1
Wetland: Palustrine Emergent Lateral Transport: BG Slow -> Aquatic,Site ID Wetland: Palustrine Emergent,3,3,-1.2109724701663079e-4,1
Wetland: Palustrine Emergent Lateral Transport: BG Slow -> Aquatic,Site ID Wetland: Palustrine Emergent,9,9,3.8943167542793166e-4,1
Wetland: Palustrine Emergent Lateral Transport: BG Slow -> Aquatic,Site ID Wetland: Palustrine Emergent,15,15,0.001050932055606884,1
Wetland: Palustrine Emergent Lateral Transport: BG Slow -> Aquatic,Site ID Wetland: Palustrine Emergent,4,4,-1.0248399794446444e-4,1
Wetland: Palustrine Emergent Lateral Transport: BG Slow -> Aquatic,Site ID Wetland: Palustrine Emergent,10,10,3.29574090305987e-4,1
Wetland: Palustrine Emergent Lateral Transport: BG Slow -> Aquatic,Site ID Wetland: Palustrine Emergent,16,16,8.893985724695813e-4,1
Wetland: Estuarine Emergent Lateral Transport: BG Slow -> Aquatic,Site ID Wetland: Estuarine Emergent,9,9,9.112932011993016e-5,1
Wetland: Estuarine Emergent Lateral Transport: BG Slow -> Aquatic,Site ID Wetland: Estuarine Emergent,27,27,9.568578612592666e-4,1
Wetland: Estuarine Emergent Lateral Transport: BG Slow -> Aquatic,Site ID Wetland: Estuarine Emergent,45,45,0.001120890637475141,1
Wetland: Estuarine Emergent Lateral Transport: BG Slow -> Aquatic,Site ID Wetland: Estuarine Emergent,63,63,0.0014216173938709105,1
Wetland: Estuarine Emergent Lateral Transport: BG Slow -> Aquatic,Site ID Wetland: Estuarine Emergent,81,81,0.0015947631020987777,1
Wetland: Estuarine Emergent Lateral Transport: BG Slow -> Aquatic,Site ID Wetland: Estuarine Emergent,99,99,0.001831699334410596,1
Wetland: Estuarine Emergent Lateral Transport: BG Slow -> Aquatic,Site ID Wetland: Estuarine Emergent,117,117,0.002916138243837765,1
Wetland: Estuarine Emergent Lateral Transport: BG Slow -> Aquatic,Site ID Wetland: Estuarine Emergent,135,135,0.003772753852965108,1
Wetland: Estuarine Emergent Lateral Transport: BG Slow -> Aquatic,Site ID Wetland: Estuarine Emergent,153,153,0.004155496997468815,1
Wetland: Palustrine Emergent Lateral Transport: BG Slow -> Aquatic,Site ID Wetland: Palustrine Emergent,5,5,-2.2721174046969056e-4,1
Wetland: Palustrine Emergent Lateral Transport: BG Slow -> Aquatic,Site ID Wetland: Palustrine Emergent,11,11,7.30680927501648e-4,1
Wetland: Palustrine Emergent Lateral Transport: BG Slow -> Aquatic,Site ID Wetland: Palustrine Emergent,17,17,0.0019718375714770503,1
Wetland: Estuarine Emergent Lateral Transport: BG Slow -> Aquatic,Site ID Wetland: Estuarine Emergent,10,10,1.7559681773785324e-4,1
Wetland: Estuarine Emergent Lateral Transport: BG Slow -> Aquatic,Site ID Wetland: Estuarine Emergent,28,28,0.0018437665862474594,1
Wetland: Estuarine Emergent Lateral Transport: BG Slow -> Aquatic,Site ID Wetland: Estuarine Emergent,46,46,0.0021598408581755954,1
Wetland: Estuarine Emergent Lateral Transport: BG Slow -> Aquatic,Site ID Wetland: Estuarine Emergent,64,64,0.002739310356710511,1
Wetland: Estuarine Emergent Lateral Transport: BG Slow -> Aquatic,Site ID Wetland: Estuarine Emergent,82,82,0.003072944310412432,1
Wetland: Estuarine Emergent Lateral Transport: BG Slow -> Aquatic,Site ID Wetland: Estuarine Emergent,100,100,0.0035294960365308504,1
Wetland: Estuarine Emergent Lateral Transport: BG Slow -> Aquatic,Site ID Wetland: Estuarine Emergent,118,118,0.005619098167611304,1
Wetland: Estuarine Emergent Lateral Transport: BG Slow -> Aquatic,Site ID Wetland: Estuarine Emergent,136,136,0.007269708254347124,1
Wetland: Estuarine Emergent Lateral Transport: BG Slow -> Aquatic,Site ID Wetland: Estuarine Emergent,154,154,0.008007214888846108,1
Wetland: Estuarine Emergent Lateral Transport: BG Slow -> Aquatic,Site ID Wetland: Estuarine Emergent,11,11,2.4372499848457472e-5,1
Wetland: Estuarine Emergent Lateral Transport: BG Slow -> Aquatic,Site ID Wetland: Estuarine Emergent,29,29,2.559112484088034e-4,1
Wetland: Estuarine Emergent Lateral Transport: BG Slow -> Aquatic,Site ID Wetland: Estuarine Emergent,47,47,2.997817481360268e-4,1
Wetland: Estuarine Emergent Lateral Transport: BG Slow -> Aquatic,Site ID Wetland: Estuarine Emergent,65,65,3.802109976359365e-4,1
Wetland: Estuarine Emergent Lateral Transport: BG Slow -> Aquatic,Site ID Wetland: Estuarine Emergent,83,83,4.265187473480057e-4,1
Wetland: Estuarine Emergent Lateral Transport: BG Slow -> Aquatic,Site ID Wetland: Estuarine Emergent,101,101,4.898872469539952e-4,1
Wetland: Estuarine Emergent Lateral Transport: BG Slow -> Aquatic,Site ID Wetland: Estuarine Emergent,119,119,7.799199951506391e-4,1
Wetland: Estuarine Emergent Lateral Transport: BG Slow -> Aquatic,Site ID Wetland: Estuarine Emergent,137,137,0.001009021493726139,1
Wetland: Estuarine Emergent Lateral Transport: BG Slow -> Aquatic,Site ID Wetland: Estuarine Emergent,155,155,0.0011113859930896605,1
Wetland: Estuarine Emergent Lateral Transport: BG Slow -> Aquatic,Site ID Wetland: Estuarine Emergent,12,12,8.513260185372599e-5,1
Wetland: Estuarine Emergent Lateral Transport: BG Slow -> Aquatic,Site ID Wetland: Estuarine Emergent,30,30,8.938923194641229e-4,1
Wetland: Estuarine Emergent Lateral Transport: BG Slow -> Aquatic,Site ID Wetland: Estuarine Emergent,48,48,0.0010471310028008296,1
Wetland: Estuarine Emergent Lateral Transport: BG Slow -> Aquatic,Site ID Wetland: Estuarine Emergent,66,66,0.0013280685889181254,1
Wetland: Estuarine Emergent Lateral Transport: BG Slow -> Aquatic,Site ID Wetland: Estuarine Emergent,84,84,0.0014898205324402048,1
Wetland: Estuarine Emergent Lateral Transport: BG Slow -> Aquatic,Site ID Wetland: Estuarine Emergent,102,102,0.0017111652972598924,1
Wetland: Estuarine Emergent Lateral Transport: BG Slow -> Aquatic,Site ID Wetland: Estuarine Emergent,120,120,0.0027242432593192318,1
Wetland: Estuarine Emergent Lateral Transport: BG Slow -> Aquatic,Site ID Wetland: Estuarine Emergent,138,138,0.003524489716744256,1
Wetland: Estuarine Emergent Lateral Transport: BG Slow -> Aquatic,Site ID Wetland: Estuarine Emergent,156,156,0.0038820466445299052,1
Wetland: Estuarine Emergent Lateral Transport: BG Slow -> Aquatic,Site ID Wetland: Estuarine Emergent,13,13,4.7907507717141266e-5,1
Wetland: Estuarine Emergent Lateral Transport: BG Slow -> Aquatic,Site ID Wetland: Estuarine Emergent,31,31,5.030288310299833e-4,1
Wetland: Estuarine Emergent Lateral Transport: BG Slow -> Aquatic,Site ID Wetland: Estuarine Emergent,49,49,5.892623449208376e-4,1
Wetland: Estuarine Emergent Lateral Transport: BG Slow -> Aquatic,Site ID Wetland: Estuarine Emergent,67,67,7.473571203874037e-4,1
Wetland: Estuarine Emergent Lateral Transport: BG Slow -> Aquatic,Site ID Wetland: Estuarine Emergent,85,85,8.383813850499721e-4,1
Wetland: Estuarine Emergent Lateral Transport: BG Slow -> Aquatic,Site ID Wetland: Estuarine Emergent,103,103,9.629409051145394e-4,1
Wetland: Estuarine Emergent Lateral Transport: BG Slow -> Aquatic,Site ID Wetland: Estuarine Emergent,121,121,0.0015330402469485205,1
Wetland: Estuarine Emergent Lateral Transport: BG Slow -> Aquatic,Site ID Wetland: Estuarine Emergent,139,139,0.0019833708194896484,1
Wetland: Estuarine Emergent Lateral Transport: BG Slow -> Aquatic,Site ID Wetland: Estuarine Emergent,157,157,0.0021845823519016415,1
Wetland: Palustrine Emergent Lateral Transport: BG Slow -> Aquatic,Site ID Wetland: Palustrine Emergent,6,6,-1.4579442732956405e-4,1
Wetland: Palustrine Emergent Lateral Transport: BG Slow -> Aquatic,Site ID Wetland: Palustrine Emergent,12,12,4.688543257734879e-4,1
Wetland: Palustrine Emergent Lateral Transport: BG Slow -> Aquatic,Site ID Wetland: Palustrine Emergent,18,18,0.0012652644133887274,1
Wetland: Estuarine Emergent Lateral Transport: BG Slow -> Aquatic,Site ID Wetland: Estuarine Emergent,14,14,5.2519350432925885e-5,1
Wetland: Estuarine Emergent Lateral Transport: BG Slow -> Aquatic,Site ID Wetland: Estuarine Emergent,32,32,5.514531795457219e-4,1
Wetland: Estuarine Emergent Lateral Transport: BG Slow -> Aquatic,Site ID Wetland: Estuarine Emergent,50,50,6.459880103249885e-4,1
Wetland: Estuarine Emergent Lateral Transport: BG Slow -> Aquatic,Site ID Wetland: Estuarine Emergent,68,68,8.193018667536438e-4,1
Wetland: Estuarine Emergent Lateral Transport: BG Slow -> Aquatic,Site ID Wetland: Estuarine Emergent,86,86,9.190886325762031e-4,1
Wetland: Estuarine Emergent Lateral Transport: BG Slow -> Aquatic,Site ID Wetland: Estuarine Emergent,104,104,0.0010556389437018105,1
Wetland: Estuarine Emergent Lateral Transport: BG Slow -> Aquatic,Site ID Wetland: Estuarine Emergent,122,122,0.0016806192138536283,1
Wetland: Estuarine Emergent Lateral Transport: BG Slow -> Aquatic,Site ID Wetland: Estuarine Emergent,140,140,0.002174301107923132,1
Wetland: Estuarine Emergent Lateral Transport: BG Slow -> Aquatic,Site ID Wetland: Estuarine Emergent,158,158,0.0023948823797414207,1
Wetland: Estuarine Emergent Lateral Transport: BG Slow -> Aquatic,Site ID Wetland: Estuarine Emergent,15,15,1.050171521132456e-4,1
Wetland: Estuarine Emergent Lateral Transport: BG Slow -> Aquatic,Site ID Wetland: Estuarine Emergent,33,33,0.0011026800971890788,1
Wetland: Estuarine Emergent Lateral Transport: BG Slow -> Aquatic,Site ID Wetland: Estuarine Emergent,51,51,0.0012917109709929208,1
Wetland: Estuarine Emergent Lateral Transport: BG Slow -> Aquatic,Site ID Wetland: Estuarine Emergent,69,69,0.0016382675729666315,1
Wetland: Estuarine Emergent Lateral Transport: BG Slow -> Aquatic,Site ID Wetland: Estuarine Emergent,87,87,0.0018378001619817983,1
Wetland: Estuarine Emergent Lateral Transport: BG Slow -> Aquatic,Site ID Wetland: Estuarine Emergent,105,105,0.002110844757476237,1
Wetland: Estuarine Emergent Lateral Transport: BG Slow -> Aquatic,Site ID Wetland: Estuarine Emergent,123,123,0.003360548867623859,1
Wetland: Estuarine Emergent Lateral Transport: BG Slow -> Aquatic,Site ID Wetland: Estuarine Emergent,141,141,0.004347710097488368,1
Wetland: Estuarine Emergent Lateral Transport: BG Slow -> Aquatic,Site ID Wetland: Estuarine Emergent,159,159,0.004788782136364,1
Wetland: Estuarine Emergent Lateral Transport: BG Slow -> Aquatic,Site ID Wetland: Estuarine Emergent,16,16,2.9366264588174713e-5,1
Wetland: Estuarine Emergent Lateral Transport: BG Slow -> Aquatic,Site ID Wetland: Estuarine Emergent,34,34,3.083457781758345e-4,1
Wetland: Estuarine Emergent Lateral Transport: BG Slow -> Aquatic,Site ID Wetland: Estuarine Emergent,52,52,3.6120505443454896e-4,1
Wetland: Estuarine Emergent Lateral Transport: BG Slow -> Aquatic,Site ID Wetland: Estuarine Emergent,70,70,4.5811372757552555e-4,1
Wetland: Estuarine Emergent Lateral Transport: BG Slow -> Aquatic,Site ID Wetland: Estuarine Emergent,88,88,5.139096302930575e-4,1
Wetland: Estuarine Emergent Lateral Transport: BG Slow -> Aquatic,Site ID Wetland: Estuarine Emergent,106,106,5.902619182223117e-4,1
Wetland: Estuarine Emergent Lateral Transport: BG Slow -> Aquatic,Site ID Wetland: Estuarine Emergent,124,124,9.397204668215908e-4,1
Wetland: Estuarine Emergent Lateral Transport: BG Slow -> Aquatic,Site ID Wetland: Estuarine Emergent,142,142,0.0012157633539504331,1
Wetland: Estuarine Emergent Lateral Transport: BG Slow -> Aquatic,Site ID Wetland: Estuarine Emergent,160,160,0.001339101665220767,1
Wetland: Estuarine Emergent Lateral Transport: BG Slow -> Aquatic,Site ID Wetland: Estuarine Emergent,17,17,0,1
Wetland: Estuarine Emergent Lateral Transport: BG Slow -> Aquatic,Site ID Wetland: Estuarine Emergent,35,35,0,1
Wetland: Estuarine Emergent Lateral Transport: BG Slow -> Aquatic,Site ID Wetland: Estuarine Emergent,53,53,0,1
Wetland: Estuarine Emergent Lateral Transport: BG Slow -> Aquatic,Site ID Wetland: Estuarine Emergent,71,71,0,1
Wetland: Estuarine Emergent Lateral Transport: BG Slow -> Aquatic,Site ID Wetland: Estuarine Emergent,89,89,0,1
Wetland: Estuarine Emergent Lateral Transport: BG Slow -> Aquatic,Site ID Wetland: Estuarine Emergent,107,107,0,1
Wetland: Estuarine Emergent Lateral Transport: BG Slow -> Aquatic,Site ID Wetland: Estuarine Emergent,125,125,0,1
Wetland: Estuarine Emergent Lateral Transport: BG Slow -> Aquatic,Site ID Wetland: Estuarine Emergent,143,143,0,1
Wetland: Estuarine Emergent Lateral Transport: BG Slow -> Aquatic,Site ID Wetland: Estuarine Emergent,161,161,0,1
Wetland: Estuarine Emergent Lateral Transport: BG Slow -> Aquatic,Site ID Wetland: Estuarine Emergent,18,18,7.762691564259882e-5,1
Wetland: Estuarine Emergent Lateral Transport: BG Slow -> Aquatic,Site ID Wetland: Estuarine Emergent,36,36,8.150826142472875e-4,1
Wetland: Estuarine Emergent Lateral Transport: BG Slow -> Aquatic,Site ID Wetland: Estuarine Emergent,54,54,9.548110624039653e-4,1
Wetland: Estuarine Emergent Lateral Transport: BG Slow -> Aquatic,Site ID Wetland: Estuarine Emergent,72,72,0.0012109798840245416,1
Wetland: Estuarine Emergent Lateral Transport: BG Slow -> Aquatic,Site ID Wetland: Estuarine Emergent,90,90,0.001358471023745479,1
Wetland: Estuarine Emergent Lateral Transport: BG Slow -> Aquatic,Site ID Wetland: Estuarine Emergent,108,108,0.0015603010044162363,1
Wetland: Estuarine Emergent Lateral Transport: BG Slow -> Aquatic,Site ID Wetland: Estuarine Emergent,126,126,0.002484061300563162,1
Wetland: Estuarine Emergent Lateral Transport: BG Slow -> Aquatic,Site ID Wetland: Estuarine Emergent,144,144,0.0032137543076035907,1
Wetland: Estuarine Emergent Lateral Transport: BG Slow -> Aquatic,Site ID Wetland: Estuarine Emergent,162,162,0.0035397873533025066,1
Wetland: Estuarine Emergent Decay: BG Very Fast -> BG Slow,Site ID Wetland: Estuarine Emergent,1,1,0.1905363191140222,1
Wetland: Estuarine Emergent Decay: BG Very Fast -> BG Slow,Site ID Wetland: Estuarine Emergent,19,19,0.1905363191140222,1
Wetland: Estuarine Emergent Decay: BG Very Fast -> BG Slow,Site ID Wetland: Estuarine Emergent,37,37,0.1905363191140222,1
Wetland: Estuarine Emergent Decay: BG Very Fast -> BG Slow,Site ID Wetland: Estuarine Emergent,55,55,0.1905363191140222,1
Wetland: Estuarine Emergent Decay: BG Very Fast -> BG Slow,Site ID Wetland: Estuarine Emergent,73,73,0.1905363191140222,1
Wetland: Estuarine Emergent Decay: BG Very Fast -> BG Slow,Site ID Wetland: Estuarine Emergent,91,91,0.1905363191140222,1
Wetland: Estuarine Emergent Decay: BG Very Fast -> BG Slow,Site ID Wetland: Estuarine Emergent,109,109,0.1905363191140222,1
Wetland: Estuarine Emergent Decay: BG Very Fast -> BG Slow,Site ID Wetland: Estuarine Emergent,127,127,0.1905363191140222,1
Wetland: Estuarine Emergent Decay: BG Very Fast -> BG Slow,Site ID Wetland: Estuarine Emergent,145,145,0.1905363191140222,1
Wetland: Estuarine Emergent Decay: BG Very Fast -> BG Slow,Site ID Wetland: Estuarine Emergent,2,2,0.33184489497568687,1
Wetland: Estuarine Emergent Decay: BG Very Fast -> BG Slow,Site ID Wetland: Estuarine Emergent,20,20,0.33184489497568687,1
Wetland: Estuarine Emergent Decay: BG Very Fast -> BG Slow,Site ID Wetland: Estuarine Emergent,38,38,0.33184489497568687,1
Wetland: Estuarine Emergent Decay: BG Very Fast -> BG Slow,Site ID Wetland: Estuarine Emergent,56,56,0.33184489497568687,1
Wetland: Estuarine Emergent Decay: BG Very Fast -> BG Slow,Site ID Wetland: Estuarine Emergent,74,74,0.33184489497568687,1
Wetland: Estuarine Emergent Decay: BG Very Fast -> BG Slow,Site ID Wetland: Estuarine Emergent,92,92,0.33184489497568687,1
Wetland: Estuarine Emergent Decay: BG Very Fast -> BG Slow,Site ID Wetland: Estuarine Emergent,110,110,0.33184489497568687,1
Wetland: Estuarine Emergent Decay: BG Very Fast -> BG Slow,Site ID Wetland: Estuarine Emergent,128,128,0.33184489497568687,1
Wetland: Estuarine Emergent Decay: BG Very Fast -> BG Slow,Site ID Wetland: Estuarine Emergent,146,146,0.33184489497568687,1
Wetland: Palustrine Emergent Decay: BG Very Fast -> BG Slow,Site ID Wetland: Palustrine Emergent,1,1,0.36386667962376223,1
Wetland: Palustrine Emergent Decay: BG Very Fast -> BG Slow,Site ID Wetland: Palustrine Emergent,7,7,0.36386667962376223,1
Wetland: Palustrine Emergent Decay: BG Very Fast -> BG Slow,Site ID Wetland: Palustrine Emergent,13,13,0.36386667962376223,1
Wetland: Estuarine Emergent Decay: BG Very Fast -> BG Slow,Site ID Wetland: Estuarine Emergent,3,3,0.354495583956392,1
Wetland: Estuarine Emergent Decay: BG Very Fast -> BG Slow,Site ID Wetland: Estuarine Emergent,21,21,0.354495583956392,1
Wetland: Estuarine Emergent Decay: BG Very Fast -> BG Slow,Site ID Wetland: Estuarine Emergent,39,39,0.354495583956392,1
Wetland: Estuarine Emergent Decay: BG Very Fast -> BG Slow,Site ID Wetland: Estuarine Emergent,57,57,0.354495583956392,1
Wetland: Estuarine Emergent Decay: BG Very Fast -> BG Slow,Site ID Wetland: Estuarine Emergent,75,75,0.354495583956392,1
Wetland: Estuarine Emergent Decay: BG Very Fast -> BG Slow,Site ID Wetland: Estuarine Emergent,93,93,0.354495583956392,1
Wetland: Estuarine Emergent Decay: BG Very Fast -> BG Slow,Site ID Wetland: Estuarine Emergent,111,111,0.354495583956392,1
Wetland: Estuarine Emergent Decay: BG Very Fast -> BG Slow,Site ID Wetland: Estuarine Emergent,129,129,0.354495583956392,1
Wetland: Estuarine Emergent Decay: BG Very Fast -> BG Slow,Site ID Wetland: Estuarine Emergent,147,147,0.354495583956392,1
Wetland: Estuarine Emergent Decay: BG Very Fast -> BG Slow,Site ID Wetland: Estuarine Emergent,4,4,0.29271799916513686,1
Wetland: Estuarine Emergent Decay: BG Very Fast -> BG Slow,Site ID Wetland: Estuarine Emergent,22,22,0.29271799916513686,1
Wetland: Estuarine Emergent Decay: BG Very Fast -> BG Slow,Site ID Wetland: Estuarine Emergent,40,40,0.29271799916513686,1
Wetland: Estuarine Emergent Decay: BG Very Fast -> BG Slow,Site ID Wetland: Estuarine Emergent,58,58,0.29271799916513686,1
Wetland: Estuarine Emergent Decay: BG Very Fast -> BG Slow,Site ID Wetland: Estuarine Emergent,76,76,0.29271799916513686,1
Wetland: Estuarine Emergent Decay: BG Very Fast -> BG Slow,Site ID Wetland: Estuarine Emergent,94,94,0.29271799916513686,1
Wetland: Estuarine Emergent Decay: BG Very Fast -> BG Slow,Site ID Wetland: Estuarine Emergent,112,112,0.29271799916513686,1
Wetland: Estuarine Emergent Decay: BG Very Fast -> BG Slow,Site ID Wetland: Estuarine Emergent,130,130,0.29271799916513686,1
Wetland: Estuarine Emergent Decay: BG Very Fast -> BG Slow,Site ID Wetland: Estuarine Emergent,148,148,0.29271799916513686,1
Wetland: Estuarine Emergent Decay: BG Very Fast -> BG Slow,Site ID Wetland: Estuarine Emergent,5,5,0.3991217130320507,1
Wetland: Estuarine Emergent Decay: BG Very Fast -> BG Slow,Site ID Wetland: Estuarine Emergent,23,23,0.3991217130320507,1
Wetland: Estuarine Emergent Decay: BG Very Fast -> BG Slow,Site ID Wetland: Estuarine Emergent,41,41,0.3991217130320507,1
Wetland: Estuarine Emergent Decay: BG Very Fast -> BG Slow,Site ID Wetland: Estuarine Emergent,59,59,0.3991217130320507,1
Wetland: Estuarine Emergent Decay: BG Very Fast -> BG Slow,Site ID Wetland: Estuarine Emergent,77,77,0.3991217130320507,1
Wetland: Estuarine Emergent Decay: BG Very Fast -> BG Slow,Site ID Wetland: Estuarine Emergent,95,95,0.3991217130320507,1
Wetland: Estuarine Emergent Decay: BG Very Fast -> BG Slow,Site ID Wetland: Estuarine Emergent,113,113,0.3991217130320507,1
Wetland: Estuarine Emergent Decay: BG Very Fast -> BG Slow,Site ID Wetland: Estuarine Emergent,131,131,0.3991217130320507,1
Wetland: Estuarine Emergent Decay: BG Very Fast -> BG Slow,Site ID Wetland: Estuarine Emergent,149,149,0.3991217130320507,1
Wetland: Estuarine Emergent Decay: BG Very Fast -> BG Slow,Site ID Wetland: Estuarine Emergent,6,6,0.2811049543935005,1
Wetland: Estuarine Emergent Decay: BG Very Fast -> BG Slow,Site ID Wetland: Estuarine Emergent,24,24,0.2811049543935005,1
Wetland: Estuarine Emergent Decay: BG Very Fast -> BG Slow,Site ID Wetland: Estuarine Emergent,42,42,0.2811049543935005,1
Wetland: Estuarine Emergent Decay: BG Very Fast -> BG Slow,Site ID Wetland: Estuarine Emergent,60,60,0.2811049543935005,1
Wetland: Estuarine Emergent Decay: BG Very Fast -> BG Slow,Site ID Wetland: Estuarine Emergent,78,78,0.2811049543935005,1
Wetland: Estuarine Emergent Decay: BG Very Fast -> BG Slow,Site ID Wetland: Estuarine Emergent,96,96,0.2811049543935005,1
Wetland: Estuarine Emergent Decay: BG Very Fast -> BG Slow,Site ID Wetland: Estuarine Emergent,114,114,0.2811049543935005,1
Wetland: Estuarine Emergent Decay: BG Very Fast -> BG Slow,Site ID Wetland: Estuarine Emergent,132,132,0.2811049543935005,1
Wetland: Estuarine Emergent Decay: BG Very Fast -> BG Slow,Site ID Wetland: Estuarine Emergent,150,150,0.2811049543935005,1
Wetland: Palustrine Emergent Decay: BG Very Fast -> BG Slow,Site ID Wetland: Palustrine Emergent,2,2,0.45623922013196416,1
Wetland: Palustrine Emergent Decay: BG Very Fast -> BG Slow,Site ID Wetland: Palustrine Emergent,8,8,0.45623922013196416,1
Wetland: Palustrine Emergent Decay: BG Very Fast -> BG Slow,Site ID Wetland: Palustrine Emergent,14,14,0.45623922013196416,1
Wetland: Estuarine Emergent Decay: BG Very Fast -> BG Slow,Site ID Wetland: Estuarine Emergent,7,7,0.14037252441466852,1
Wetland: Estuarine Emergent Decay: BG Very Fast -> BG Slow,Site ID Wetland: Estuarine Emergent,25,25,0.14037252441466852,1
Wetland: Estuarine Emergent Decay: BG Very Fast -> BG Slow,Site ID Wetland: Estuarine Emergent,43,43,0.14037252441466852,1
Wetland: Estuarine Emergent Decay: BG Very Fast -> BG Slow,Site ID Wetland: Estuarine Emergent,61,61,0.14037252441466852,1
Wetland: Estuarine Emergent Decay: BG Very Fast -> BG Slow,Site ID Wetland: Estuarine Emergent,79,79,0.14037252441466852,1
Wetland: Estuarine Emergent Decay: BG Very Fast -> BG Slow,Site ID Wetland: Estuarine Emergent,97,97,0.14037252441466852,1
Wetland: Estuarine Emergent Decay: BG Very Fast -> BG Slow,Site ID Wetland: Estuarine Emergent,115,115,0.14037252441466852,1
Wetland: Estuarine Emergent Decay: BG Very Fast -> BG Slow,Site ID Wetland: Estuarine Emergent,133,133,0.14037252441466852,1
Wetland: Estuarine Emergent Decay: BG Very Fast -> BG Slow,Site ID Wetland: Estuarine Emergent,151,151,0.14037252441466852,1
Wetland: Estuarine Emergent Decay: BG Very Fast -> BG Slow,Site ID Wetland: Estuarine Emergent,8,8,0.39276635378054187,1
Wetland: Estuarine Emergent Decay: BG Very Fast -> BG Slow,Site ID Wetland: Estuarine Emergent,26,26,0.39276635378054187,1
Wetland: Estuarine Emergent Decay: BG Very Fast -> BG Slow,Site ID Wetland: Estuarine Emergent,44,44,0.39276635378054187,1
Wetland: Estuarine Emergent Decay: BG Very Fast -> BG Slow,Site ID Wetland: Estuarine Emergent,62,62,0.39276635378054187,1
Wetland: Estuarine Emergent Decay: BG Very Fast -> BG Slow,Site ID Wetland: Estuarine Emergent,80,80,0.39276635378054187,1
Wetland: Estuarine Emergent Decay: BG Very Fast -> BG Slow,Site ID Wetland: Estuarine Emergent,98,98,0.39276635378054187,1
Wetland: Estuarine Emergent Decay: BG Very Fast -> BG Slow,Site ID Wetland: Estuarine Emergent,116,116,0.39276635378054187,1
Wetland: Estuarine Emergent Decay: BG Very Fast -> BG Slow,Site ID Wetland: Estuarine Emergent,134,134,0.39276635378054187,1
Wetland: Estuarine Emergent Decay: BG Very Fast -> BG Slow,Site ID Wetland: Estuarine Emergent,152,152,0.39276635378054187,1
Wetland: Palustrine Emergent Decay: BG Very Fast -> BG Slow,Site ID Wetland: Palustrine Emergent,3,3,0.2160008207980476,1
Wetland: Palustrine Emergent Decay: BG Very Fast -> BG Slow,Site ID Wetland: Palustrine Emergent,9,9,0.2160008207980476,1
Wetland: Palustrine Emergent Decay: BG Very Fast -> BG Slow,Site ID Wetland: Palustrine Emergent,15,15,0.2160008207980476,1
Wetland: Palustrine Emergent Decay: BG Very Fast -> BG Slow,Site ID Wetland: Palustrine Emergent,4,4,0.3503499569181037,1
Wetland: Palustrine Emergent Decay: BG Very Fast -> BG Slow,Site ID Wetland: Palustrine Emergent,10,10,0.3503499569181037,1
Wetland: Palustrine Emergent Decay: BG Very Fast -> BG Slow,Site ID Wetland: Palustrine Emergent,16,16,0.3503499569181037,1
Wetland: Estuarine Emergent Decay: BG Very Fast -> BG Slow,Site ID Wetland: Estuarine Emergent,9,9,0.23958889584507695,1
Wetland: Estuarine Emergent Decay: BG Very Fast -> BG Slow,Site ID Wetland: Estuarine Emergent,27,27,0.23958889584507695,1
Wetland: Estuarine Emergent Decay: BG Very Fast -> BG Slow,Site ID Wetland: Estuarine Emergent,45,45,0.23958889584507695,1
Wetland: Estuarine Emergent Decay: BG Very Fast -> BG Slow,Site ID Wetland: Estuarine Emergent,63,63,0.23958889584507695,1
Wetland: Estuarine Emergent Decay: BG Very Fast -> BG Slow,Site ID Wetland: Estuarine Emergent,81,81,0.23958889584507695,1
Wetland: Estuarine Emergent Decay: BG Very Fast -> BG Slow,Site ID Wetland: Estuarine Emergent,99,99,0.23958889584507695,1
Wetland: Estuarine Emergent Decay: BG Very Fast -> BG Slow,Site ID Wetland: Estuarine Emergent,117,117,0.23958889584507695,1
Wetland: Estuarine Emergent Decay: BG Very Fast -> BG Slow,Site ID Wetland: Estuarine Emergent,135,135,0.23958889584507695,1
Wetland: Estuarine Emergent Decay: BG Very Fast -> BG Slow,Site ID Wetland: Estuarine Emergent,153,153,0.23958889584507695,1
Wetland: Palustrine Emergent Decay: BG Very Fast -> BG Slow,Site ID Wetland: Palustrine Emergent,5,5,0.4512618152539974,1
Wetland: Palustrine Emergent Decay: BG Very Fast -> BG Slow,Site ID Wetland: Palustrine Emergent,11,11,0.4512618152539974,1
Wetland: Palustrine Emergent Decay: BG Very Fast -> BG Slow,Site ID Wetland: Palustrine Emergent,17,17,0.4512618152539974,1
Wetland: Estuarine Emergent Decay: BG Very Fast -> BG Slow,Site ID Wetland: Estuarine Emergent,10,10,0.4008160212261857,1
Wetland: Estuarine Emergent Decay: BG Very Fast -> BG Slow,Site ID Wetland: Estuarine Emergent,28,28,0.4008160212261857,1
Wetland: Estuarine Emergent Decay: BG Very Fast -> BG Slow,Site ID Wetland: Estuarine Emergent,46,46,0.4008160212261857,1
Wetland: Estuarine Emergent Decay: BG Very Fast -> BG Slow,Site ID Wetland: Estuarine Emergent,64,64,0.4008160212261857,1
Wetland: Estuarine Emergent Decay: BG Very Fast -> BG Slow,Site ID Wetland: Estuarine Emergent,82,82,0.4008160212261857,1
Wetland: Estuarine Emergent Decay: BG Very Fast -> BG Slow,Site ID Wetland: Estuarine Emergent,100,100,0.4008160212261857,1
Wetland: Estuarine Emergent Decay: BG Very Fast -> BG Slow,Site ID Wetland: Estuarine Emergent,118,118,0.4008160212261857,1
Wetland: Estuarine Emergent Decay: BG Very Fast -> BG Slow,Site ID Wetland: Estuarine Emergent,136,136,0.4008160212261857,1
Wetland: Estuarine Emergent Decay: BG Very Fast -> BG Slow,Site ID Wetland: Estuarine Emergent,154,154,0.4008160212261857,1
Wetland: Estuarine Emergent Decay: BG Very Fast -> BG Slow,Site ID Wetland: Estuarine Emergent,11,11,0.3684969396977546,1
Wetland: Estuarine Emergent Decay: BG Very Fast -> BG Slow,Site ID Wetland: Estuarine Emergent,29,29,0.3684969396977546,1
Wetland: Estuarine Emergent Decay: BG Very Fast -> BG Slow,Site ID Wetland: Estuarine Emergent,47,47,0.3684969396977546,1
Wetland: Estuarine Emergent Decay: BG Very Fast -> BG Slow,Site ID Wetland: Estuarine Emergent,65,65,0.3684969396977546,1
Wetland: Estuarine Emergent Decay: BG Very Fast -> BG Slow,Site ID Wetland: Estuarine Emergent,83,83,0.3684969396977546,1
Wetland: Estuarine Emergent Decay: BG Very Fast -> BG Slow,Site ID Wetland: Estuarine Emergent,101,101,0.3684969396977546,1
Wetland: Estuarine Emergent Decay: BG Very Fast -> BG Slow,Site ID Wetland: Estuarine Emergent,119,119,0.3684969396977546,1
Wetland: Estuarine Emergent Decay: BG Very Fast -> BG Slow,Site ID Wetland: Estuarine Emergent,137,137,0.3684969396977546,1
Wetland: Estuarine Emergent Decay: BG Very Fast -> BG Slow,Site ID Wetland: Estuarine Emergent,155,155,0.3684969396977546,1
Wetland: Estuarine Emergent Decay: BG Very Fast -> BG Slow,Site ID Wetland: Estuarine Emergent,12,12,0.3433401971954576,1
Wetland: Estuarine Emergent Decay: BG Very Fast -> BG Slow,Site ID Wetland: Estuarine Emergent,30,30,0.3433401971954576,1
Wetland: Estuarine Emergent Decay: BG Very Fast -> BG Slow,Site ID Wetland: Estuarine Emergent,48,48,0.3433401971954576,1
Wetland: Estuarine Emergent Decay: BG Very Fast -> BG Slow,Site ID Wetland: Estuarine Emergent,66,66,0.3433401971954576,1
Wetland: Estuarine Emergent Decay: BG Very Fast -> BG Slow,Site ID Wetland: Estuarine Emergent,84,84,0.3433401971954576,1
Wetland: Estuarine Emergent Decay: BG Very Fast -> BG Slow,Site ID Wetland: Estuarine Emergent,102,102,0.3433401971954576,1
Wetland: Estuarine Emergent Decay: BG Very Fast -> BG Slow,Site ID Wetland: Estuarine Emergent,120,120,0.3433401971954576,1
Wetland: Estuarine Emergent Decay: BG Very Fast -> BG Slow,Site ID Wetland: Estuarine Emergent,138,138,0.3433401971954576,1
Wetland: Estuarine Emergent Decay: BG Very Fast -> BG Slow,Site ID Wetland: Estuarine Emergent,156,156,0.3433401971954576,1
Wetland: Estuarine Emergent Decay: BG Very Fast -> BG Slow,Site ID Wetland: Estuarine Emergent,13,13,0.43653942223315156,1
Wetland: Estuarine Emergent Decay: BG Very Fast -> BG Slow,Site ID Wetland: Estuarine Emergent,31,31,0.43653942223315156,1
Wetland: Estuarine Emergent Decay: BG Very Fast -> BG Slow,Site ID Wetland: Estuarine Emergent,49,49,0.43653942223315156,1
Wetland: Estuarine Emergent Decay: BG Very Fast -> BG Slow,Site ID Wetland: Estuarine Emergent,67,67,0.43653942223315156,1
Wetland: Estuarine Emergent Decay: BG Very Fast -> BG Slow,Site ID Wetland: Estuarine Emergent,85,85,0.43653942223315156,1
Wetland: Estuarine Emergent Decay: BG Very Fast -> BG Slow,Site ID Wetland: Estuarine Emergent,103,103,0.43653942223315156,1
Wetland: Estuarine Emergent Decay: BG Very Fast -> BG Slow,Site ID Wetland: Estuarine Emergent,121,121,0.43653942223315156,1
Wetland: Estuarine Emergent Decay: BG Very Fast -> BG Slow,Site ID Wetland: Estuarine Emergent,139,139,0.43653942223315156,1
Wetland: Estuarine Emergent Decay: BG Very Fast -> BG Slow,Site ID Wetland: Estuarine Emergent,157,157,0.43653942223315156,1
Wetland: Palustrine Emergent Decay: BG Very Fast -> BG Slow,Site ID Wetland: Palustrine Emergent,6,6,0.4772923669071387,1
Wetland: Palustrine Emergent Decay: BG Very Fast -> BG Slow,Site ID Wetland: Palustrine Emergent,12,12,0.4772923669071387,1
Wetland: Palustrine Emergent Decay: BG Very Fast -> BG Slow,Site ID Wetland: Palustrine Emergent,18,18,0.4772923669071387,1
Wetland: Estuarine Emergent Decay: BG Very Fast -> BG Slow,Site ID Wetland: Estuarine Emergent,14,14,0.34929233957010325,1
Wetland: Estuarine Emergent Decay: BG Very Fast -> BG Slow,Site ID Wetland: Estuarine Emergent,32,32,0.34929233957010325,1
Wetland: Estuarine Emergent Decay: BG Very Fast -> BG Slow,Site ID Wetland: Estuarine Emergent,50,50,0.34929233957010325,1
Wetland: Estuarine Emergent Decay: BG Very Fast -> BG Slow,Site ID Wetland: Estuarine Emergent,68,68,0.34929233957010325,1
Wetland: Estuarine Emergent Decay: BG Very Fast -> BG Slow,Site ID Wetland: Estuarine Emergent,86,86,0.34929233957010325,1
Wetland: Estuarine Emergent Decay: BG Very Fast -> BG Slow,Site ID Wetland: Estuarine Emergent,104,104,0.34929233957010325,1
Wetland: Estuarine Emergent Decay: BG Very Fast -> BG Slow,Site ID Wetland: Estuarine Emergent,122,122,0.34929233957010325,1
Wetland: Estuarine Emergent Decay: BG Very Fast -> BG Slow,Site ID Wetland: Estuarine Emergent,140,140,0.34929233957010325,1
Wetland: Estuarine Emergent Decay: BG Very Fast -> BG Slow,Site ID Wetland: Estuarine Emergent,158,158,0.34929233957010325,1
Wetland: Estuarine Emergent Decay: BG Very Fast -> BG Slow,Site ID Wetland: Estuarine Emergent,15,15,0.46888442905655914,1
Wetland: Estuarine Emergent Decay: BG Very Fast -> BG Slow,Site ID Wetland: Estuarine Emergent,33,33,0.46888442905655914,1
Wetland: Estuarine Emergent Decay: BG Very Fast -> BG Slow,Site ID Wetland: Estuarine Emergent,51,51,0.46888442905655914,1
Wetland: Estuarine Emergent Decay: BG Very Fast -> BG Slow,Site ID Wetland: Estuarine Emergent,69,69,0.46888442905655914,1
Wetland: Estuarine Emergent Decay: BG Very Fast -> BG Slow,Site ID Wetland: Estuarine Emergent,87,87,0.46888442905655914,1
Wetland: Estuarine Emergent Decay: BG Very Fast -> BG Slow,Site ID Wetland: Estuarine Emergent,105,105,0.46888442905655914,1
Wetland: Estuarine Emergent Decay: BG Very Fast -> BG Slow,Site ID Wetland: Estuarine Emergent,123,123,0.46888442905655914,1
Wetland: Estuarine Emergent Decay: BG Very Fast -> BG Slow,Site ID Wetland: Estuarine Emergent,141,141,0.46888442905655914,1
Wetland: Estuarine Emergent Decay: BG Very Fast -> BG Slow,Site ID Wetland: Estuarine Emergent,159,159,0.46888442905655914,1
Wetland: Estuarine Emergent Decay: BG Very Fast -> BG Slow,Site ID Wetland: Estuarine Emergent,16,16,0.13144566471744704,1
Wetland: Estuarine Emergent Decay: BG Very Fast -> BG Slow,Site ID Wetland: Estuarine Emergent,34,34,0.13144566471744704,1
Wetland: Estuarine Emergent Decay: BG Very Fast -> BG Slow,Site ID Wetland: Estuarine Emergent,52,52,0.13144566471744704,1
Wetland: Estuarine Emergent Decay: BG Very Fast -> BG Slow,Site ID Wetland: Estuarine Emergent,70,70,0.13144566471744704,1
Wetland: Estuarine Emergent Decay: BG Very Fast -> BG Slow,Site ID Wetland: Estuarine Emergent,88,88,0.13144566471744704,1
Wetland: Estuarine Emergent Decay: BG Very Fast -> BG Slow,Site ID Wetland: Estuarine Emergent,106,106,0.13144566471744704,1
Wetland: Estuarine Emergent Decay: BG Very Fast -> BG Slow,Site ID Wetland: Estuarine Emergent,124,124,0.13144566471744704,1
Wetland: Estuarine Emergent Decay: BG Very Fast -> BG Slow,Site ID Wetland: Estuarine Emergent,142,142,0.13144566471744704,1
Wetland: Estuarine Emergent Decay: BG Very Fast -> BG Slow,Site ID Wetland: Estuarine Emergent,160,160,0.13144566471744704,1
Wetland: Estuarine Emergent Decay: BG Very Fast -> BG Slow,Site ID Wetland: Estuarine Emergent,17,17,0.27621204581289627,1
Wetland: Estuarine Emergent Decay: BG Very Fast -> BG Slow,Site ID Wetland: Estuarine Emergent,35,35,0.27621204581289627,1
Wetland: Estuarine Emergent Decay: BG Very Fast -> BG Slow,Site ID Wetland: Estuarine Emergent,53,53,0.27621204581289627,1
Wetland: Estuarine Emergent Decay: BG Very Fast -> BG Slow,Site ID Wetland: Estuarine Emergent,71,71,0.27621204581289627,1
Wetland: Estuarine Emergent Decay: BG Very Fast -> BG Slow,Site ID Wetland: Estuarine Emergent,89,89,0.27621204581289627,1
Wetland: Estuarine Emergent Decay: BG Very Fast -> BG Slow,Site ID Wetland: Estuarine Emergent,107,107,0.27621204581289627,1
Wetland: Estuarine Emergent Decay: BG Very Fast -> BG Slow,Site ID Wetland: Estuarine Emergent,125,125,0.27621204581289627,1
Wetland: Estuarine Emergent Decay: BG Very Fast -> BG Slow,Site ID Wetland: Estuarine Emergent,143,143,0.27621204581289627,1
Wetland: Estuarine Emergent Decay: BG Very Fast -> BG Slow,Site ID Wetland: Estuarine Emergent,161,161,0.27621204581289627,1
Wetland: Estuarine Emergent Decay: BG Very Fast -> BG Slow,Site ID Wetland: Estuarine Emergent,18,18,0.29583098305257927,1
Wetland: Estuarine Emergent Decay: BG Very Fast -> BG Slow,Site ID Wetland: Estuarine Emergent,36,36,0.29583098305257927,1
Wetland: Estuarine Emergent Decay: BG Very Fast -> BG Slow,Site ID Wetland: Estuarine Emergent,54,54,0.29583098305257927,1
Wetland: Estuarine Emergent Decay: BG Very Fast -> BG Slow,Site ID Wetland: Estuarine Emergent,72,72,0.29583098305257927,1
Wetland: Estuarine Emergent Decay: BG Very Fast -> BG Slow,Site ID Wetland: Estuarine Emergent,90,90,0.29583098305257927,1
Wetland: Estuarine Emergent Decay: BG Very Fast -> BG Slow,Site ID Wetland: Estuarine Emergent,108,108,0.29583098305257927,1
Wetland: Estuarine Emergent Decay: BG Very Fast -> BG Slow,Site ID Wetland: Estuarine Emergent,126,126,0.29583098305257927,1
Wetland: Estuarine Emergent Decay: BG Very Fast -> BG Slow,Site ID Wetland: Estuarine Emergent,144,144,0.29583098305257927,1
Wetland: Estuarine Emergent Decay: BG Very Fast -> BG Slow,Site ID Wetland: Estuarine Emergent,162,162,0.29583098305257927,1
Wetland: Estuarine Emergent Stabilization: BG Slow -> Deep Soil,Site ID Wetland: Estuarine Emergent,1,1,0.0044393390118786175,1
Wetland: Estuarine Emergent Stabilization: BG Slow -> Deep Soil,Site ID Wetland: Estuarine Emergent,19,19,0.0044393390118786175,1
Wetland: Estuarine Emergent Stabilization: BG Slow -> Deep Soil,Site ID Wetland: Estuarine Emergent,37,37,0.0044393390118786175,1
Wetland: Estuarine Emergent Stabilization: BG Slow -> Deep Soil,Site ID Wetland: Estuarine Emergent,55,55,0.0044393390118786175,1
Wetland: Estuarine Emergent Stabilization: BG Slow -> Deep Soil,Site ID Wetland: Estuarine Emergent,73,73,0.0044393390118786175,1
Wetland: Estuarine Emergent Stabilization: BG Slow -> Deep Soil,Site ID Wetland: Estuarine Emergent,91,91,0.0044393390118786175,1
Wetland: Estuarine Emergent Stabilization: BG Slow -> Deep Soil,Site ID Wetland: Estuarine Emergent,109,109,0.0044393390118786175,1
Wetland: Estuarine Emergent Stabilization: BG Slow -> Deep Soil,Site ID Wetland: Estuarine Emergent,127,127,0.0044393390118786175,1
Wetland: Estuarine Emergent Stabilization: BG Slow -> Deep Soil,Site ID Wetland: Estuarine Emergent,145,145,0.0044393390118786175,1
Wetland: Estuarine Emergent Stabilization: BG Slow -> Deep Soil,Site ID Wetland: Estuarine Emergent,2,2,0.003463754874988485,1
Wetland: Estuarine Emergent Stabilization: BG Slow -> Deep Soil,Site ID Wetland: Estuarine Emergent,20,20,0.003463754874988485,1
Wetland: Estuarine Emergent Stabilization: BG Slow -> Deep Soil,Site ID Wetland: Estuarine Emergent,38,38,0.003463754874988485,1
Wetland: Estuarine Emergent Stabilization: BG Slow -> Deep Soil,Site ID Wetland: Estuarine Emergent,56,56,0.003463754874988485,1
Wetland: Estuarine Emergent Stabilization: BG Slow -> Deep Soil,Site ID Wetland: Estuarine Emergent,74,74,0.003463754874988485,1
Wetland: Estuarine Emergent Stabilization: BG Slow -> Deep Soil,Site ID Wetland: Estuarine Emergent,92,92,0.003463754874988485,1
Wetland: Estuarine Emergent Stabilization: BG Slow -> Deep Soil,Site ID Wetland: Estuarine Emergent,110,110,0.003463754874988485,1
Wetland: Estuarine Emergent Stabilization: BG Slow -> Deep Soil,Site ID Wetland: Estuarine Emergent,128,128,0.003463754874988485,1
Wetland: Estuarine Emergent Stabilization: BG Slow -> Deep Soil,Site ID Wetland: Estuarine Emergent,146,146,0.003463754874988485,1
Wetland: Palustrine Emergent Stabilization: BG Slow -> Deep Soil,Site ID Wetland: Palustrine Emergent,1,1,0.0038888624484657215,1
Wetland: Palustrine Emergent Stabilization: BG Slow -> Deep Soil,Site ID Wetland: Palustrine Emergent,7,7,0.0038888624484657215,1
Wetland: Palustrine Emergent Stabilization: BG Slow -> Deep Soil,Site ID Wetland: Palustrine Emergent,13,13,0.0038888624484657215,1
Wetland: Estuarine Emergent Stabilization: BG Slow -> Deep Soil,Site ID Wetland: Estuarine Emergent,3,3,0.004199896862877021,1
Wetland: Estuarine Emergent Stabilization: BG Slow -> Deep Soil,Site ID Wetland: Estuarine Emergent,21,21,0.004199896862877021,1
Wetland: Estuarine Emergent Stabilization: BG Slow -> Deep Soil,Site ID Wetland: Estuarine Emergent,39,39,0.004199896862877021,1
Wetland: Estuarine Emergent Stabilization: BG Slow -> Deep Soil,Site ID Wetland: Estuarine Emergent,57,57,0.004199896862877021,1
Wetland: Estuarine Emergent Stabilization: BG Slow -> Deep Soil,Site ID Wetland: Estuarine Emergent,75,75,0.004199896862877021,1
Wetland: Estuarine Emergent Stabilization: BG Slow -> Deep Soil,Site ID Wetland: Estuarine Emergent,93,93,0.004199896862877021,1
Wetland: Estuarine Emergent Stabilization: BG Slow -> Deep Soil,Site ID Wetland: Estuarine Emergent,111,111,0.004199896862877021,1
Wetland: Estuarine Emergent Stabilization: BG Slow -> Deep Soil,Site ID Wetland: Estuarine Emergent,129,129,0.004199896862877021,1
Wetland: Estuarine Emergent Stabilization: BG Slow -> Deep Soil,Site ID Wetland: Estuarine Emergent,147,147,0.004199896862877021,1
Wetland: Estuarine Emergent Stabilization: BG Slow -> Deep Soil,Site ID Wetland: Estuarine Emergent,4,4,0.00385429895871818,1
Wetland: Estuarine Emergent Stabilization: BG Slow -> Deep Soil,Site ID Wetland: Estuarine Emergent,22,22,0.00385429895871818,1
Wetland: Estuarine Emergent Stabilization: BG Slow -> Deep Soil,Site ID Wetland: Estuarine Emergent,40,40,0.00385429895871818,1
Wetland: Estuarine Emergent Stabilization: BG Slow -> Deep Soil,Site ID Wetland: Estuarine Emergent,58,58,0.00385429895871818,1
Wetland: Estuarine Emergent Stabilization: BG Slow -> Deep Soil,Site ID Wetland: Estuarine Emergent,76,76,0.00385429895871818,1
Wetland: Estuarine Emergent Stabilization: BG Slow -> Deep Soil,Site ID Wetland: Estuarine Emergent,94,94,0.00385429895871818,1
Wetland: Estuarine Emergent Stabilization: BG Slow -> Deep Soil,Site ID Wetland: Estuarine Emergent,112,112,0.00385429895871818,1
Wetland: Estuarine Emergent Stabilization: BG Slow -> Deep Soil,Site ID Wetland: Estuarine Emergent,130,130,0.00385429895871818,1
Wetland: Estuarine Emergent Stabilization: BG Slow -> Deep Soil,Site ID Wetland: Estuarine Emergent,148,148,0.00385429895871818,1
Wetland: Estuarine Emergent Stabilization: BG Slow -> Deep Soil,Site ID Wetland: Estuarine Emergent,5,5,0.003372392062149026,1
Wetland: Estuarine Emergent Stabilization: BG Slow -> Deep Soil,Site ID Wetland: Estuarine Emergent,23,23,0.003372392062149026,1
Wetland: Estuarine Emergent Stabilization: BG Slow -> Deep Soil,Site ID Wetland: Estuarine Emergent,41,41,0.003372392062149026,1
Wetland: Estuarine Emergent Stabilization: BG Slow -> Deep Soil,Site ID Wetland: Estuarine Emergent,59,59,0.003372392062149026,1
Wetland: Estuarine Emergent Stabilization: BG Slow -> Deep Soil,Site ID Wetland: Estuarine Emergent,77,77,0.003372392062149026,1
Wetland: Estuarine Emergent Stabilization: BG Slow -> Deep Soil,Site ID Wetland: Estuarine Emergent,95,95,0.003372392062149026,1
Wetland: Estuarine Emergent Stabilization: BG Slow -> Deep Soil,Site ID Wetland: Estuarine Emergent,113,113,0.003372392062149026,1
Wetland: Estuarine Emergent Stabilization: BG Slow -> Deep Soil,Site ID Wetland: Estuarine Emergent,131,131,0.003372392062149026,1
Wetland: Estuarine Emergent Stabilization: BG Slow -> Deep Soil,Site ID Wetland: Estuarine Emergent,149,149,0.003372392062149026,1
Wetland: Estuarine Emergent Stabilization: BG Slow -> Deep Soil,Site ID Wetland: Estuarine Emergent,6,6,0.007076582924377334,1
Wetland: Estuarine Emergent Stabilization: BG Slow -> Deep Soil,Site ID Wetland: Estuarine Emergent,24,24,0.007076582924377334,1
Wetland: Estuarine Emergent Stabilization: BG Slow -> Deep Soil,Site ID Wetland: Estuarine Emergent,42,42,0.007076582924377334,1
Wetland: Estuarine Emergent Stabilization: BG Slow -> Deep Soil,Site ID Wetland: Estuarine Emergent,60,60,0.007076582924377334,1
Wetland: Estuarine Emergent Stabilization: BG Slow -> Deep Soil,Site ID Wetland: Estuarine Emergent,78,78,0.007076582924377334,1
Wetland: Estuarine Emergent Stabilization: BG Slow -> Deep Soil,Site ID Wetland: Estuarine Emergent,96,96,0.007076582924377334,1
Wetland: Estuarine Emergent Stabilization: BG Slow -> Deep Soil,Site ID Wetland: Estuarine Emergent,114,114,0.007076582924377334,1
Wetland: Estuarine Emergent Stabilization: BG Slow -> Deep Soil,Site ID Wetland: Estuarine Emergent,132,132,0.007076582924377334,1
Wetland: Estuarine Emergent Stabilization: BG Slow -> Deep Soil,Site ID Wetland: Estuarine Emergent,150,150,0.007076582924377334,1
Wetland: Palustrine Emergent Stabilization: BG Slow -> Deep Soil,Site ID Wetland: Palustrine Emergent,2,2,0.0038866878065299767,1
Wetland: Palustrine Emergent Stabilization: BG Slow -> Deep Soil,Site ID Wetland: Palustrine Emergent,8,8,0.0038866878065299767,1
Wetland: Palustrine Emergent Stabilization: BG Slow -> Deep Soil,Site ID Wetland: Palustrine Emergent,14,14,0.0038866878065299767,1
Wetland: Estuarine Emergent Stabilization: BG Slow -> Deep Soil,Site ID Wetland: Estuarine Emergent,7,7,0.0061442331775761645,1
Wetland: Estuarine Emergent Stabilization: BG Slow -> Deep Soil,Site ID Wetland: Estuarine Emergent,25,25,0.0061442331775761645,1
Wetland: Estuarine Emergent Stabilization: BG Slow -> Deep Soil,Site ID Wetland: Estuarine Emergent,43,43,0.0061442331775761645,1
Wetland: Estuarine Emergent Stabilization: BG Slow -> Deep Soil,Site ID Wetland: Estuarine Emergent,61,61,0.0061442331775761645,1
Wetland: Estuarine Emergent Stabilization: BG Slow -> Deep Soil,Site ID Wetland: Estuarine Emergent,79,79,0.0061442331775761645,1
Wetland: Estuarine Emergent Stabilization: BG Slow -> Deep Soil,Site ID Wetland: Estuarine Emergent,97,97,0.0061442331775761645,1
Wetland: Estuarine Emergent Stabilization: BG Slow -> Deep Soil,Site ID Wetland: Estuarine Emergent,115,115,0.0061442331775761645,1
Wetland: Estuarine Emergent Stabilization: BG Slow -> Deep Soil,Site ID Wetland: Estuarine Emergent,133,133,0.0061442331775761645,1
Wetland: Estuarine Emergent Stabilization: BG Slow -> Deep Soil,Site ID Wetland: Estuarine Emergent,151,151,0.0061442331775761645,1
Wetland: Estuarine Emergent Stabilization: BG Slow -> Deep Soil,Site ID Wetland: Estuarine Emergent,8,8,0.006747858172263209,1
Wetland: Estuarine Emergent Stabilization: BG Slow -> Deep Soil,Site ID Wetland: Estuarine Emergent,26,26,0.006747858172263209,1
Wetland: Estuarine Emergent Stabilization: BG Slow -> Deep Soil,Site ID Wetland: Estuarine Emergent,44,44,0.006747858172263209,1
Wetland: Estuarine Emergent Stabilization: BG Slow -> Deep Soil,Site ID Wetland: Estuarine Emergent,62,62,0.006747858172263209,1
Wetland: Estuarine Emergent Stabilization: BG Slow -> Deep Soil,Site ID Wetland: Estuarine Emergent,80,80,0.006747858172263209,1
Wetland: Estuarine Emergent Stabilization: BG Slow -> Deep Soil,Site ID Wetland: Estuarine Emergent,98,98,0.006747858172263209,1
Wetland: Estuarine Emergent Stabilization: BG Slow -> Deep Soil,Site ID Wetland: Estuarine Emergent,116,116,0.006747858172263209,1
Wetland: Estuarine Emergent Stabilization: BG Slow -> Deep Soil,Site ID Wetland: Estuarine Emergent,134,134,0.006747858172263209,1
Wetland: Estuarine Emergent Stabilization: BG Slow -> Deep Soil,Site ID Wetland: Estuarine Emergent,152,152,0.006747858172263209,1
Wetland: Palustrine Emergent Stabilization: BG Slow -> Deep Soil,Site ID Wetland: Palustrine Emergent,3,3,0.0040766347298426524,1
Wetland: Palustrine Emergent Stabilization: BG Slow -> Deep Soil,Site ID Wetland: Palustrine Emergent,9,9,0.0040766347298426524,1
Wetland: Palustrine Emergent Stabilization: BG Slow -> Deep Soil,Site ID Wetland: Palustrine Emergent,15,15,0.0040766347298426524,1
Wetland: Palustrine Emergent Stabilization: BG Slow -> Deep Soil,Site ID Wetland: Palustrine Emergent,4,4,0.0022721478342369915,1
Wetland: Palustrine Emergent Stabilization: BG Slow -> Deep Soil,Site ID Wetland: Palustrine Emergent,10,10,0.0022721478342369915,1
Wetland: Palustrine Emergent Stabilization: BG Slow -> Deep Soil,Site ID Wetland: Palustrine Emergent,16,16,0.0022721478342369915,1
Wetland: Estuarine Emergent Stabilization: BG Slow -> Deep Soil,Site ID Wetland: Estuarine Emergent,9,9,0.005508714100484825,1
Wetland: Estuarine Emergent Stabilization: BG Slow -> Deep Soil,Site ID Wetland: Estuarine Emergent,27,27,0.005508714100484825,1
Wetland: Estuarine Emergent Stabilization: BG Slow -> Deep Soil,Site ID Wetland: Estuarine Emergent,45,45,0.005508714100484825,1
Wetland: Estuarine Emergent Stabilization: BG Slow -> Deep Soil,Site ID Wetland: Estuarine Emergent,63,63,0.005508714100484825,1
Wetland: Estuarine Emergent Stabilization: BG Slow -> Deep Soil,Site ID Wetland: Estuarine Emergent,81,81,0.005508714100484825,1
Wetland: Estuarine Emergent Stabilization: BG Slow -> Deep Soil,Site ID Wetland: Estuarine Emergent,99,99,0.005508714100484825,1
Wetland: Estuarine Emergent Stabilization: BG Slow -> Deep Soil,Site ID Wetland: Estuarine Emergent,117,117,0.005508714100484825,1
Wetland: Estuarine Emergent Stabilization: BG Slow -> Deep Soil,Site ID Wetland: Estuarine Emergent,135,135,0.005508714100484825,1
Wetland: Estuarine Emergent Stabilization: BG Slow -> Deep Soil,Site ID Wetland: Estuarine Emergent,153,153,0.005508714100484825,1
Wetland: Palustrine Emergent Stabilization: BG Slow -> Deep Soil,Site ID Wetland: Palustrine Emergent,5,5,0.002495051971111305,1
Wetland: Palustrine Emergent Stabilization: BG Slow -> Deep Soil,Site ID Wetland: Palustrine Emergent,11,11,0.002495051971111305,1
Wetland: Palustrine Emergent Stabilization: BG Slow -> Deep Soil,Site ID Wetland: Palustrine Emergent,17,17,0.002495051971111305,1
Wetland: Estuarine Emergent Stabilization: BG Slow -> Deep Soil,Site ID Wetland: Estuarine Emergent,10,10,0.0013741944829956118,1
Wetland: Estuarine Emergent Stabilization: BG Slow -> Deep Soil,Site ID Wetland: Estuarine Emergent,28,28,0.0013741944829956118,1
Wetland: Estuarine Emergent Stabilization: BG Slow -> Deep Soil,Site ID Wetland: Estuarine Emergent,46,46,0.0013741944829956118,1
Wetland: Estuarine Emergent Stabilization: BG Slow -> Deep Soil,Site ID Wetland: Estuarine Emergent,64,64,0.0013741944829956118,1
Wetland: Estuarine Emergent Stabilization: BG Slow -> Deep Soil,Site ID Wetland: Estuarine Emergent,82,82,0.0013741944829956118,1
Wetland: Estuarine Emergent Stabilization: BG Slow -> Deep Soil,Site ID Wetland: Estuarine Emergent,100,100,0.0013741944829956118,1
Wetland: Estuarine Emergent Stabilization: BG Slow -> Deep Soil,Site ID Wetland: Estuarine Emergent,118,118,0.0013741944829956118,1
Wetland: Estuarine Emergent Stabilization: BG Slow -> Deep Soil,Site ID Wetland: Estuarine Emergent,136,136,0.0013741944829956118,1
Wetland: Estuarine Emergent Stabilization: BG Slow -> Deep Soil,Site ID Wetland: Estuarine Emergent,154,154,0.0013741944829956118,1
Wetland: Estuarine Emergent Stabilization: BG Slow -> Deep Soil,Site ID Wetland: Estuarine Emergent,11,11,0.00797708010939412,1
Wetland: Estuarine Emergent Stabilization: BG Slow -> Deep Soil,Site ID Wetland: Estuarine Emergent,29,29,0.00797708010939412,1
Wetland: Estuarine Emergent Stabilization: BG Slow -> Deep Soil,Site ID Wetland: Estuarine Emergent,47,47,0.00797708010939412,1
Wetland: Estuarine Emergent Stabilization: BG Slow -> Deep Soil,Site ID Wetland: Estuarine Emergent,65,65,0.00797708010939412,1
Wetland: Estuarine Emergent Stabilization: BG Slow -> Deep Soil,Site ID Wetland: Estuarine Emergent,83,83,0.00797708010939412,1
Wetland: Estuarine Emergent Stabilization: BG Slow -> Deep Soil,Site ID Wetland: Estuarine Emergent,101,101,0.00797708010939412,1
Wetland: Estuarine Emergent Stabilization: BG Slow -> Deep Soil,Site ID Wetland: Estuarine Emergent,119,119,0.00797708010939412,1
Wetland: Estuarine Emergent Stabilization: BG Slow -> Deep Soil,Site ID Wetland: Estuarine Emergent,137,137,0.00797708010939412,1
Wetland: Estuarine Emergent Stabilization: BG Slow -> Deep Soil,Site ID Wetland: Estuarine Emergent,155,155,0.00797708010939412,1
Wetland: Estuarine Emergent Stabilization: BG Slow -> Deep Soil,Site ID Wetland: Estuarine Emergent,12,12,0.009807107164935979,1
Wetland: Estuarine Emergent Stabilization: BG Slow -> Deep Soil,Site ID Wetland: Estuarine Emergent,30,30,0.009807107164935979,1
Wetland: Estuarine Emergent Stabilization: BG Slow -> Deep Soil,Site ID Wetland: Estuarine Emergent,48,48,0.009807107164935979,1
Wetland: Estuarine Emergent Stabilization: BG Slow -> Deep Soil,Site ID Wetland: Estuarine Emergent,66,66,0.009807107164935979,1
Wetland: Estuarine Emergent Stabilization: BG Slow -> Deep Soil,Site ID Wetland: Estuarine Emergent,84,84,0.009807107164935979,1
Wetland: Estuarine Emergent Stabilization: BG Slow -> Deep Soil,Site ID Wetland: Estuarine Emergent,102,102,0.009807107164935979,1
Wetland: Estuarine Emergent Stabilization: BG Slow -> Deep Soil,Site ID Wetland: Estuarine Emergent,120,120,0.009807107164935979,1
Wetland: Estuarine Emergent Stabilization: BG Slow -> Deep Soil,Site ID Wetland: Estuarine Emergent,138,138,0.009807107164935979,1
Wetland: Estuarine Emergent Stabilization: BG Slow -> Deep Soil,Site ID Wetland: Estuarine Emergent,156,156,0.009807107164935979,1
Wetland: Estuarine Emergent Stabilization: BG Slow -> Deep Soil,Site ID Wetland: Estuarine Emergent,13,13,0.006880550188484851,1
Wetland: Estuarine Emergent Stabilization: BG Slow -> Deep Soil,Site ID Wetland: Estuarine Emergent,31,31,0.006880550188484851,1
Wetland: Estuarine Emergent Stabilization: BG Slow -> Deep Soil,Site ID Wetland: Estuarine Emergent,49,49,0.006880550188484851,1
Wetland: Estuarine Emergent Stabilization: BG Slow -> Deep Soil,Site ID Wetland: Estuarine Emergent,67,67,0.006880550188484851,1
Wetland: Estuarine Emergent Stabilization: BG Slow -> Deep Soil,Site ID Wetland: Estuarine Emergent,85,85,0.006880550188484851,1
Wetland: Estuarine Emergent Stabilization: BG Slow -> Deep Soil,Site ID Wetland: Estuarine Emergent,103,103,0.006880550188484851,1
Wetland: Estuarine Emergent Stabilization: BG Slow -> Deep Soil,Site ID Wetland: Estuarine Emergent,121,121,0.006880550188484851,1
Wetland: Estuarine Emergent Stabilization: BG Slow -> Deep Soil,Site ID Wetland: Estuarine Emergent,139,139,0.006880550188484851,1
Wetland: Estuarine Emergent Stabilization: BG Slow -> Deep Soil,Site ID Wetland: Estuarine Emergent,157,157,0.006880550188484851,1
Wetland: Palustrine Emergent Stabilization: BG Slow -> Deep Soil,Site ID Wetland: Palustrine Emergent,6,6,0.0029935469698393704,1
Wetland: Palustrine Emergent Stabilization: BG Slow -> Deep Soil,Site ID Wetland: Palustrine Emergent,12,12,0.0029935469698393704,1
Wetland: Palustrine Emergent Stabilization: BG Slow -> Deep Soil,Site ID Wetland: Palustrine Emergent,18,18,0.0029935469698393704,1
Wetland: Estuarine Emergent Stabilization: BG Slow -> Deep Soil,Site ID Wetland: Estuarine Emergent,14,14,0.007703011616441664,1
Wetland: Estuarine Emergent Stabilization: BG Slow -> Deep Soil,Site ID Wetland: Estuarine Emergent,32,32,0.007703011616441664,1
Wetland: Estuarine Emergent Stabilization: BG Slow -> Deep Soil,Site ID Wetland: Estuarine Emergent,50,50,0.007703011616441664,1
Wetland: Estuarine Emergent Stabilization: BG Slow -> Deep Soil,Site ID Wetland: Estuarine Emergent,68,68,0.007703011616441664,1
Wetland: Estuarine Emergent Stabilization: BG Slow -> Deep Soil,Site ID Wetland: Estuarine Emergent,86,86,0.007703011616441664,1
Wetland: Estuarine Emergent Stabilization: BG Slow -> Deep Soil,Site ID Wetland: Estuarine Emergent,104,104,0.007703011616441664,1
Wetland: Estuarine Emergent Stabilization: BG Slow -> Deep Soil,Site ID Wetland: Estuarine Emergent,122,122,0.007703011616441664,1
Wetland: Estuarine Emergent Stabilization: BG Slow -> Deep Soil,Site ID Wetland: Estuarine Emergent,140,140,0.007703011616441664,1
Wetland: Estuarine Emergent Stabilization: BG Slow -> Deep Soil,Site ID Wetland: Estuarine Emergent,158,158,0.007703011616441664,1
Wetland: Estuarine Emergent Stabilization: BG Slow -> Deep Soil,Site ID Wetland: Estuarine Emergent,15,15,0.0060769682451227765,1
Wetland: Estuarine Emergent Stabilization: BG Slow -> Deep Soil,Site ID Wetland: Estuarine Emergent,33,33,0.0060769682451227765,1
Wetland: Estuarine Emergent Stabilization: BG Slow -> Deep Soil,Site ID Wetland: Estuarine Emergent,51,51,0.0060769682451227765,1
Wetland: Estuarine Emergent Stabilization: BG Slow -> Deep Soil,Site ID Wetland: Estuarine Emergent,69,69,0.0060769682451227765,1
Wetland: Estuarine Emergent Stabilization: BG Slow -> Deep Soil,Site ID Wetland: Estuarine Emergent,87,87,0.0060769682451227765,1
Wetland: Estuarine Emergent Stabilization: BG Slow -> Deep Soil,Site ID Wetland: Estuarine Emergent,105,105,0.0060769682451227765,1
Wetland: Estuarine Emergent Stabilization: BG Slow -> Deep Soil,Site ID Wetland: Estuarine Emergent,123,123,0.0060769682451227765,1
Wetland: Estuarine Emergent Stabilization: BG Slow -> Deep Soil,Site ID Wetland: Estuarine Emergent,141,141,0.0060769682451227765,1
Wetland: Estuarine Emergent Stabilization: BG Slow -> Deep Soil,Site ID Wetland: Estuarine Emergent,159,159,0.0060769682451227765,1
Wetland: Estuarine Emergent Stabilization: BG Slow -> Deep Soil,Site ID Wetland: Estuarine Emergent,16,16,0.005121154321039336,1
Wetland: Estuarine Emergent Stabilization: BG Slow -> Deep Soil,Site ID Wetland: Estuarine Emergent,34,34,0.005121154321039336,1
Wetland: Estuarine Emergent Stabilization: BG Slow -> Deep Soil,Site ID Wetland: Estuarine Emergent,52,52,0.005121154321039336,1
Wetland: Estuarine Emergent Stabilization: BG Slow -> Deep Soil,Site ID Wetland: Estuarine Emergent,70,70,0.005121154321039336,1
Wetland: Estuarine Emergent Stabilization: BG Slow -> Deep Soil,Site ID Wetland: Estuarine Emergent,88,88,0.005121154321039336,1
Wetland: Estuarine Emergent Stabilization: BG Slow -> Deep Soil,Site ID Wetland: Estuarine Emergent,106,106,0.005121154321039336,1
Wetland: Estuarine Emergent Stabilization: BG Slow -> Deep Soil,Site ID Wetland: Estuarine Emergent,124,124,0.005121154321039336,1
Wetland: Estuarine Emergent Stabilization: BG Slow -> Deep Soil,Site ID Wetland: Estuarine Emergent,142,142,0.005121154321039336,1
Wetland: Estuarine Emergent Stabilization: BG Slow -> Deep Soil,Site ID Wetland: Estuarine Emergent,160,160,0.005121154321039336,1
Wetland: Estuarine Emergent Stabilization: BG Slow -> Deep Soil,Site ID Wetland: Estuarine Emergent,17,17,0.006795362376667684,1
Wetland: Estuarine Emergent Stabilization: BG Slow -> Deep Soil,Site ID Wetland: Estuarine Emergent,35,35,0.006795362376667684,1
Wetland: Estuarine Emergent Stabilization: BG Slow -> Deep Soil,Site ID Wetland: Estuarine Emergent,53,53,0.006795362376667684,1
Wetland: Estuarine Emergent Stabilization: BG Slow -> Deep Soil,Site ID Wetland: Estuarine Emergent,71,71,0.006795362376667684,1
Wetland: Estuarine Emergent Stabilization: BG Slow -> Deep Soil,Site ID Wetland: Estuarine Emergent,89,89,0.006795362376667684,1
Wetland: Estuarine Emergent Stabilization: BG Slow -> Deep Soil,Site ID Wetland: Estuarine Emergent,107,107,0.006795362376667684,1
Wetland: Estuarine Emergent Stabilization: BG Slow -> Deep Soil,Site ID Wetland: Estuarine Emergent,125,125,0.006795362376667684,1
Wetland: Estuarine Emergent Stabilization: BG Slow -> Deep Soil,Site ID Wetland: Estuarine Emergent,143,143,0.006795362376667684,1
Wetland: Estuarine Emergent Stabilization: BG Slow -> Deep Soil,Site ID Wetland: Estuarine Emergent,161,161,0.006795362376667684,1
Wetland: Estuarine Emergent Stabilization: BG Slow -> Deep Soil,Site ID Wetland: Estuarine Emergent,18,18,0.011837970340522643,1
Wetland: Estuarine Emergent Stabilization: BG Slow -> Deep Soil,Site ID Wetland: Estuarine Emergent,36,36,0.011837970340522643,1
Wetland: Estuarine Emergent Stabilization: BG Slow -> Deep Soil,Site ID Wetland: Estuarine Emergent,54,54,0.011837970340522643,1
Wetland: Estuarine Emergent Stabilization: BG Slow -> Deep Soil,Site ID Wetland: Estuarine Emergent,72,72,0.011837970340522643,1
Wetland: Estuarine Emergent Stabilization: BG Slow -> Deep Soil,Site ID Wetland: Estuarine Emergent,90,90,0.011837970340522643,1
Wetland: Estuarine Emergent Stabilization: BG Slow -> Deep Soil,Site ID Wetland: Estuarine Emergent,108,108,0.011837970340522643,1
Wetland: Estuarine Emergent Stabilization: BG Slow -> Deep Soil,Site ID Wetland: Estuarine Emergent,126,126,0.011837970340522643,1
Wetland: Estuarine Emergent Stabilization: BG Slow -> Deep Soil,Site ID Wetland: Estuarine Emergent,144,144,0.011837970340522643,1
Wetland: Estuarine Emergent Stabilization: BG Slow -> Deep Soil,Site ID Wetland: Estuarine Emergent,162,162,0.011837970340522643,1
